Election ,JURISDICTION,City/District #,Position_Type,Number_of_Muslims,Impact,Vote_Difference,Name_1,Votes_1,Name_2,Votes_2
General_2023,City Council,ABERDEEN,Pos. 1,11,< 25%,255,Melvin Taylor,263,Write-In,8
General_2023,City Council,ABERDEEN,Pos. 12,11,< 25%,50,Sydney Newbill,235,Bessie Jones,185
General_2023,City Council,ABERDEEN,Pos. 3,11,< 25%,218,David Gakin,228,Write-In,10
General_2023,City Council,ABERDEEN,Pos. 7,11,< 25%,275,Stan Sidor,530,Glenn Meissner,255
General_2023,City Council,ABERDEEN,Pos. 8,11,< 25%,486,Deb Hodgkin,505,Write-In,19
General_2023,City Council,ABERDEEN,Pos. 6,11,> 50%,9,Scott Prato,239,Norman Klein,230
General_2023,City Council,ABERDEEN,Pos. 9,11,25-50%,32,Riley Carter,119,Joshua Francy,87
General_2023,City Council,AIRWAY HEIGHTS,Pos. 1,15,< 25%,658,Hank Bynaker,678,Write-In,20
General_2023,City Council,AIRWAY HEIGHTS,Pos. 2,15,< 25%,629,Kevin J Richey,654,Write-In,25
General_2023,City Council,AIRWAY HEIGHTS,Pos. 3,15,< 25%,628,Veronica Messing,651,Write-In,23
General_2023,City Council,AIRWAY HEIGHTS,Pos. 5,15,< 25%,627,Larry Bowman,651,Write-In,24
General_2023,City Council,AIRWAY HEIGHTS,Pos. 7,15,< 25%,629,Jennifer Morton,652,Write-In,23
General_2023,City Council,ALBION,Pos. 1,0,< 25%,99,Megan Welling,107,Write-In,8
General_2023,City Council,ALBION,Pos. 2,0,< 25%,101,Corina Andersen,109,Write-In,8
General_2023,City Council,ALBION,Pos. 5,0,< 25%,87,Katherine Opie,103,Write-In,16
General_2023,City Council,ALGONA,Pos. 1,10,< 25%,329,William Thomas,339,Write-In,10
General_2023,City Council,ALGONA,Pos. 3,10,< 25%,324,Timothy J. Fairley,334,Write-In,10
General_2023,City Council,ALGONA,Pos. 5,10,< 25%,337,David M. White,347,Write-In,10
General_2023,City Council,ALMIRA,Pos. 1,0,< 25%,67,James Braun,71,Write-In,4
General_2023,City Council,ALMIRA,Pos. 2,0,< 25%,52,Einar Larson,61,Write-In,9
General_2023,City Council,ANACORTES,Ward 1,23,< 25%,1392,Ryan Walters,1443,Write-In,51
General_2023,City Council,ANACORTES,Ward 2,23,< 25%,1452,Christine Cleland-McGrath,1484,Write-In,32
General_2023,City Council,ANACORTES,Ward 3,23,< 25%,589,TJ Fantini,1802,Linda Martin,1213
General_2023,City Council,ARLINGTON,Pos. 4,52,< 25%,2146,Michele Blythe,3298,Kenneth Dilbeck,1152
General_2023,City Council,ARLINGTON,Pos. 5,52,< 25%,3226,Rob Toyer,3353,Write-In,127
General_2023,City Council,ARLINGTON,Pos. 6,52,< 25%,1638,Yvonne M. Gallardo-Van Ornam,3036,Gregory Miller,1398
General_2023,City Council,ASOTIN,Pos. 1,0,< 25%,279,David Weakland,280,Write-In,1
General_2023,City Council,ASOTIN,Pos. 2,0,< 25%,281,Lori R. Loseth,285,Write-In,4
General_2023,City Council,ASOTIN,Pos. 4,0,< 25%,271,Craig J. Stein,273,Write-In,2
General_2023,City Council,AUBURN,Pos. 1,999,> 50%,309,Cheryl Rakes,5349,Lisa Stirgus,5040
General_2023,City Council,AUBURN,Pos. 3,999,> 50%,1781,Tracy Taylor Turner,6161,James Jeyaraj,4380
General_2023,City Council,AUBURN,Pos. 5,999,> 50%,1029,Clinton Taylor,5752,Robyn Mulenga,4723
General_2023,City Council,AUBURN,Pos. 7,999,> 50%,75,Hanan Amer,5275,Brian Lott,5200
General_2023,City Council,BAINBRIDGE ISLAND,Pos. 1,33,< 25%,3432,Kirsten Hytopoulos,6796,Dick Haugan,3364
General_2023,City Council,BAINBRIDGE ISLAND,Pos. 2,33,< 25%,6870,Brenda Fantroy-Johnson,7002,Write-In,132
General_2023,City Council,BAINBRIDGE ISLAND,Pos. 4,33,< 25%,6738,Leslie Schneider,6850,Write-In,112
General_2023,City Council,BAINBRIDGE ISLAND,Pos. 6,33,< 25%,6838,Ashley Mathews,6946,Write-In,108
General_2023,City Council,BATTLE GROUND,Pos. 2,22,< 25%,657,Shane A. Bowman,2200,Josh VanGelder,1543
General_2023,City Council,BATTLE GROUND,Pos. 3,22,< 25%,759,Victoria Ferrer,2268,Daniel Dingman,1509
General_2023,City Council,BATTLE GROUND,Pos. 7,22,< 25%,550,Eric Joe Overholser,2152,Josie Calderon,1602
General_2023,City Council,BEAUX ARTS,Pos. 1,3,< 25%,91,Stacy Saal,91,Write-In,0
General_2023,City Council,BEAUX ARTS,Pos. 2,3,< 25%,91,James McCarthy,91,Write-In,0
General_2023,City Council,BEAUX ARTS,Pos. 4,3,< 25%,90,Paula Dix,92,Write-In,2
General_2023,City Council,BELLEVUE,Pos. 3,1827,< 25%,17184,Mo Malakoutian,21347,Alex Tsimerman,4163
General_2023,City Council,BELLEVUE,Pos. 5,1827,< 25%,8727,Janice Zahn,17613,Betsi Hummer,8886
General_2023,City Council,BELLEVUE,Pos. 7,1827,< 25%,16451,Dave Hamilton,20921,Bil Hirt,4470
General_2023,City Council,BELLEVUE,Pos. 1,1827,> 50%,2677,John Stokes,14388,Paul Clark,11711
General_2023,City Council,BELLINGHAM,At-Large,292,< 25%,2350,Jace Cotton,16250,Russ Whidbee,13900
General_2023,City Council,BELLINGHAM,Ward 1,292,< 25%,5193,Hannah Stone,17449,Eamonn Collins,12256
General_2023,City Council,BELLINGHAM,Ward 3,292,< 25%,4180,Daniel Hammill,16775,Liz Darrow,12595
General_2023,City Council,BELLINGHAM,Ward 5,292,< 25%,21503,Lisa A. Anderson,21858,Write-In,355
General_2023,City Council,BENTON CITY,Pos. 3,3,< 25%,489,David Sandretto,505,Write-In,16
General_2023,City Council,BENTON CITY,Pos. 4,3,< 25%,489,Sarah Funk,502,Write-In,13
General_2023,City Council,BENTON CITY,Pos. 5,3,< 25%,477,Dyana M. G. Alcazar,493,Write-In,16
General_2023,City Council,BINGEN,Pos. 1,0,< 25%,72,Ryan O'Connor,74,Write-In,2
General_2023,City Council,BLACK DIAMOND,Pos. 1,26,< 25%,1101,Tamie L. Boxx-Deady,1141,Write-In,40
General_2023,City Council,BLACK DIAMOND,Pos. 2,26,< 25%,1048,Brad Douglass,1097,Write-In,49
General_2023,City Council,BLACK DIAMOND,Pos. 3,26,< 25%,1105,Therron Smith,1150,Write-In,45
General_2023,City Council,BLACK DIAMOND,Pos. 5,26,< 25%,1017,Kristiana de Leon,1081,Write-In,64
General_2023,City Council,BLACK DIAMOND,Pos. 6,26,< 25%,373,Nathan Jones,971,Pravat Sripranaratanakul,598
General_2023,City Council,BLACK DIAMOND,Pos. 7,26,< 25%,1072,Debbie Page,1109,Write-In,37
General_2023,City Council,BLAINE,Ward 1 Pos. 1,59,< 25%,1323,Richard May,1393,Write-In,70
General_2023,City Council,BLAINE,Ward 2 Pos. 3,59,< 25%,898,Sonia Hurt,1390,Steven Tojek,492
General_2023,City Council,BLAINE,Ward 3 Pos. 5,59,< 25%,1434,Mary Lou Steward,1451,Write-In,17
General_2023,City Council,BONNEY LAKE,Pos. 5,78,< 25%,1615,Angela Baldwin,2813,Jessica Bennion,1198
General_2023,City Council,BONNEY LAKE,Pos. 7,78,< 25%,1295,Dan Roach,2672,Teresa Caron,1377
General_2023,City Council,BONNEY LAKE,Pos. 2,78,25-50%,168,Kerri Hubler,2106,Brittany Rock,1938
General_2023,City Council,BONNEY LAKE,Pos. 4,78,25-50%,258,J Kelly McClimans,2156,Tom Watson,1898
General_2023,City Council,BOTHELL,Pos. 2,1263,> 50%,2509,Mason Thompson,6548,James McNeal,4039
General_2023,City Council,BOTHELL,Pos. 4,1263,> 50%,2042,Carston Curd,6353,Mark Swanson,4311
General_2023,City Council,BOTHELL,Pos. 6,1263,25-50%,2877,Amanda Dodd,6782,Thomas E. Agnew,3905
General_2023,City Council,BREMERTON,District 6,71,< 25%,312,Anna Mockler,810,Mike Simpson,498
General_2023,City Council,BREMERTON,District 4,71,> 50%,53,Jane Rebelowski,368,Marwan Cameron,315
General_2023,City Council,BREMERTON,District 2,71,25-50%,224,Denise Frey,513,Adrian Wright,289
General_2023,City Council,BREWSTER,Pos. 4,1,< 25%,119,Glenn Farrington,122,Write-In,3
General_2023,City Council,BREWSTER,Pos. 5,1,< 25%,13,Don Childers,79,Emmanuel Hurtado,66
General_2023,City Council,BRIDGEPORT,Pos. 4,0,< 25%,34,Paul Anson,102,Janet Conklin,68
General_2023,City Council,BRIDGEPORT,Pos. 5,0,< 25%,132,"Esiquio ""Zeke"" Martinez",140,Write-In,8
General_2023,City Council,BRIER,At-Large,44,< 25%,1521,Daniel Allen,1833,Kristin Bigoff,312
General_2023,City Council,BRIER,Pos. 4,44,< 25%,1254,Valerie Rosman,1752,Derek Hamilton,498
General_2023,City Council,BRIER,Pos. 5,44,< 25%,1020,David Marley,1632,Kevin Davis,612
General_2023,City Council,BRIER,Pos. 6,44,< 25%,1769,Hisham (Sham) Othman,1832,Write-In,63
General_2023,City Council,BUCKLEY,Pos. 4,6,< 25%,885,Amanda Burbank,898,Write-In,13
General_2023,City Council,BUCKLEY,Pos. 5,6,< 25%,69,Denice Bergerson,552,Lyn Rose,483
General_2023,City Council,BUCKLEY,Pos. 6,6,< 25%,58,Connie Bender,542,Maureen Sundstrom,484
General_2023,City Council,BUCKLEY,Pos. 7,6,< 25%,876,Brandon Green,890,Write-In,14
General_2023,City Council,BUCODA,Pos. 1,0,< 25%,94,Callie Carpenter,95,Write-In,1
General_2023,City Council,BUCODA,Pos. 2,0,< 25%,91,Steven Lyle,93,Write-In,2
General_2023,City Council,BUCODA,Pos. 4,0,< 25%,96,Michelle Layton,96,Write-In,0
General_2023,City Council,BUCODA,Pos. 5,0,< 25%,96,Kiersten Presley,97,Write-In,1
General_2023,City Council,BURIEN,Pos. 2,530,25-50%,1651,Linda Akey,6077,Cydney Moore,4426
General_2023,City Council,BURIEN,Pos. 4,530,25-50%,1874,Kevin J. Schilling,6249,Patricia Hudson,4375
General_2023,City Council,BURIEN,Pos. 6,530,25-50%,1230,Alex Andrade,5919,Krystal Marx,4689
General_2023,City Council,BURLINGTON,Ward 1,7,< 25%,984,Scott K. Green,1222,Anthony Perales,238
General_2023,City Council,BURLINGTON,Ward 2,7,< 25%,1038,Keith Chaplin,1054,Write-In,16
General_2023,City Council,BURLINGTON,Ward 3,7,< 25%,260,Elizabeth Turman-Bryant,870,Joseph A. Lewis,610
General_2023,City Council,CAMAS,At-Large,171,< 25%,1109,John Svilarich,4144,Stephen R. Dabasinskas,3035
General_2023,City Council,CAMAS,Ward 1 Pos. 1,171,< 25%,756,John Nohr,3973,Gary Perman,3217
General_2023,City Council,CAMAS,Ward 2 Pos. 1,171,< 25%,1712,Bonnie Carter,4457,Ry Luikens,2745
General_2023,City Council,CAMAS,Ward 3 Pos. 1,171,< 25%,4405,Jennifer Senescu,4704,Write-In,299
General_2023,City Council,CARBONADO,Pos. 3,0,< 25%,165,Buck R. McBride,168,Write-In,3
General_2023,City Council,CARBONADO,Pos. 4,0,< 25%,8,Joseph E. Mills,101,James Van Eddy,93
General_2023,City Council,CARBONADO,Pos. 5,0,< 25%,17,Cedar Argo,106,Terry Carter,89
General_2023,City Council,CARNATION,Pos. 1,32,< 25%,465,Adair Hawkins,502,Write-In,37
General_2023,City Council,CARNATION,Pos. 3,32,> 50%,16,Brodie Nelson,370,Tim Harris,354
General_2023,City Council,CARNATION,Pos. 4,32,25-50%,117,Ryan Burrell,418,Max Voelker,301
General_2023,City Council,CARNATION,Pos. 5,32,25-50%,90,Jessica Merizan,408,Dustin Green,318
General_2023,City Council,CASHMERE,Pos. 4,5,< 25%,488,Jayne Stephenson,503,Write-In,15
General_2023,City Council,CASHMERE,Pos. 5,5,< 25%,115,Jeff Johnson,398,Derrick Pratt,283
General_2023,City Council,CASTLE ROCK,Pos. 3,5,< 25%,121,John Wesley Whalen,279,John Earl Queen,158
General_2023,City Council,CASTLE ROCK,Pos. 4,5,< 25%,351,Paul Simonsen,359,Write-In,8
General_2023,City Council,CASTLE ROCK,Pos. 5,5,< 25%,356,Ellen Rose,365,Write-In,9
General_2023,City Council,CATHLAMET,Pos. 1,1,< 25%,113,Robert Stowe,124,Write-In,11
General_2023,City Council,CATHLAMET,Pos. 2,1,< 25%,138,Kermit Chamberlin,142,Write-In,4
General_2023,City Council,CATHLAMET,Pos. 3,1,< 25%,6,Joe Baker,91,Michael Severson,85
General_2023,City Council,CENTRALIA,Pos. 1,11,< 25%,532,Chris Brewer,1669,Russell Barr,1137
General_2023,City Council,CENTRALIA,Pos. 2,11,< 25%,889,Kelly Smith Johnston,1924,Joyce Barnes,1035
General_2023,City Council,CENTRALIA,Pos. 3,11,< 25%,167,Adrianna Garibay,1529,Kylie Sexsmith,1362
General_2023,City Council,CHEHALIS,Pos. 1,11,< 25%,174,Jerry Lord,184,Write-In,10
General_2023,City Council,CHEHALIS,Pos. 2,11,< 25%,592,Kevin Carns,803,Daryl J. Lund,211
General_2023,City Council,CHEHALIS,Pos. 3,11,< 25%,95,Anthony E. Ketchum,107,Write-In,12
General_2023,City Council,CHEHALIS,Pos. 4,11,< 25%,193,Jody Kyes,272,Karen Laufenberg,79
General_2023,City Council,CHELAN,Pos. 1,6,< 25%,996,Terry Sanders,1009,Write-In,13
General_2023,City Council,CHELAN,Pos. 3,6,< 25%,970,Brad Chitty,984,Write-In,14
General_2023,City Council,CHELAN,Pos. 4,6,< 25%,934,Jon M Higgins,961,Write-In,27
General_2023,City Council,CHELAN,Pos. 5,6,< 25%,961,Mark Ericks,977,Write-In,16
General_2023,City Council,CHENEY,Pos. 2,27,< 25%,218,Vincent Barthels,1070,Rebecca Long,852
General_2023,City Council,CHENEY,Pos. 5,27,< 25%,1295,Jason Nazzaro,1355,Write-In,60
General_2023,City Council,CHENEY,Pos. 6,27,< 25%,517,Jacquelyn Belock,1202,Pete Montague,685
General_2023,City Council,CHENEY,Pos. 7,27,< 25%,1366,Danielle LaBar,1412,Write-In,46
General_2023,City Council,CHEWELAH,At-Large,0,< 25%,414,Candice Capoeman,441,Write-In,27
General_2023,City Council,CHEWELAH,Pos. 3,0,< 25%,459,Ronald McCoy,481,Write-In,22
General_2023,City Council,CHEWELAH,Pos. 4,0,< 25%,483,John Kabosky,496,Write-In,13
General_2023,City Council,CHEWELAH,Pos. 5,0,< 25%,459,Bruce E. Nupp II,474,Write-In,15
General_2023,City Council,CHEWELAH,Pos. 6,0,< 25%,382,Ben Carpenter,521,Shane Cody Fairweather,139
General_2023,City Council,CLARKSTON,Pos. 5,0,< 25%,826,Skate Pierce,858,Write-In,32
General_2023,City Council,CLARKSTON,Pos. 6,0,< 25%,777,David Vinton,811,Write-In,34
General_2023,City Council,CLARKSTON,Pos. 7,0,< 25%,772,Steven D. Ebert,805,Write-In,33
General_2023,City Council,CLE ELUM,Pos. 2,6,< 25%,128,Leslie Ditsworth,131,Write-In,3
General_2023,City Council,CLE ELUM,Pos. 3,6,< 25%,420,Beth Williams,430,Write-In,10
General_2023,City Council,CLE ELUM,Pos. 3,6,< 25%,138,Judi Sandretto,140,Write-In,2
General_2023,City Council,CLE ELUM,Pos. 4,6,< 25%,416,Jerred R. Weis,429,Write-In,13
General_2023,City Council,CLE ELUM,Pos. 6,6,< 25%,413,Steven E. Cook,420,Write-In,7
General_2023,City Council,CLE ELUM,Pos. 7,6,< 25%,72,Audrey Malek,317,Sarah Lackey,245
General_2023,City Council,CLE ELUM,Pos. 2,6,25-50%,14,Ken Ratliff,300,Kiera Hyatt,286
General_2023,City Council,CLE ELUM,Pos. 4,6,25-50%,13,Gary Kasowski,85,Patricia Garris,72
General_2023,City Council,CLYDE HILL,Pos. 2,43,< 25%,203,Steve Sinwell,595,Ashley Eckel,392
General_2023,City Council,CLYDE HILL,Pos. 4,43,25-50%,125,Ryan D. Olson,536,Mark Kroese,411
General_2023,City Council,COLFAX,Pos. 4,1,< 25%,610,Mark Mackleit,618,Write-In,8
General_2023,City Council,COLFAX,Pos. 5,1,< 25%,550,Crystn Guenthner,558,Write-In,8
General_2023,City Council,COLFAX,Pos. 6,1,< 25%,294,Sarah Sevedge,501,Dustin Guenthner,207
General_2023,City Council,COLFAX,Pos. 7,1,< 25%,536,Thomas Huntwork,542,Write-In,6
General_2023,City Council,COLLEGE,Pos. 1,0,< 25%,1141,Paul Jessup,1177,Write-In,36
General_2023,City Council,COLLEGE,Pos. 4,0,< 25%,1159,Loren Peterson,1190,Write-In,31
General_2023,City Council,COLLEGE,Pos. 5,0,< 25%,1150,Melodie (Selby) Williams,1178,Write-In,28
General_2023,City Council,COLLEGE,Pos. 6,0,< 25%,1295,Heather M Schermann,1308,Write-In,13
General_2023,City Council,COLLEGE,Pos. 7,0,< 25%,1261,Monica Boyle,1280,Write-In,19
General_2023,City Council,COLTON,Pos. 1,0,< 25%,129,Scott Miller,129,Write-In,0
General_2023,City Council,COLTON,Pos. 3,0,< 25%,130,Sam Keller,131,Write-In,1
General_2023,City Council,COLTON,Pos. 4,0,< 25%,126,Dorothy Sharp,128,Write-In,2
General_2023,City Council,COLVILLE,At-Large,2,< 25%,675,Dick Nichols,971,Clint Hogan,296
General_2023,City Council,COLVILLE,Pos. 1,2,< 25%,989,Vickie Strong,1003,Write-In,14
General_2023,City Council,COLVILLE,Pos. 2,2,< 25%,388,Robin Kurowski,771,Christal Olivia Irwin,383
General_2023,City Council,COLVILLE,Pos. 5,2,< 25%,806,Benjamin Cosby,840,Write-In,34
General_2023,City Council,COLVILLE,Pos. 6,2,< 25%,907,Benjamin R Nielsen,924,Write-In,17
General_2023,City Council,CONCONULLY,Pos. 4,0,< 25%,57,Curtis Sweet,58,Write-In,1
General_2023,City Council,CONCONULLY,Pos. 5,0,< 25%,65,Kyle Haugan,65,Write-In,0
General_2023,City Council,CONCRETE,Pos. 1,0,< 25%,74,Rob Thomas,75,Write-In,1
General_2023,City Council,CONCRETE,Pos. 2,0,< 25%,72,Casey Jo Manke,72,Write-In,0
General_2023,City Council,CONCRETE,Pos. 4,0,< 25%,75,Stephanie Semro,75,Write-In,0
General_2023,City Council,CONNELL,Pos. 5,1,< 25%,50,Preston Hart,232,Patrice Hebel,182
General_2023,City Council,CONNELL,Pos. 6,1,< 25%,107,Shelly Harper,261,David (Duey) Dixon,154
General_2023,City Council,COSMOPOLIS,Pos. 1,2,< 25%,160,Kim Skinner,372,Ashley Arcangel,212
General_2023,City Council,COSMOPOLIS,Pos. 2,2,< 25%,446,Jeremy Winn,460,Write-In,14
General_2023,City Council,COSMOPOLIS,Pos. 3,2,< 25%,59,Justin Spargo,319,Kasi Turner,260
General_2023,City Council,COSMOPOLIS,Pos. 4,2,> 50%,2,Mark Collett,287,Sue Darcy,285
General_2023,City Council,COULEE,Pos. 1,0,< 25%,25,Erin Correia,115,Branden Jorgensen,90
General_2023,City Council,COULEE,Pos. 2,0,< 25%,20,Travis Liening,111,Karen Powers,91
General_2023,City Council,COULEE,Pos. 3,0,< 25%,73,Steve Bond,139,Jennifer Schwartz,66
General_2023,City Council,COULEE,Pos. 4,0,< 25%,37,Richard Heiberg,119,April Harward,82
General_2023,City Council,COULEE DAM,Pos. 1,2,< 25%,125,Kevin Black,130,Write-In,5
General_2023,City Council,COULEE DAM,Pos. 3,2,< 25%,111,Dale Rey,121,Write-In,10
General_2023,City Council,COULEE DAM,Pos. 4,2,< 25%,126,Larry L Hall,134,Write-In,8
General_2023,City Council,COULEE DAM,Pos. 5,2,< 25%,117,Keith St. Jeor,124,Write-In,7
General_2023,City Council,COUPEVILLE,Pos. 1,4,< 25%,548,Jacquelyn J Henderson,568,Write-In,20
General_2023,City Council,COUPEVILLE,Pos. 2,4,< 25%,526,Rick Walti,549,Write-In,23
General_2023,City Council,COUPEVILLE,Pos. 3,4,< 25%,527,Jenny Bright,547,Write-In,20
General_2023,City Council,COVINGTON,Pos. 1,249,< 25%,2494,Kristina Soltys,2542,Write-In,48
General_2023,City Council,COVINGTON,Pos. 3,249,< 25%,2514,Debby Hartsock,2553,Write-In,39
General_2023,City Council,COVINGTON,Pos. 5,249,< 25%,2516,Sean D. Smith,2554,Write-In,38
General_2023,City Council,COVINGTON,Pos. 7,249,< 25%,2510,Jeff Wagner,2559,Write-In,49
General_2023,City Council,CRESTON,Pos. 1,0,< 25%,47,Robert Butzer,48,Write-In,1
General_2023,City Council,CRESTON,Pos. 3,0,< 25%,42,Lisa Yoder,43,Write-In,1
General_2023,City Council,CRESTON,Pos. 4,0,< 25%,40,Ellen McIntyre,42,Write-In,2
General_2023,City Council,CRESTON,Pos. 5,0,< 25%,40,Jackie R Browder,42,Write-In,2
General_2023,City Council,CUSICK,Pos. 3,0,< 25%,14,Jessamyn Fitzhugh,23,Write-In,9
General_2023,City Council,CUSICK,Pos. 4,0,< 25%,27,Roger R. Brown,34,Luke Servas,7
General_2023,City Council,CUSICK,Pos. 5,0,< 25%,10,Tina Alford,22,Write-In,12
General_2023,City Council,DARRINGTON,Pos. 3,0,< 25%,253,Billie Lee Burtenshaw,264,Write-In,11
General_2023,City Council,DARRINGTON,Pos. 4,0,< 25%,234,Reed Rankin,248,Write-In,14
General_2023,City Council,DARRINGTON,Pos. 5,0,< 25%,243,Gary Willis,254,Write-In,11
General_2023,City Council,DAVENPORT,At-Large,1,< 25%,332,Patrick R Katz,336,Write-In,4
General_2023,City Council,DAVENPORT,Pos. 1,1,< 25%,315,Jonathan Chapman,319,Write-In,4
General_2023,City Council,DAVENPORT,Pos. 2,1,< 25%,305,Mike Wilkinson,309,Write-In,4
General_2023,City Council,DAVENPORT,Pos. 4,1,< 25%,306,Robert Jenkins,312,Write-In,6
General_2023,City Council,DAVENPORT,Pos. 5,1,< 25%,329,Heath D Becker,331,Write-In,2
General_2023,City Council,DAYTON,Pos. 2,1,< 25%,593,James Su'euga,608,Write-In,15
General_2023,City Council,DAYTON,Pos. 4,1,< 25%,100,Joann E. Patras,460,Devin Greenup,360
General_2023,City Council,DAYTON,Pos. 5,1,< 25%,643,Shannon L. McMillen,656,Write-In,13
General_2023,City Council,DAYTON,Pos. 6,1,< 25%,614,Kyle Anderson,630,Write-In,16
General_2023,City Council,DEER PARK,Pos. 2,9,< 25%,526,Fred Senn,888,Helen (Dee) Cragun,362
General_2023,City Council,DEER PARK,Pos. 4,9,< 25%,1092,Billy Costello,1120,Write-In,28
General_2023,City Council,DEER PARK,Pos. 5,9,< 25%,73,Diane Pfaeffle,658,Scott Campbell,585
General_2023,City Council,DES MOINES,Pos. 6,528,< 25%,4314,Yoshiko Grace Matsui,4437,Write-In,123
General_2023,City Council,DES MOINES,Pos. 2,528,> 50%,849,JC Harris,3285,Rob Back,2436
General_2023,City Council,DES MOINES,Pos. 4,528,25-50%,1919,Jeremy Nutting,3810,Christine Puzas,1891
General_2023,City Council,DUPONT,Pos. 4,16,< 25%,752,Tom Wargo,1193,Melinda Schou,441
General_2023,City Council,DUPONT,Pos. 6,16,< 25%,1307,Kevin Ballard,1355,Write-In,48
General_2023,City Council,DUPONT,Pos. 5,16,> 50%,29,Shawna Gasak,835,Robin Barrow,806
General_2023,City Council,DUVALL,Pos. 2,65,< 25%,1453,Rick Shaffer,1470,Write-In,17
General_2023,City Council,DUVALL,Pos. 4,65,< 25%,1462,Ronn Mercer,1478,Write-In,16
General_2023,City Council,DUVALL,Pos. 5,65,< 25%,1493,Mike Supple,1509,Write-In,16
General_2023,City Council,DUVALL,Pos. 7,65,< 25%,1246,Carol Kufeldt,1619,C. William Chappell IV,373
General_2023,City Council,EATONVILLE,Pos. 3,6,< 25%,115,Mike Schaub,451,Joe Hagen,336
General_2023,City Council,EATONVILLE,Pos. 4,6,< 25%,148,Bill Dunn,465,Kirby Nelson,317
General_2023,City Council,EATONVILLE,Pos. 5,6,< 25%,615,Emily (Blackett) McFadden,639,Write-In,24
General_2023,City Council,EDGEWOOD,Pos. 1,42,< 25%,1902,Jennifer Pazaruski,2677,Nichole R. Purfeerst,775
General_2023,City Council,EDGEWOOD,Pos. 2,42,< 25%,663,Jason Ramirez,2080,Laura Chudecke,1417
General_2023,City Council,EDGEWOOD,Pos. 7,42,< 25%,2735,Jeff Southard,2769,Write-In,34
General_2023,City Council,EDMONDS,Pos. 1,352,< 25%,2035,Chris Eck,8496,Roger Pence,6461
General_2023,City Council,EDMONDS,Pos. 4,352,< 25%,4325,Michelle Dotsch,9703,Mackey Guenther,5378
General_2023,City Council,EDMONDS,Pos. 5,352,< 25%,10815,Vivian A. Olson,11350,Write-In,535
General_2023,City Council,EDMONDS,Pos. 6,352,< 25%,2894,Susan Paine,9041,Kevin Fagerstrom,6147
General_2023,City Council,EDMONDS,Pos. 7,352,< 25%,10988,Jenna Nand,11326,Write-In,338
General_2023,City Council,ELECTRIC,Pos. 3,0,< 25%,52,Brian Buche,191,Thomas Levi Johnson,139
General_2023,City Council,ELECTRIC,Pos. 4,0,< 25%,121,Matt Gilbert,225,Birdie Hensley,104
General_2023,City Council,ELECTRIC,Pos. 5,0,< 25%,37,Blake Martin,179,Cheryl Hoffman,142
General_2023,City Council,ELLENSBURG,Pos. 4,26,< 25%,1158,Joshua Thompson,1770,Write-In,612
General_2023,City Council,ELLENSBURG,Pos. 5,26,< 25%,1690,David M. Miller,1766,Write-In,76
General_2023,City Council,ELLENSBURG,Pos. 6,26,< 25%,2069,Rich Elliott,2114,Write-In,45
General_2023,City Council,ELLENSBURG,Pos. 7,26,< 25%,1955,Sarah Beauchamp,2026,Write-In,71
General_2023,City Council,ELMA,Pos. 2,2,< 25%,491,Bethany Whipple-Boling,497,Write-In,6
General_2023,City Council,ELMA,Pos. 4,2,< 25%,106,Mike Cooper,346,Shane Jhanson,240
General_2023,City Council,ELMA,Pos. 5,2,< 25%,9,Jacob Borden,308,Ron Woodman,299
General_2023,City Council,ELMER,Pos. 4,0,< 25%,49,Flora Long,49,Write-In,0
General_2023,City Council,ELMER,Pos. 5,0,< 25%,47,Terje Berg,48,Write-In,1
General_2023,City Council,ENDICOTT,Pos. 1,0,< 25%,56,Debbie Wolfe,83,Don Adsitt,27
General_2023,City Council,ENDICOTT,Pos. 3,0,< 25%,3,Nick Nicora,51,Megan Webster,48
General_2023,City Council,ENDICOTT,Pos. 5,0,< 25%,26,Destiny Corean,60,Thomas Webster,34
General_2023,City Council,ENTIAT,Pos. 4,0,< 25%,258,Robert Hargadon,266,Write-In,8
General_2023,City Council,ENTIAT,Pos. 5,0,< 25%,255,Clay Brandenburg,265,Write-In,10
General_2023,City Council,ENUMCLAW,Pos. 2,5,< 25%,110,Kerry Flothe,1603,Michael W. Merker,1493
General_2023,City Council,ENUMCLAW,Pos. 4,5,< 25%,2325,Chance LaFleur,2380,Write-In,55
General_2023,City Council,ENUMCLAW,Pos. 6,5,< 25%,2321,Anthony Wright,2367,Write-In,46
General_2023,City Council,EPHRATA,Pos. 4,3,< 25%,1047,Valli Millard,1058,Write-In,11
General_2023,City Council,EPHRATA,Pos. 5,3,< 25%,330,Beau Lamens,801,Michael Durfee,471
General_2023,City Council,EPHRATA,Pos. 6,3,< 25%,1020,Ashley Grout,1032,Write-In,12
General_2023,City Council,EPHRATA,Pos. 7,3,< 25%,381,Mike Warren,836,JoBeth Carlson,455
General_2023,City Council,EVERETT,Pos. 6,1359,> 50%,2345,Scott Bader,10430,Demi Chatters,8085
General_2023,City Council,EVERETT,Pos. 7,1359,25-50%,3874,Judy Tuohy,10896,Judith Martinez,7022
General_2023,City Council,EVERSON,Pos. 1,7,< 25%,436,Tim Hanowell,450,Write-In,14
General_2023,City Council,EVERSON,Pos. 4,7,< 25%,422,John Hammond,431,Write-In,9
General_2023,City Council,EVERSON,Pos. 5,7,< 25%,145,Ashley Brown,398,Gary Locke,253
General_2023,City Council,FAIRFIELD,Pos. 2,0,< 25%,200,Brady Collinson,201,Write-In,1
General_2023,City Council,FAIRFIELD,Pos. 3,0,< 25%,57,Cynthia Davidson,138,Diane Kooyman,81
General_2023,City Council,FAIRFIELD,Pos. 4,0,< 25%,39,Bill Enzler,124,Write-In,85
General_2023,City Council,FAIRFIELD,Pos. 5,0,< 25%,169,Amanda Blood,177,Write-In,8
General_2023,City Council,FARMINGTON,Pos. 1,0,< 25%,46,Lavon Walser,48,Write-In,2
General_2023,City Council,FARMINGTON,Pos. 2,0,< 25%,36,Haleigh Varney,40,Write-In,4
General_2023,City Council,FARMINGTON,Pos. 4,0,< 25%,45,Ben Smith,47,Write-In,2
General_2023,City Council,FEDERAL WAY,Pos. 5,974,> 50%,1412,Jack Walsh,7094,Katherine Festa,5682
General_2023,City Council,FEDERAL WAY,Pos. 1,974,25-50%,3722,Lydia Assefa-Dawson,8115,Mark Greene,4393
General_2023,City Council,FEDERAL WAY,Pos. 3,974,25-50%,2283,Susan Honda,7533,Roger Flygare,5250
General_2023,City Council,FEDERAL WAY,Pos. 7,974,25-50%,3060,Linda Kochmar,7868,Denise Yun,4808
General_2023,City Council,FERNDALE,Pos. 1,51,< 25%,1471,Herb Porter,2923,Matthew Durkee,1452
General_2023,City Council,FERNDALE,Pos. 2,51,< 25%,3315,Ali Hawkinson,3385,Write-In,70
General_2023,City Council,FERNDALE,Pos. 3,51,< 25%,3497,Erin Gunter,3532,Write-In,35
General_2023,City Council,FERNDALE,Pos. 4,51,< 25%,220,McKenna Pinto-Gonzalez,2328,Wyatt Shedd Stewart,2108
General_2023,City Council,FIFE,Pos. 1,54,< 25%,288,Bryan Yambe,679,Barry D. Johnson,391
General_2023,City Council,FIFE,Pos. 2,54,< 25%,800,Dee-Dee Gethers,825,Write-In,25
General_2023,City Council,FIFE,Pos. 4,54,< 25%,827,Pat Hulcey,844,Write-In,17
General_2023,City Council,FIFE,Pos. 5,54,< 25%,795,Kim Roscoe,821,Write-In,26
General_2023,City Council,FIFE,Pos. 6,54,> 50%,12,Joey Murphy,527,Abigail Drivdahl,515
General_2023,City Council,FIRCREST,Pos. 3,42,< 25%,299,Brett L. Wittner,1231,Teresa Berg,932
General_2023,City Council,FIRCREST,Pos. 4,42,< 25%,311,Karen Mauer-Smith,1248,Brian Rybolt,937
General_2023,City Council,FIRCREST,Pos. 5,42,< 25%,497,Hunter T. George,1353,Vince Navarre,856
General_2023,City Council,FORD,Pos. 2,2,< 25%,109,Walt Whitman,110,Write-In,1
General_2023,City Council,FORD,Pos. 3,2,< 25%,89,Clinton Stevenson,96,Write-In,7
General_2023,City Council,FORD,Pos. 4,2,< 25%,85,Micki L Harnois,92,Write-In,7
General_2023,City Council,FORD,Pos. 5,2,< 25%,92,Kevin Willms,97,Write-In,5
General_2023,City Council,FORKS,Pos. 1,2,< 25%,288,Nettie Grant,303,Write-In,15
General_2023,City Council,FORKS,Pos. 4,2,< 25%,338,Jeff Gingell,344,Write-In,6
General_2023,City Council,FORKS,Pos. 5,2,< 25%,294,Hickory Grant,308,Write-In,14
General_2023,City Council,FRIDAY HARBOR,Pos. 1,4,< 25%,477,Steve Hushebeck,485,Write-In,8
General_2023,City Council,FRIDAY HARBOR,Pos. 2,4,< 25%,327,Richard Geffen,471,Noel Monin,144
General_2023,City Council,FRIDAY HARBOR,Pos. 5,4,< 25%,493,Barbara Starr,506,Write-In,13
General_2023,City Council,GARFIELD,Pos. 1,0,< 25%,138,Craig Mitzimberg,143,Write-In,5
General_2023,City Council,GARFIELD,Pos. 2,0,< 25%,39,Jason Bankus,105,Neal Leon,66
General_2023,City Council,GARFIELD,Pos. 3,0,< 25%,151,Roni Mundell,153,Write-In,2
General_2023,City Council,GEORGE,Pos. 1,0,< 25%,23,Brulee Hoskins T&#246;fflemoyer,40,Gerene Nelson,17
General_2023,City Council,GEORGE,Pos. 5,0,< 25%,25,Patty Neff-Carroll,41,Kenneth Entzel,16
General_2023,City Council,GIG HARBOR,Pos. 4,96,< 25%,437,Mary Barber,2250,Ed Nadler,1813
General_2023,City Council,GIG HARBOR,Pos. 5,96,< 25%,2940,Ben Coronado,3010,Write-In,70
General_2023,City Council,GIG HARBOR,Pos. 6,96,< 25%,2900,Le Rodenberg,2967,Write-In,67
General_2023,City Council,GOLD BAR,Pos. 2,1,< 25%,313,Lee Russell,323,Write-In,10
General_2023,City Council,GOLD BAR,Pos. 4,1,< 25%,310,Charles R. (Chuck) Lie,318,Write-In,8
General_2023,City Council,GOLD BAR,Pos. 5,1,< 25%,307,Jordan M. Sears,317,Write-In,10
General_2023,City Council,GOLDENDALE,Pos. 1,1,< 25%,543,Andy Halm,565,Write-In,22
General_2023,City Council,GOLDENDALE,Pos. 2,1,< 25%,229,Theone Wheeler,470,Filiberto Ontiveros Jr,241
General_2023,City Council,GOLDENDALE,Pos. 3,1,< 25%,514,Loren Meagher,527,Write-In,13
General_2023,City Council,GOLDENDALE,Pos. 5,1,< 25%,303,Danielle Clevidence,518,Darlene Williamson,215
General_2023,City Council,GRAND COULEE,Pos. 1,2,< 25%,133,Anita Eylar,136,Write-In,3
General_2023,City Council,GRAND COULEE,Pos. 3,2,< 25%,139,Gary Carriere,141,Write-In,2
General_2023,City Council,GRAND COULEE,Pos. 4,2,< 25%,138,Ruth Dalton,139,Write-In,1
General_2023,City Council,GRAND COULEE,Pos. 5,2,< 25%,133,Mark Nash,134,Write-In,1
General_2023,City Council,GRANDVIEW,Pos. 3,2,< 25%,67,Steve Barrientes,587,Juan Rodriguez,520
General_2023,City Council,GRANDVIEW,Pos. 4,2,< 25%,115,Robert G. Ozuna,611,Mindie Pena,496
General_2023,City Council,GRANDVIEW,Pos. 5,2,< 25%,940,Bill Moore,968,Write-In,28
General_2023,City Council,GRANDVIEW,Pos. 6,2,< 25%,383,David S. Diaz,734,Miguel Gonzalez,351
General_2023,City Council,GRANDVIEW,Pos. 7,2,< 25%,536,Laura Flores,749,Write-In,213
General_2023,City Council,GRANGER,Pos. 4,1,< 25%,73,Judi Montes,178,Juan (Johnny) Isiordia,105
General_2023,City Council,GRANGER,Pos. 5,1,< 25%,77,Alfredo Reyes,161,Magalie Roman-Estrada,84
General_2023,City Council,GRANITE FALLS,Pos. 4,16,< 25%,717,Bruce Straughn,735,Write-In,18
General_2023,City Council,GRANITE FALLS,Pos. 5,16,< 25%,427,Matt Hartman,640,Justin Thoreson,213
General_2023,City Council,HARRAH,Pos. 4,0,< 25%,37,Avelina Garcia,37,Write-In,0
General_2023,City Council,HARRAH,Pos. 5,0,< 25%,37,Kathryn Henry,38,Write-In,1
General_2023,City Council,HARRINGTON,Pos. 3,0,< 25%,134,Stephen Hardy,134,Write-In,0
General_2023,City Council,HARRINGTON,Pos. 4,0,< 25%,102,"Kristine ""Kris"" Moritz",111,Write-In,9
General_2023,City Council,HARRINGTON,Pos. 5,0,< 25%,40,Gavin Wagner,98,Kelly A Foreman,58
General_2023,City Council,HARTLINE,Pos. 1,0,< 25%,27,Mark Frye,29,Write-In,2
General_2023,City Council,HARTLINE,Pos. 3,0,< 25%,32,Jacob D Johnson,32,Write-In,0
General_2023,City Council,HARTLINE,Pos. 4,0,< 25%,32,David Philp,32,Write-In,0
General_2023,City Council,HARTLINE,Pos. 5,0,< 25%,34,Matthew Baergen,34,Write-In,0
General_2023,City Council,HATTON,Pos. 2,0,< 25%,2,Barbara Pence,16,Write-In,14
General_2023,City Council,HATTON,Pos. 4,0,< 25%,2,Eric Rawson,16,Write-In,14
General_2023,City Council,HATTON,Pos. 5,0,< 25%,2,Linda Anderson,16,Write-In,14
General_2023,City Council,HOQUIAM,Pos. 1,3,< 25%,164,Brandon Pauley,164,Write-In,0
General_2023,City Council,HOQUIAM,Pos. 11,3,< 25%,120,Dave Hinchen,123,Write-In,3
General_2023,City Council,HOQUIAM,Pos. 2,3,< 25%,164,Mary V. Thornton,165,Write-In,1
General_2023,City Council,HOQUIAM,Pos. 3,3,< 25%,112,Steven Puvogel,118,Write-In,6
General_2023,City Council,HOQUIAM,Pos. 5,3,< 25%,184,"Richard P. Brooks, Jr.",188,Write-In,4
General_2023,City Council,HOQUIAM,Pos. 8,3,< 25%,50,Greg Larsen,111,Maxwell Davis,61
General_2023,City Council,HOQUIAM,Pos. 9,3,< 25%,162,Brenda Carlstrom,164,Write-In,2
General_2023,City Council,HUNTS POINT,Pos. 2,11,< 25%,92,Ernest A. Norehad,97,Write-In,5
General_2023,City Council,HUNTS POINT,Pos. 4,11,< 25%,86,Patrick Finnelly,91,Write-In,5
General_2023,City Council,ILWACO,Pos. 4,0,< 25%,124,Matt Lessnau,234,Richard Rubio,110
General_2023,City Council,ILWACO,Pos. 5,0,< 25%,147,Josh Phillips,233,Val Perkins,86
General_2023,City Council,INDEX,Pos. 2,2,< 25%,62,Jon Jackson,65,Write-In,3
General_2023,City Council,INDEX,Pos. 5,2,< 25%,62,Alysse Hotz,67,Write-In,5
General_2023,City Council,INDEX,Pos. 4,2,25-50%,8,Scott MacDonald,43,Chad Walker,35
General_2023,City Council,IONE,Pos. 1,0,< 25%,74,Mike Shipley,80,Write-In,6
General_2023,City Council,IONE,Pos. 3,0,< 25%,59,Michael Piccirilli,69,Write-In,10
General_2023,City Council,IONE,Pos. 4,0,< 25%,70,Sharon A Shipley,76,Write-In,6
General_2023,City Council,ISSAQUAH,Pos. 2,369,< 25%,2544,Zach Hall,4987,Landon Halverson,2443
General_2023,City Council,ISSAQUAH,Pos. 4,369,< 25%,5990,Lindsey Walsh,6605,Mike Palm,615
General_2023,City Council,ISSAQUAH,Pos. 6,369,< 25%,4339,Victoria Hunt,5873,Sam Sheehan,1534
General_2023,City Council,KAHLOTUS,Pos. 2,0,< 25%,14,Michael Robitaille,22,Write-In,8
General_2023,City Council,KAHLOTUS,Pos. 4,0,< 25%,10,James C Hagans,19,Write-In,9
General_2023,City Council,KAHLOTUS,Pos. 5,0,< 25%,27,Maria Cruzan,28,Write-In,1
General_2023,City Council,KAHLOTUS,Pos. 6,0,< 25%,4,Write-In,17,Shirley L. Ayers,13
General_2023,City Council,KALAMA,Pos. 3,2,< 25%,172,Wendy Conradi,528,Spenser Gwynne,356
General_2023,City Council,KALAMA,Pos. 4,2,< 25%,160,Steve Kallio,519,Lynn Hughes,359
General_2023,City Council,KALAMA,Pos. 5,2,< 25%,15,Deb Geiger,437,Rob Gibbs,422
General_2023,City Council,KELSO,Pos. 5,23,< 25%,556,Keenan Harvey,1108,Garrett Colkitt,552
General_2023,City Council,KELSO,Pos. 6,23,< 25%,1284,Lisa Knight Alexander,1334,Write-In,50
General_2023,City Council,KELSO,Pos. 7,23,< 25%,318,Veryl A. Anderson,1007,Scott Olson,689
General_2023,City Council,KELSO,Pos. 4,23,> 50%,4,Jim Hill,840,Aaron Bunn,836
General_2023,City Council,KENMORE,Pos. 1,220,< 25%,1160,Melanie O'Cain,3646,Kara Macias,2486
General_2023,City Council,KENMORE,Pos. 5,220,> 50%,70,Jon Culver,3090,David Baker,3020
General_2023,City Council,KENMORE,Pos. 7,220,> 50%,249,Nathan Loutsis,3167,Corina Pfeil,2918
General_2023,City Council,KENMORE,Pos. 3,220,25-50%,708,Valerie Sasson,3400,Josh Kurcinka,2692
General_2023,City Council,KENNEWICK,Pos. 5,303,< 25%,9556,Chuck Torelli,9693,Write-In,137
General_2023,City Council,KENNEWICK,Pos. 6,303,< 25%,8537,Brad Beauchamp,8817,Write-In,280
General_2023,City Council,KENNEWICK,Pos. 7,303,25-50%,991,James (Jim) Millbauer,6857,Ted Owens,5866
General_2023,City Council,KENT,Pos. 5,2582,< 25%,12009,Bill Boyce,12458,Write-In,449
General_2023,City Council,KENT,Pos. 3,2582,> 50%,2770,John Boyd,9274,Kelly Wiggans-Crawford,6504
General_2023,City Council,KENT,Pos. 1,2582,25-50%,9362,Marli Larimer,12465,Jessie Ramsey,3103
General_2023,City Council,KENT,Pos. 7,2582,25-50%,5884,Zandria Michaud,10704,Darryl Jones,4820
General_2023,City Council,KIRKLAND,Pos. 6,1345,< 25%,8542,Amy Falcone,14192,"&quot;Ryan James"" Turok",5650
General_2023,City Council,KIRKLAND,Pos. 4,1345,> 50%,959,John Tymczyszyn,10701,Toby Nixon,9742
General_2023,City Council,KIRKLAND,Pos. 2,1345,25-50%,3812,Kelli Curtis,11986,Catie Malik,8174
General_2023,City Council,KITTITAS,Pos. 1,1,< 25%,41,Lou Whitford Tyler,116,Sean Crabb,75
General_2023,City Council,KITTITAS,Pos. 3,1,< 25%,27,Jerry Lael,116,Tina Welker,89
General_2023,City Council,KITTITAS,Pos. 4,1,< 25%,140,Tyrul L McGuffin,146,Write-In,6
General_2023,City Council,KITTITAS,Pos. 5,1,< 25%,130,Nancy Shuda,138,Write-In,8
General_2023,City Council,KRUPP,Pos. 1,0,< 25%,12,Cecily Hendricks,12,Write-In,0
General_2023,City Council,KRUPP,Pos. 2,0,< 25%,12,Paul Friend,12,Write-In,0
General_2023,City Council,KRUPP,Pos. 3,0,< 25%,13,Paula Horton,13,Write-In,0
General_2023,City Council,KRUPP,Pos. 4,0,< 25%,11,Jasper Hendricks,12,Write-In,1
General_2023,City Council,LA CENTER,Pos. 4,18,< 25%,395,Myrna Leija,713,Crystal Harvey,318
General_2023,City Council,LA CENTER,Pos. 5,18,< 25%,229,Elizabeth M. Cerveny,627,Linda Tracy,398
General_2023,City Council,LA CONNER,Pos. 1,3,< 25%,275,Annie Taylor,280,Write-In,5
General_2023,City Council,LA CONNER,Pos. 5,3,< 25%,281,Mary Wohleb,286,Write-In,5
General_2023,City Council,LACEY,Pos. 1,143,< 25%,9241,Malcolm Miller,9480,Write-In,239
General_2023,City Council,LACEY,Pos. 2,143,< 25%,1366,Lenny Greenstein,6340,Spencer Zeman,4974
General_2023,City Council,LACEY,Pos. 3,143,< 25%,3153,Nicolas Dunning,7133,Ed Kunkel,3980
General_2023,City Council,LACROSSE,Pos. 1,0,< 25%,105,Tom Cauley,105,Write-In,0
General_2023,City Council,LACROSSE,Pos. 2,0,< 25%,95,Kenneth (Kenny) Spain,95,Write-In,0
General_2023,City Council,LAKE FOREST PARK,Pos. 2,79,< 25%,3669,Lorri Bodi,3706,Write-In,37
General_2023,City Council,LAKE FOREST PARK,Pos. 4,79,< 25%,3326,Ellyn Saunders,4052,Nigel Keiffer,726
General_2023,City Council,LAKE FOREST PARK,Pos. 6,79,25-50%,258,Paula Goode,2526,Stephanie Angelis,2268
General_2023,City Council,LAKE STEVENS,Pos. 3,213,< 25%,6059,Ryan Donoghue,6229,Write-In,170
General_2023,City Council,LAKE STEVENS,Pos. 5,213,< 25%,5952,Anji Jorstad,6156,Write-In,204
General_2023,City Council,LAKE STEVENS,Pos. 4,213,25-50%,788,Kymm Shipman,4486,Gloria Ngezaho,3698
General_2023,City Council,LAKEWOOD,Pos. 4,95,< 25%,707,Ryan Pearson,4839,Paul Wagemann,4132
General_2023,City Council,LAKEWOOD,Pos. 6,95,< 25%,4433,Trestin Lauricella,6593,Jimmy Davidson,2160
General_2023,City Council,LAKEWOOD,Pos. 7,95,< 25%,7108,Paul Bocchi,7262,Write-In,154
General_2023,City Council,LAMONT,Pos. 3,0,< 25%,16,Ronald Bogner,17,Write-In,1
General_2023,City Council,LAMONT,Pos. 4,0,< 25%,16,Catherine J Ulrich,17,Write-In,1
General_2023,City Council,LAMONT,Pos. 5,0,< 25%,16,Debby Spencer,17,Write-In,1
General_2023,City Council,LANGLEY,Pos. 3,4,< 25%,496,Chris Carlson,595,Kay Kenneweg,99
General_2023,City Council,LANGLEY,Pos. 4,4,< 25%,428,Craig Cyr,561,Scott Chaplin,133
General_2023,City Council,LATAH,Pos. 2,0,< 25%,26,Larry La Bolle,40,Mahala Groves,14
General_2023,City Council,LATAH,Pos. 3,0,< 25%,45,Diane Long,46,Write-In,1
General_2023,City Council,LATAH,Pos. 5,0,< 25%,43,Corinna Cumor,46,Write-In,3
General_2023,City Council,LEAVENWORTH,Pos. 1,1,< 25%,160,Travis McMaster,573,Marco Aurilio,413
General_2023,City Council,LEAVENWORTH,Pos. 2,1,< 25%,718,Zeke Reister,729,Write-In,11
General_2023,City Council,LEAVENWORTH,Pos. 3,1,< 25%,761,Anne Hessburg,773,Write-In,12
General_2023,City Council,LEAVENWORTH,Pos. 4,1,< 25%,241,Rhona Baron,615,Tibor Lak,374
General_2023,City Council,LEAVENWORTH,Pos. 7,1,< 25%,323,Shane Thayer,665,Polly McIntyre,342
General_2023,City Council,LIBERTY LAKE,Pos. 1,15,< 25%,621,Linda M. Ball,2161,Phil Folyer,1540
General_2023,City Council,LIBERTY LAKE,Pos. 3,15,< 25%,1440,Dan Dunne,2576,Larry Marshall,1136
General_2023,City Council,LIBERTY LAKE,Pos. 4,15,< 25%,214,Jed Spencer,1971,Travis L. Scott,1757
General_2023,City Council,LIBERTY LAKE,Pos. 5,15,< 25%,616,Annie Kurtz,2165,Mike Behary,1549
General_2023,City Council,LIBERTY LAKE,Pos. 6,15,< 25%,499,Mike T Kennedy,2093,Michael Hamblet,1594
General_2023,City Council,LIBERTY LAKE,Pos. 7,15,< 25%,582,Wendy Van Orman,2123,Teresa Tapao-Hunt,1541
General_2023,City Council,LIND,Pos. 4,0,< 25%,64,Jamie Schmunk,133,Myra J. Horton,69
General_2023,City Council,LIND,Pos. 5,0,< 25%,108,Jim Weidemann,155,James N. Dworshak,47
General_2023,City Council,LONG BEACH,Pos. 1,1,< 25%,364,Mark Perez,375,Write-In,11
General_2023,City Council,LONG BEACH,Pos. 2,1,< 25%,367,Larry Phelps,373,Write-In,6
General_2023,City Council,LONG BEACH,Pos. 3,1,< 25%,362,Ralph Provenzano,368,Write-In,6
General_2023,City Council,LONGVIEW,Pos. 1,31,< 25%,276,Kalei LaFave,4387,Mike Wallin,4111
General_2023,City Council,LONGVIEW,Pos. 2,31,< 25%,394,Keith Young,4412,Ramona Leber,4018
General_2023,City Council,LONGVIEW,Pos. 3,31,< 25%,1214,Erik Halvorson,4772,Christopher Ortiz,3558
General_2023,City Council,LONGVIEW,Pos. 4,31,< 25%,697,Ruth Kendall,4540,Randy E. Knox,3843
General_2023,City Council,LYMAN,Pos. 3,0,< 25%,73,Mike Swanson,75,Write-In,2
General_2023,City Council,LYMAN,Pos. 4,0,< 25%,43,Mike Couch,69,Erica Hanshaw,26
General_2023,City Council,LYMAN,Pos. 5,0,< 25%,75,Ronny Hodgin,76,Write-In,1
General_2023,City Council,LYNDEN,Pos. 1,6,< 25%,4186,Gary L. Bode,4254,Write-In,68
General_2023,City Council,LYNDEN,Pos. 2,6,< 25%,4262,Lee Beld,4319,Write-In,57
General_2023,City Council,LYNDEN,Pos. 3,6,< 25%,4212,Gary A. Vis,4249,Write-In,37
General_2023,City Council,LYNDEN,Pos. 4,6,< 25%,4157,Brent Lenssen,4190,Write-In,33
General_2023,City Council,LYNNWOOD,Pos. 4,1614,> 50%,1852,Nick Coelho,4411,Jim Smith,2559
General_2023,City Council,LYNNWOOD,Pos. 5,1614,> 50%,1824,Julieta Altamirano Crosby,4328,Robert Leutwyler,2504
General_2023,City Council,LYNNWOOD,Pos. 6,1614,25-50%,5247,George Hurst,5526,Write-In,279
General_2023,City Council,LYNNWOOD,Pos. 7,1614,25-50%,3828,David Parshall,5258,Derek Hanusch,1430
General_2023,City Council,MABTON,Pos. 2,1,< 25%,19,Sophia G. Sotelo,95,Antonio Moreno,76
General_2023,City Council,MABTON,Pos. 3,1,< 25%,11,Mary D. Alvarado,91,Ann M. Morales,80
General_2023,City Council,MABTON,Pos. 4,1,< 25%,21,Vera C. Zavala,95,Write-In,74
General_2023,City Council,MABTON,Pos. 5,1,< 25%,10,Arturo De La Fuente,87,Write-In,77
General_2023,City Council,MALDEN,Pos. 2,1,< 25%,29,Danielle Roth,30,Write-In,1
General_2023,City Council,MALDEN,Pos. 4,1,< 25%,28,Robert Law,29,Write-In,1
General_2023,City Council,MALDEN,Pos. 5,1,< 25%,28,Lori Dickinson,29,Write-In,1
General_2023,City Council,MANSFIELD,Pos. 1,0,< 25%,107,Jaci Bayless,108,Write-In,1
General_2023,City Council,MANSFIELD,Pos. 3,0,< 25%,108,Mikki L Lamar,109,Write-In,1
General_2023,City Council,MANSFIELD,Pos. 5,0,< 25%,117,Keldon Jardine,117,Write-In,0
General_2023,City Council,MAPLE VALLEY,Pos. 1,181,< 25%,4155,Sean P. Kelly,4281,Write-In,126
General_2023,City Council,MAPLE VALLEY,Pos. 2,181,< 25%,4133,Didem Pierson,4213,Write-In,80
General_2023,City Council,MAPLE VALLEY,Pos. 3,181,< 25%,3813,Leslie Burberry,3936,Write-In,123
General_2023,City Council,MAPLE VALLEY,Pos. 5,181,< 25%,4140,Syd Dawson,4206,Write-In,66
General_2023,City Council,MAPLE VALLEY,Pos. 7,181,< 25%,4158,John Herbert,4213,Write-In,55
General_2023,City Council,MARCUS,Pos. 2,0,< 25%,33,Sharon DePaulo,37,Write-In,4
General_2023,City Council,MARCUS,Pos. 4,0,< 25%,41,Dan Bentley,41,Write-In,0
General_2023,City Council,MARCUS,Pos. 5,0,< 25%,35,Janet Worden,37,Write-In,2
General_2023,City Council,MARYSVILLE,Pos. 1,310,< 25%,10091,Peter Condyles,10259,Write-In,168
General_2023,City Council,MARYSVILLE,Pos. 5,310,< 25%,9909,Kelly Richards,10079,Write-In,170
General_2023,City Council,MARYSVILLE,Pos. 6,310,< 25%,9077,Stephen Muller,9354,Write-In,277
General_2023,City Council,MARYSVILLE,Pos. 7,310,< 25%,9889,Kamille Norton,10031,Write-In,142
General_2023,City Council,MATTAWA,Pos. 1,0,< 25%,93,Sun M Hwang,95,Write-In,2
General_2023,City Council,MATTAWA,Pos. 2,0,< 25%,91,Brian Berghout,94,Write-In,3
General_2023,City Council,MATTAWA,Pos. 5,0,< 25%,94,Alexander Heredia,96,Write-In,2
General_2023,City Council,MATTAWA,Pos. 6,0,< 25%,31,Fabiola Hernandez,72,Amanda S. Havens,41
General_2023,City Council,MCCLEARY,Pos. 1,0,< 25%,258,Jacob Simmons,269,Write-In,11
General_2023,City Council,MCCLEARY,Pos. 2,0,< 25%,254,Brycen Huff,267,Write-In,13
General_2023,City Council,MEDICAL LAKE,Pos. 2,2,< 25%,802,Ted Olson,834,Write-In,32
General_2023,City Council,MEDICAL LAKE,Pos. 5,2,< 25%,823,Lance Speirs,841,Write-In,18
General_2023,City Council,MEDICAL LAKE,Pos. 6,2,< 25%,805,Keli Shaffer,825,Write-In,20
General_2023,City Council,MEDICAL LAKE,Pos. 7,2,< 25%,830,Chad Pritchard,846,Write-In,16
General_2023,City Council,MEDINA,Pos. 2,24,< 25%,470,Harini Gokul,473,Write-In,3
General_2023,City Council,MEDINA,Pos. 4,24,< 25%,458,Michael Luis,462,Write-In,4
General_2023,City Council,MEDINA,Pos. 6,24,< 25%,401,Joseph Brazen,422,Write-In,21
General_2023,City Council,MERCER ISLAND,Pos. 1,149,< 25%,5597,Dave Rosenbaum,5664,Write-In,67
General_2023,City Council,MERCER ISLAND,Pos. 3,149,< 25%,5642,Wendy Weiker,5723,Write-In,81
General_2023,City Council,MERCER ISLAND,Pos. 5,149,< 25%,998,Craig Reynolds,4485,Michael D. Curry,3487
General_2023,City Council,MERCER ISLAND,Pos. 7,149,< 25%,4623,Jake Jacobson,6219,Andrew B. Friedman,1596
General_2023,City Council,MESA,Pos. 2,1,< 25%,28,Agustin Garcia,29,Write-In,1
General_2023,City Council,MESA,Pos. 3,1,< 25%,30,Brandon Eveland,30,Write-In,0
General_2023,City Council,MESA,Pos. 4,1,< 25%,28,Jay Michael Dillard,28,Write-In,0
General_2023,City Council,METALINE,Pos. 3,0,< 25%,62,Jade MacArthur,63,Write-In,1
General_2023,City Council,METALINE,Pos. 3,0,< 25%,48,Samuel McGeorge,56,Write-In,8
General_2023,City Council,METALINE,Pos. 4,0,< 25%,31,Mike Flanagan,51,Liam Reagan,20
General_2023,City Council,METALINE,Pos. 5,0,< 25%,42,Richard Reiber,59,William Bisson,17
General_2023,City Council,METALINE,Pos. 5,0,< 25%,51,Tessin Maxwell,57,Write-In,6
General_2023,City Council,MILL CREEK,Pos. 6,217,< 25%,3491,Melissa Duque,3679,Write-In,188
General_2023,City Council,MILL CREEK,Pos. 7,217,< 25%,3452,Sean Paddock,3628,Write-In,176
General_2023,City Council,MILL CREEK,Pos. 5,217,> 50%,82,Vincent J. Cavaleri,2457,Tannis Golebiewski,2375
General_2023,City Council,MILLWOOD,Pos. 3,0,< 25%,117,Kelly Stravens,279,Write-In,162
General_2023,City Council,MILLWOOD,Pos. 4,0,< 25%,340,Andy Van Hees,353,Write-In,13
General_2023,City Council,MILLWOOD,Pos. 5,0,< 25%,103,Shaun Culler,265,Write-In,162
General_2023,City Council,MILTON,Pos. 2,12,< 25%,53,Michael Ulrich,53,Write-In,0
General_2023,City Council,MILTON,Pos. 3,12,< 25%,51,Andrea L Adams,52,Write-In,1
General_2023,City Council,MILTON,Pos. 4,12,< 25%,51,Karin Vail,51,Write-In,0
General_2023,City Council,MILTON,Pos. 4,12,< 25%,1179,Tim Ceder,1203,Write-In,24
General_2023,City Council,MILTON,Pos. 6,12,< 25%,1113,Frances Hall,1150,Write-In,37
General_2023,City Council,MILTON,Pos. 7,12,< 25%,1095,Robert C. Whalen,1137,Write-In,42
General_2023,City Council,MILTON,Pos. 1,12,> 50%,21,Timothy Morrison,37,Jay Lindstrom,16
General_2023,City Council,MONROE,Pos. 4,85,< 25%,1231,Heather K. Fulcher,2484,Melanie Lockhart,1253
General_2023,City Council,MONROE,Pos. 5,85,< 25%,386,Jacob Walker,2095,Junelle Lewis,1709
General_2023,City Council,MONROE,Pos. 6,85,< 25%,2378,Jason Gamble,2523,Write-In,145
General_2023,City Council,MONTESANO,Pos. 4,1,< 25%,553,David Skaramuca,569,Write-In,16
General_2023,City Council,MONTESANO,Pos. 5,1,< 25%,563,Val Jester,579,Write-In,16
General_2023,City Council,MONTESANO,Pos. 7,1,< 25%,553,Dawn Thomas,568,Write-In,15
General_2023,City Council,MORTON,Pos. 1,0,< 25%,129,Jason Sawyer,225,Dennis Morningstar,96
General_2023,City Council,MORTON,Pos. 2,0,< 25%,253,Bob Boyer,260,Write-In,7
General_2023,City Council,MORTON,Pos. 4,0,< 25%,208,Wendy McCully,218,Write-In,10
General_2023,City Council,MOSES LAKE,Pos. 3,36,< 25%,2292,Don Myers,2339,Write-In,47
General_2023,City Council,MOSES LAKE,Pos. 6,36,< 25%,592,Victor Lombardi,1805,Jeremy Nolan,1213
General_2023,City Council,MOSES LAKE,Pos. 7,36,< 25%,1611,David Skaug,2337,"Elisia ""Lisa"" Dalluge Eklund",726
General_2023,City Council,MOSSYROCK,Pos. 2,1,< 25%,56,Beatrice C. Minnear,57,Write-In,1
General_2023,City Council,MOSSYROCK,Pos. 3,1,< 25%,60,Shannon Mcarron,60,Write-In,0
General_2023,City Council,MOSSYROCK,Pos. 4,1,< 25%,60,Juliana Simon,61,Write-In,1
General_2023,City Council,MOSSYROCK,Pos. 5,1,< 25%,62,Teresa Quinlan,63,Write-In,1
General_2023,City Council,MOUNT VERNON,Ward 2 Pos. 1,37,< 25%,212,Andrew Vander Stoep,3319,Mark Hulst,3107
General_2023,City Council,MOUNT VERNON,Ward 3 Pos. 1,37,< 25%,4303,Mary Hudson,4384,Write-In,81
General_2023,City Council,MOUNT VERNON,Ward 1 Pos. 1,37,> 50%,49,Navor Tercero,3188,Lucy Madrigal,3139
General_2023,City Council,MOUNTLAKE TERRACE,Pos. 3,231,< 25%,3524,Rory Paine-Donovan,3582,Write-In,58
General_2023,City Council,MOUNTLAKE TERRACE,Pos. 5,231,< 25%,3568,Bryan Wahl,3615,Write-In,47
General_2023,City Council,MOUNTLAKE TERRACE,Pos. 6,231,< 25%,3535,Laura Sonmore,3588,Write-In,53
General_2023,City Council,MOUNTLAKE TERRACE,Pos. 7,231,< 25%,3094,Erin Murray,3201,Write-In,107
General_2023,City Council,MOXEE,Pos. 3,7,< 25%,284,Janet Hutchinson,287,Write-In,3
General_2023,City Council,MOXEE,Pos. 4,7,< 25%,281,David Roy,285,Write-In,4
General_2023,City Council,MOXEE,Pos. 5,7,< 25%,275,Lawrence Frank,280,Write-In,5
General_2023,City Council,MUKILTEO,Pos. 4,239,< 25%,1475,Richard Emery,3920,Ashvin Sanghvi,2445
General_2023,City Council,MUKILTEO,Pos. 5,239,< 25%,1260,Michael (Mike) Dixon,3791,Riaz Khan,2531
General_2023,City Council,MUKILTEO,Pos. 7,239,< 25%,4877,Jason Moon,4958,Write-In,81
General_2023,City Council,MUKILTEO,Pos. 6,239,25-50%,862,Donna Vago,3525,Dode Carlson,2663
General_2023,City Council,NACHES,Pos. 2,1,< 25%,105,Tiffany Sigler,184,Matthew (Matt) McCoy,79
General_2023,City Council,NACHES,Pos. 4,1,< 25%,131,Denny Carrell,206,Robert A. Weekes,75
General_2023,City Council,NACHES,Pos. 5,1,25-50%,2,Suzi Williams,120,Julie Birge,118
General_2023,City Council,NAPAVINE,Pos. 2,0,< 25%,352,Ivan L Wiediger,364,Write-In,12
General_2023,City Council,NAPAVINE,Pos. 3,0,< 25%,344,Donald Webster,362,Write-In,18
General_2023,City Council,NAPAVINE,Pos. 5,0,< 25%,348,Duane Crouse,363,Write-In,15
General_2023,City Council,NESPELEM,Pos. 2,0,< 25%,15,Sally Hutton,15,Write-In,0
General_2023,City Council,NESPELEM,Pos. 4,0,< 25%,13,Victor P Becker,13,Write-In,0
General_2023,City Council,NEWCASTLE,Pos. 3,117,> 50%,14,Tom Griffin,1570,Allison Sweeney,1556
General_2023,City Council,NEWCASTLE,Pos. 4,117,> 50%,76,Steve Tallman,1603,Chris Villasenor,1527
General_2023,City Council,NEWCASTLE,Pos. 1,117,25-50%,467,Sun Burford,1795,Len Trautman,1328
General_2023,City Council,NEWCASTLE,Pos. 2,117,25-50%,333,Ariana Sherlock,1723,Amanda W. Li,1390
General_2023,City Council,NEWPORT,Pos. 2,1,< 25%,271,Elizabeth Spring,281,Write-In,10
General_2023,City Council,NEWPORT,Pos. 4,1,< 25%,289,Mark K. Zorica,299,Write-In,10
General_2023,City Council,NEWPORT,Pos. 5,1,< 25%,286,Nathan Longly,293,Write-In,7
General_2023,City Council,NOOKSACK,Pos. 4,0,< 25%,295,Dave Finet,304,Write-In,9
General_2023,City Council,NOOKSACK,Pos. 5,0,< 25%,316,Marshall Judy,321,Write-In,5
General_2023,City Council,NORMANDY PARK,Pos. 1,16,< 25%,1582,Sheri Healey,1596,Write-In,14
General_2023,City Council,NORMANDY PARK,Pos. 3,16,< 25%,1515,Shawn McEvoy,1543,Write-In,28
General_2023,City Council,NORMANDY PARK,Pos. 5,16,< 25%,1535,Jack Lamanna,1550,Write-In,15
General_2023,City Council,NORMANDY PARK,Pos. 7,16,< 25%,1571,Sue-Ann Hohimer,1604,Write-In,33
General_2023,City Council,NORTH BEND,Pos. 1,31,< 25%,571,Christina Rustik,1697,Errol Tremolada,1126
General_2023,City Council,NORTH BEND,Pos. 3,31,< 25%,2052,Heather Koellen,2087,Write-In,35
General_2023,City Council,NORTH BEND,Pos. 5,31,< 25%,1389,Brenden Elwood,2085,Jason Ritchey,696
General_2023,City Council,NORTH BEND,Pos. 7,31,< 25%,2046,Suzan Torguson,2077,Write-In,31
General_2023,City Council,NORTH BONNEVILLE,Pos. 3,2,< 25%,123,Margie Lee,132,Write-In,9
General_2023,City Council,NORTH BONNEVILLE,Pos. 4,2,< 25%,111,Taurus Baxter,121,Write-In,10
General_2023,City Council,NORTH BONNEVILLE,Pos. 5,2,< 25%,143,Joshua Good,151,Write-In,8
General_2023,City Council,NORTHPORT,Pos. 1,0,< 25%,62,Kathleen (Kathy) Thomas,65,Write-In,3
General_2023,City Council,NORTHPORT,Pos. 2,0,< 25%,66,Donna Godes,66,Write-In,0
General_2023,City Council,NORTHPORT,Pos. 4,0,< 25%,66,Seth Straayer,67,Write-In,1
General_2023,City Council,OAK HARBOR,Pos. 1,22,< 25%,2911,Tara Hizon,2992,Write-In,81
General_2023,City Council,OAK HARBOR,Pos. 2,22,< 25%,112,Chris Wiegenstein,1934,Andy Plumlee,1822
General_2023,City Council,OAK HARBOR,Pos. 3,22,< 25%,2893,Eric Marshall,2956,Write-In,63
General_2023,City Council,OAK HARBOR,Pos. 4,22,< 25%,192,Barbara Armes,1982,John Chaszar,1790
General_2023,City Council,OAKESDALE,Pos. 1,0,< 25%,143,A. Evans,147,Write-In,4
General_2023,City Council,OAKESDALE,Pos. 2,0,< 25%,152,Bill Auvil,153,Write-In,1
General_2023,City Council,OAKESDALE,Pos. 3,0,< 25%,156,Bruce Palmer,156,Write-In,0
General_2023,City Council,OAKVILLE,Pos. 1,0,< 25%,96,Bill Breedlove,102,Write-In,6
General_2023,City Council,OAKVILLE,Pos. 2,0,< 25%,98,Allen John Werth,101,Write-In,3
General_2023,City Council,OAKVILLE,Pos. 3,0,< 25%,58,Aurelia Smith,77,Write-In,19
General_2023,City Council,OCEAN SHORES,Pos. 2,2,< 25%,138,Thomas Taylor,1775,Bob Peterson,1637
General_2023,City Council,OCEAN SHORES,Pos. 3,2,< 25%,16,Lisa Griebel,1768,Susan Conniry,1752
General_2023,City Council,OCEAN SHORES,Pos. 4,2,< 25%,604,Alison Cline,2031,Caroline M. Emmert,1427
General_2023,City Council,OCEAN SHORES,Pos. 6,2,> 50%,1,Richard Wills,1740,PJ Faria,1739
General_2023,City Council,ODESSA,Pos. 1,0,< 25%,249,Victoria S. Iverson,255,Write-In,6
General_2023,City Council,ODESSA,Pos. 2,0,< 25%,268,Josh Clark,271,Write-In,3
General_2023,City Council,ODESSA,Pos. 5,0,< 25%,52,Marlene K Kramer,183,Laura Caler,131
General_2023,City Council,OKANOGAN,Pos. 1,2,< 25%,291,Lisa J. Bauer,304,Write-In,13
General_2023,City Council,OKANOGAN,Pos. 4,2,< 25%,280,Robert Chilcote,292,Write-In,12
General_2023,City Council,OKANOGAN,Pos. 6,2,< 25%,298,Denise Helen Varner,307,Write-In,9
General_2023,City Council,OKANOGAN,Pos. 7,2,< 25%,274,John Lyles,286,Write-In,12
General_2023,City Council,OLYMPIA,Pos. 2,371,< 25%,11366,Yen Huynh,11835,Write-In,469
General_2023,City Council,OLYMPIA,Pos. 3,371,< 25%,11393,Dani Madrone,11851,Write-In,458
General_2023,City Council,OMAK,Pos. 4,3,< 25%,619,David A. Womack,635,Write-In,16
General_2023,City Council,OMAK,Pos. 5,3,< 25%,597,Barry Wayne Freel,616,Write-In,19
General_2023,City Council,OMAK,Pos. 6,3,< 25%,578,Stephen D Clark,596,Write-In,18
General_2023,City Council,OMAK,Pos. 7,3,< 25%,541,Meyer Louie,566,Write-In,25
General_2023,City Council,OROVILLE,Pos. 1,1,< 25%,17,Tasha Shaw,192,Paul Bouchard,175
General_2023,City Council,OROVILLE,Pos. 3,1,< 25%,297,Richard Werner,307,Write-In,10
General_2023,City Council,OROVILLE,Pos. 4,1,< 25%,70,Walter A. Hart III,216,Robert Fuchs,146
General_2023,City Council,OROVILLE,Pos. 5,1,< 25%,312,Kolo Moser,320,Write-In,8
General_2023,City Council,ORTING,Pos. 4,22,< 25%,896,Jeff Sproul,926,Write-In,30
General_2023,City Council,ORTING,Pos. 6,22,< 25%,886,Gregory Alan Hogan,915,Write-In,29
General_2023,City Council,ORTING,Pos. 5,22,> 50%,10,Stanley Holland,590,Chris Hopfauf,580
General_2023,City Council,OTHELLO,Pos. 5,4,< 25%,501,Danae Valdez Gonzales,507,Write-In,6
General_2023,City Council,OTHELLO,Pos. 6,4,< 25%,542,Mark Thomas Snyder,546,Write-In,4
General_2023,City Council,OTHELLO,Pos. 7,4,< 25%,457,Angel Garza,480,Write-In,23
General_2023,City Council,OTHELLO,Pos. 4,4,> 50%,4,Darryl Barnes,313,Eugene Bain,309
General_2023,City Council,PACIFIC,Pos. 3,42,< 25%,222,Joshua Putnam,541,Aarron Fahrenkrug,319
General_2023,City Council,PACIFIC,Pos. 6,42,< 25%,548,Jack Stutler,576,Write-In,28
General_2023,City Council,PACIFIC,Pos. 1,42,> 50%,65,Katherine Garberding,467,Jeremy Scrivner,402
General_2023,City Council,PALOUSE,Pos. 2,0,< 25%,82,Angie Griner,239,Write-In,157
General_2023,City Council,PALOUSE,Pos. 3,0,< 25%,345,Leslie Jo Sena,354,Write-In,9
General_2023,City Council,PALOUSE,Pos. 5,0,< 25%,280,Write-In,379,Lesa Neumann,99
General_2023,City Council,PALOUSE,Pos. 6,0,< 25%,335,Robert Brooks,346,Write-In,11
General_2023,City Council,PASCO,District 3,57,< 25%,725,Leo A. Perales,1599,Irving Lee Brown Sr,874
General_2023,City Council,PASCO,District 5,57,< 25%,1118,David Milne,1824,James Czebotar,706
General_2023,City Council,PASCO,Pos. 7,57,< 25%,1370,Peter Harpster,5144,Kim Lehrman,3774
General_2023,City Council,PASCO,District 2,57,25-50%,213,Charles Grimm,668,J.R. Campos,455
General_2023,City Council,PATEROS,Pos. 3,1,< 25%,107,ROBERT BRUCE HENNE,111,Write-In,4
General_2023,City Council,PATEROS,Pos. 4,1,< 25%,106,Michael L. Harding,110,Write-In,4
General_2023,City Council,PATEROS,Pos. 5,1,< 25%,99,Frank Herbert,104,Write-In,5
General_2023,City Council,PE ELL,Pos. 3,1,< 25%,76,Jilona Speer,85,Write-In,9
General_2023,City Council,PE ELL,Pos. 4,1,< 25%,81,Kristi A. Milanowski,90,Write-In,9
General_2023,City Council,PE ELL,Pos. 5,1,< 25%,81,Christopher Dodd,88,Write-In,7
General_2023,City Council,PORT ANGELES,Pos. 2,16,< 25%,3716,Drew Schwab,3788,Write-In,72
General_2023,City Council,PORT ANGELES,Pos. 5,16,< 25%,560,Amy Miller,3292,Jim Haguewood,2732
General_2023,City Council,PORT ANGELES,Pos. 6,16,< 25%,792,Navarra Carr,3379,Mark Karjalainen,2587
General_2023,City Council,PORT ANGELES,Pos. 7,16,< 25%,258,Brendan Meyer,2988,Kalli Mae Jones,2730
General_2023,City Council,PORT ORCHARD,At-Large,36,< 25%,189,John Morrissey,1996,Kaylan Marie O'Connor,1807
General_2023,City Council,PORT ORCHARD,Pos. 1,36,< 25%,1515,Mark Trenary,2656,Wilbur L Hart,1141
General_2023,City Council,PORT ORCHARD,Pos. 4,36,< 25%,1255,Eric Worden,2615,John W Clauson,1360
General_2023,City Council,PORT ORCHARD,Pos. 5,36,< 25%,343,Heidi Fenton,2127,Cindy Lucarelli,1784
General_2023,City Council,PORT TOWNSEND,Pos. 3,9,< 25%,3178,Monica MickHager,3272,Write-In,94
General_2023,City Council,PORT TOWNSEND,Pos. 4,9,< 25%,3121,Owen Rowe,3201,Write-In,80
General_2023,City Council,PORT TOWNSEND,Pos. 6,9,< 25%,3181,Amy Howard,3273,Write-In,92
General_2023,City Council,PORT TOWNSEND,Pos. 7,9,< 25%,2720,David J. Faber,2950,Write-In,230
General_2023,City Council,POULSBO,Pos. 2,29,< 25%,2432,Pam Crowe,2488,Write-In,56
General_2023,City Council,POULSBO,Pos. 3,29,< 25%,2332,Britt Livdahl,2410,Write-In,78
General_2023,City Council,POULSBO,Pos. 1,29,25-50%,87,Rick Eckert,1707,Zach Ellis,1620
General_2023,City Council,POULSBO,Pos. 4,29,25-50%,65,Doug Newell,1702,Reba Harris,1637
General_2023,City Council,PRESCOTT,Pos. 1,0,< 25%,55,Jason Norris,57,Write-In,2
General_2023,City Council,PRESCOTT,Pos. 3,0,< 25%,50,Doug Venn,54,Write-In,4
General_2023,City Council,PRESCOTT,Pos. 4,0,< 25%,59,Kathleen Oliver,61,Write-In,2
General_2023,City Council,PROSSER,Pos. 4,1,< 25%,154,Maricela Sanchez,755,Jim Chesley,601
General_2023,City Council,PROSSER,Pos. 5,1,< 25%,267,Carolina Warwick,781,Devin Matheny,514
General_2023,City Council,PROSSER,Pos. 6,1,< 25%,977,Steven W Becken,1000,Write-In,23
General_2023,City Council,PROSSER,Pos. 7,1,< 25%,477,Anna Kellogg,896,Stephanie Groom,419
General_2023,City Council,PULLMAN,Pos. 1,94,< 25%,377,Nathan Weller,389,Write-In,12
General_2023,City Council,PULLMAN,Pos. 2,94,< 25%,388,Carla Marcela De Lira,395,Write-In,7
General_2023,City Council,PULLMAN,Pos. 4,94,< 25%,1695,Ann Parks,2203,Dan Maher,508
General_2023,City Council,PULLMAN,Pos. 3,94,> 50%,180,Pat Wright,630,CJ Robert,450
General_2023,City Council,PULLMAN,Pos. 6,94,25-50%,291,Eric Fejeran,2285,Holly Greystone,1994
General_2023,City Council,PUYALLUP,Pos. 1,381,< 25%,1940,Lauren Adler,1993,Write-In,53
General_2023,City Council,PUYALLUP,Pos. 1,381,< 25%,2415,Ned Witting,2467,Write-In,52
General_2023,City Council,PUYALLUP,Pos. 1,381,> 50%,448,Dean Johnson,2002,Joe Colombo,1554
General_2023,City Council,PUYALLUP,At-Large,381,25-50%,775,Renne Gilliam,4945,Shellie Willis,4170
General_2023,City Council,QUINCY,Pos. 1,2,< 25%,772,Josey Ferguson,785,Write-In,13
General_2023,City Council,QUINCY,Pos. 3,2,< 25%,765,Thomas Harris,778,Write-In,13
General_2023,City Council,QUINCY,Pos. 6,2,< 25%,11,Jim Kling,486,Manny Rodriguez,475
General_2023,City Council,QUINCY,Pos. 7,2,< 25%,765,Dylan Kling,773,Write-In,8
General_2023,City Council,RAINIER,Pos. 4,6,< 25%,356,Ron Kemp,371,Write-In,15
General_2023,City Council,RAINIER,Pos. 2,6,> 50%,1,Ryan Roth,247,Damion Green,246
General_2023,City Council,RAYMOND,Pos. 1,1,< 25%,358,Jovon P. Vaughn,386,Write-In,28
General_2023,City Council,RAYMOND,Pos. 3,1,< 25%,399,Karen Tully,415,Write-In,16
General_2023,City Council,RAYMOND,Pos. 6,1,< 25%,375,Ian Farrell,391,Write-In,16
General_2023,City Council,RAYMOND,Pos. 7,1,< 25%,376,Steve Jones,390,Write-In,14
General_2023,City Council,REARDAN,Pos. 1,0,< 25%,119,Dan L. Graham,119,Write-In,0
General_2023,City Council,REDMOND,Pos. 3,1561,< 25%,8256,Jessica Forsythe,8390,Write-In,134
General_2023,City Council,REDMOND,Pos. 5,1561,< 25%,8228,Vanessa Kritzer,8350,Write-In,122
General_2023,City Council,REDMOND,Pos. 7,1561,> 50%,844,Angie Nuevacamina,5941,David M. Carson,5097
General_2023,City Council,REDMOND,Pos. 1,1561,25-50%,4577,Osman Salahuddin,7841,Nate Niederhausern,3264
General_2023,City Council,RENTON,Pos. 5,1321,> 50%,2568,Ed Prince,8659,Marvin Rosete,6091
General_2023,City Council,RENTON,Pos. 7,1321,> 50%,1452,Kim-Khanh Van,8218,Randy Corman,6766
General_2023,City Council,RENTON,Pos. 3,1321,25-50%,3855,Valerie O'Halloran,9308,Erica J. Conway,5453
General_2023,City Council,RENTON,Pos. 4,1321,25-50%,4846,Ryan McIrvin,9887,Sanjeev Yonzon,5041
General_2023,City Council,REPUBLIC,Pos. 1,2,< 25%,225,Liz Stinson,232,Write-In,7
General_2023,City Council,REPUBLIC,Pos. 2,2,< 25%,236,Marty Rugo,241,Write-In,5
General_2023,City Council,REPUBLIC,Pos. 3,2,< 25%,171,Mari J Olsen,236,Jaina Bledsoe,65
General_2023,City Council,RICHLAND,Pos. 1,223,< 25%,4059,Jhoanna R. Jones,9693,Allison Ball,5634
General_2023,City Council,RICHLAND,Pos. 2,223,< 25%,3119,Theresa A Richardson,9320,"Elizabeth ""Liz"" Vann-Clark",6201
General_2023,City Council,RICHLAND,Pos. 5,223,< 25%,5466,D. Shayne VanDyke,10352,Gregery Levy,4886
General_2023,City Council,RICHLAND,Pos. 5,223,< 25%,2979,David Fetto,3120,Write-In,141
General_2023,City Council,RICHLAND,Pos. 6,223,< 25%,1987,Kurt H. Maier,8641,Kent Madsen,6654
General_2023,City Council,RICHLAND,Pos. 6,223,< 25%,3274,Fred Brink,3359,Write-In,85
General_2023,City Council,RICHLAND,Pos. 7,223,< 25%,2503,Ryan Whitten,8862,Joshua Short,6359
General_2023,City Council,RICHLAND,Pos. 7,223,> 50%,266,Kate Moran,2517,David Cole,2251
General_2023,City Council,RIDGEFIELD,Pos. 2,55,< 25%,2360,Clyde Burkle,2404,Write-In,44
General_2023,City Council,RIDGEFIELD,Pos. 4,55,< 25%,2358,Matt Cole,2383,Write-In,25
General_2023,City Council,RIDGEFIELD,Pos. 5,55,< 25%,2327,Rob Aichele,2363,Write-In,36
General_2023,City Council,RIDGEFIELD,Pos. 7,55,< 25%,2338,Judy Chipman,2372,Write-In,34
General_2023,City Council,RIDGEFIELD,Pos. 3,55,> 50%,82,Lee E. Wells,1572,Mark D. Tyler,1490
General_2023,City Council,RITZVILLE,Ward 1,0,< 25%,195,Jessica Quinn,387,Dede Boyer,192
General_2023,City Council,RITZVILLE,Ward 2,0,< 25%,432,Garrett Alan Blauert,445,Write-In,13
General_2023,City Council,RITZVILLE,Ward 4,0,< 25%,387,Dennis R Chamberlain,412,Write-In,25
General_2023,City Council,RIVERSIDE,Pos. 3,1,< 25%,38,Eric Knapp,38,Write-In,0
General_2023,City Council,RIVERSIDE,Pos. 4,1,< 25%,41,Chuck Everts,41,Write-In,0
General_2023,City Council,RIVERSIDE,Pos. 5,1,< 25%,39,Jennifer Sherwood,39,Write-In,0
General_2023,City Council,ROCK ISLAND,Pos. 1,1,< 25%,102,Tara Whaley,105,Write-In,3
General_2023,City Council,ROCK ISLAND,Pos. 2,1,< 25%,107,Paul J Downs,109,Write-In,2
General_2023,City Council,ROCK ISLAND,Pos. 4,1,< 25%,100,Niko Gabaldo,104,Write-In,4
General_2023,City Council,ROCK ISLAND,Pos. 5,1,< 25%,99,Carmen Andonaegui,104,Write-In,5
General_2023,City Council,ROSALIA,Pos. 2,0,< 25%,112,Valerie Bryan,119,Write-In,7
General_2023,City Council,ROSALIA,Pos. 4,0,< 25%,121,Ryan Diamond,122,Write-In,1
General_2023,City Council,ROSLYN,Pos. 1,0,< 25%,247,Shannon O'Malley,248,Write-In,1
General_2023,City Council,ROSLYN,Pos. 2,0,< 25%,256,Geoff Scherer,261,Write-In,5
General_2023,City Council,ROSLYN,Pos. 4,0,< 25%,222,Catherine Cook,295,Karl Ohlemann,73
General_2023,City Council,ROSLYN,Pos. 7,0,< 25%,249,Nolan Walter Weis,261,Write-In,12
General_2023,City Council,ROY,Pos. 1,4,< 25%,452,Rachel Anderson,459,Write-In,7
General_2023,City Council,ROY,Pos. 1,4,< 25%,64,Clayton Grubb,66,Write-In,2
General_2023,City Council,ROY,Pos. 2,4,< 25%,98,Roni Field,314,James R. Fuchs,216
General_2023,City Council,ROY,Pos. 2,4,< 25%,69,Yvonne Starks,70,Write-In,1
General_2023,City Council,ROY,Pos. 2,4,< 25%,79,Perla Garcia,80,Write-In,1
General_2023,City Council,ROY,Pos. 3,4,< 25%,289,Kurt L.Tetrick,406,Leann Clayton,117
General_2023,City Council,ROY,Pos. 3,4,< 25%,80,Hector Rodriguez,81,Write-In,1
General_2023,City Council,ROY,Pos. 4,4,< 25%,70,Harvey L. Gilchrist,71,Write-In,1
General_2023,City Council,ROY,Pos. 5,4,< 25%,416,John Hirsch,429,Write-In,13
General_2023,City Council,ROY,Pos. 5,4,< 25%,69,Bill Starks,70,Write-In,1
General_2023,City Council,ROY,Pos. 4,4,> 50%,2,Ryan Piercy,49,Stanton Fanning,47
General_2023,City Council,RUSTON,Pos. 3,4,< 25%,287,James Hedrick,306,Write-In,19
General_2023,City Council,RUSTON,Pos. 5,4,< 25%,261,Lynn Syler,286,Write-In,25
General_2023,City Council,SAMMAMISH,Pos. 3,908,> 50%,868,Sid Gupta,7187,Pamela Randolph,6319
General_2023,City Council,SAMMAMISH,Pos. 4,908,> 50%,418,Kent Treen,6962,Kerry Bosworth,6544
General_2023,City Council,SAMMAMISH,Pos. 2,908,25-50%,2486,Roisin O'Farrell,7876,Uma Coimbature,5390
General_2023,City Council,SAMMAMISH,Pos. 6,908,25-50%,2381,Pam Stuart,8044,Josh Amato,5663
General_2023,City Council,SEATAC,Pos. 1,1163,> 50%,367,Senayet Negusse,2228,Amy Rotter,1861
General_2023,City Council,SEATAC,Pos. 3,1163,> 50%,1370,Peter Kwon,2779,Elizabeth Greninger,1409
General_2023,City Council,SEATAC,Pos. 5,1163,> 50%,222,James Lovell,2155,Brian Millican,1933
General_2023,City Council,SEATAC,Pos. 7,1163,> 50%,803,Joe Vinson,2448,Damiana Merryweather,1645
General_2023,City Council,SEATTLE,District 1,8052,> 50%,2951,Rob Saka,18382,Maren Costa,15431
General_2023,City Council,SEATTLE,District 2,8052,> 50%,403,Tammy J. Morales,13123,Tanya Woo,12720
General_2023,City Council,SEATTLE,District 3,8052,> 50%,2096,Joy Hollingsworth,17805,Alex Hudson,15709
General_2023,City Council,SEATTLE,District 4,8052,> 50%,235,Maritza Rivera,14221,Ron Davis,13986
General_2023,City Council,SEATTLE,District 5,8052,> 50%,8605,Cathy Moore,19334,ChrisTiana ObeySumner,10729
General_2023,City Council,SEATTLE,District 6,8052,> 50%,2015,Dan Strauss,20601,Pete Hanning,18586
General_2023,City Council,SEATTLE,District 7,8052,> 50%,439,Bob Kettle,11951,Andrew J. Lewis,11512
General_2023,City Council,SEDRO-WOOLLEY,Ward 1,5,< 25%,211,Kevin Loy,278,Judith Dunn,67
General_2023,City Council,SEDRO-WOOLLEY,Ward 5,5,< 25%,143,Paul Cocke,271,Ed Iriarte,128
General_2023,City Council,SEDRO-WOOLLEY,Ward 4,5,> 50%,8,Allan Henderson,258,Kevin Riley,250
General_2023,City Council,SELAH,Pos. 4,9,< 25%,1170,Clifford B. Peterson,1227,Write-In,57
General_2023,City Council,SELAH,Pos. 5,9,< 25%,776,William Longmire,1092,Write-In,316
General_2023,City Council,SELAH,Pos. 6,9,< 25%,1281,Michael Costello,1310,Write-In,29
General_2023,City Council,SELAH,Pos. 7,9,< 25%,622,David Monaghan,1003,Write-In,381
General_2023,City Council,SEQUIM,Pos. 1,19,< 25%,1490,Kathy Downer,2382,William Armacost,892
General_2023,City Council,SEQUIM,Pos. 2,19,< 25%,782,Dan Butler,2025,Jim Black,1243
General_2023,City Council,SEQUIM,Pos. 6,19,< 25%,994,Harmony Rutter,2110,Patrick Day,1116
General_2023,City Council,SEQUIM,Pos. 7,19,< 25%,2152,Tom Ferrell,2171,Write-In,19
General_2023,City Council,SHELTON,Pos. 1,20,< 25%,235,George Blush,852,Tristen Smith,617
General_2023,City Council,SHELTON,Pos. 2,20,< 25%,311,Melissa Stearns,870,Kathleen McDowell,559
General_2023,City Council,SHELTON,Pos. 5,20,> 50%,35,Tom Gilmore,718,Mark Frazier,683
General_2023,City Council,SHORELINE,Pos. 2,580,< 25%,9669,Keith Scully,9830,Write-In,161
General_2023,City Council,SHORELINE,Pos. 6,580,< 25%,8827,Betsy Robertson,9090,Write-In,263
General_2023,City Council,SHORELINE,Pos. 4,580,25-50%,1362,Annette Ademasu,7037,Doris McConnell,5675
General_2023,City Council,SKYKOMISH,Pos. 1,0,< 25%,32,Mark Carroll,34,Write-In,2
General_2023,City Council,SKYKOMISH,Pos. 3,0,< 25%,31,Matt Carroll,33,Write-In,2
General_2023,City Council,SKYKOMISH,Pos. 5,0,< 25%,35,Gene Egan,36,Write-In,1
General_2023,City Council,SNOHOMISH,Pos. 2,227,< 25%,2032,Judith Kuleta,2102,Write-In,70
General_2023,City Council,SNOHOMISH,Pos. 3,227,< 25%,2033,Felix Neals,2082,Write-In,49
General_2023,City Council,SNOHOMISH,Pos. 1,227,> 50%,159,Maygen Hetherington,1559,John T. Kartak,1400
General_2023,City Council,SNOQUALMIE,Pos. 2,160,< 25%,1969,Rob Wotton,2002,Write-In,33
General_2023,City Council,SNOQUALMIE,Pos. 6,160,< 25%,1996,Cara Christensen,2019,Write-In,23
General_2023,City Council,SNOQUALMIE,Pos. 5,160,> 50%,39,Catherine (Cat) Cotton,1360,Mandeep Kaur Walia,1321
General_2023,City Council,SNOQUALMIE,Pos. 4,160,25-50%,389,Louis Ray Washington Jr.,1503,Carson Maestas,1114
General_2023,City Council,SOAP LAKE,Pos. 1,2,< 25%,253,Leslie Taylor,255,Write-In,2
General_2023,City Council,SOAP LAKE,Pos. 2,2,< 25%,259,John Carlson,260,Write-In,1
General_2023,City Council,SOAP LAKE,Pos. 5,2,< 25%,233,Susan Carson,235,Write-In,2
General_2023,City Council,SOAP LAKE,Pos. 6,2,< 25%,9,Peter Sharp,159,Megan Gould,150
General_2023,City Council,SOAP LAKE,Pos. 7,2,< 25%,32,Judith Gorman,176,JoAnn Rushton,144
General_2023,City Council,SOUTH,Pos. 1,0,< 25%,46,Wyatt Kuiken,215,Craig Spredeman,169
General_2023,City Council,SOUTH,Pos. 1,0,< 25%,62,Jeff Robbins,63,Write-In,1
General_2023,City Council,SOUTH,Pos. 2,0,< 25%,285,Darren Manlow,294,Write-In,9
General_2023,City Council,SOUTH,Pos. 2,0,< 25%,62,Shane Norris,63,Write-In,1
General_2023,City Council,SOUTH,Pos. 4,0,< 25%,60,Catherine Harris,62,Write-In,2
General_2023,City Council,SPANGLE,Pos. 3,0,< 25%,57,June Brumley,60,Write-In,3
General_2023,City Council,SPANGLE,Pos. 4,0,< 25%,60,Clyde Sample,62,Write-In,2
General_2023,City Council,SPANGLE,Pos. 5,0,< 25%,61,Austin Sievers,62,Write-In,1
General_2023,City Council,SPOKANE,President,708,< 25%,4522,Betsy Wilkerson,37006,Kim Plese,32484
General_2023,City Council,SPOKANE,District 3,708,< 25%,5153,Kitty Klitzke,15676,Earl Moore,10523
General_2023,City Council,SPOKANE,Pos. 2,708,< 25%,5934,Jessica Yaeger,13722,Rachel Briscoe,7788
General_2023,City Council,SPOKANE,Pos. 3,708,< 25%,6873,Al (Albert) Merkel,14226,Arne Woodard,7353
General_2023,City Council,SPOKANE,Pos. 6,708,> 50%,1109,Tim Hattenburg,11689,Rob Chase,10580
General_2023,City Council,SPOKANE,District 1,708,25-50%,1729,Michael Cathcart,7934,Lindsey Shaw,6205
General_2023,City Council,SPOKANE,District 2,708,25-50%,1871,Paul Dillon,14813,Katey Randall Treloar,12942
General_2023,City Council,SPRAGUE,Pos. 3,1,< 25%,82,Rose Rocky Henson,106,Write-In,24
General_2023,City Council,SPRAGUE,Pos. 4,1,< 25%,118,Patty Young Kanan,127,Write-In,9
General_2023,City Council,SPRAGUE,Pos. 5,1,< 25%,5,Jeffrey Smith,73,RonDel Krauter,68
General_2023,City Council,SPRINGDALE,Pos. 3,4,< 25%,46,Klaus Joeschke,47,Write-In,1
General_2023,City Council,SPRINGDALE,Pos. 5,4,< 25%,43,Christine Cannon,45,Write-In,2
General_2023,City Council,ST.,Pos. 1,0,< 25%,193,Lydia Smith,195,Write-In,2
General_2023,City Council,ST.,Pos. 2,0,< 25%,205,Denny Hinds,205,Write-In,0
General_2023,City Council,STANWOOD,Pos. 3,24,< 25%,1331,Darren Robb,1568,Chloe A. Pennington,237
General_2023,City Council,STANWOOD,Pos. 4,24,< 25%,746,Robert (Chili) Hicks,1275,Brian Kemp,529
General_2023,City Council,STANWOOD,Pos. 5,24,< 25%,1465,Steve Shepro,1494,Write-In,29
General_2023,City Council,STANWOOD,Pos. 6,24,< 25%,1445,Andreena Bergman,1475,Write-In,30
General_2023,City Council,STARBUCK,Pos. 1,0,< 25%,23,Charles Hill,43,Traci Mings,20
General_2023,City Council,STARBUCK,Pos. 3,0,< 25%,48,Don W. Jackson,54,Write-In,6
General_2023,City Council,STARBUCK,Pos. 5,0,< 25%,44,Britney Russell,48,Write-In,4
General_2023,City Council,STEILACOOM,Pos. 4,12,< 25%,1523,Nancy E. Henderson,1562,Write-In,39
General_2023,City Council,STEILACOOM,Pos. 5,12,< 25%,1438,Michael Johnson,1474,Write-In,36
General_2023,City Council,STEVENSON,Pos. 3,2,< 25%,203,Lucy E. J. Lauser,328,Write-In,125
General_2023,City Council,STEVENSON,Pos. 4,2,< 25%,375,Pat Rice,427,Mark Meyers,52
General_2023,City Council,STEVENSON,Pos. 5,2,< 25%,393,Dave Cox,401,Write-In,8
General_2023,City Council,SULTAN,Pos. 4,23,< 25%,910,Joseph Hund,940,Write-In,30
General_2023,City Council,SULTAN,Pos. 5,23,< 25%,922,Heidi Dawson,948,Write-In,26
General_2023,City Council,SULTAN,Pos. 7,23,< 25%,588,"Jeffrey Allen Beeler, Sr.",866,Winnthrop E. Maass,278
General_2023,City Council,SUMAS,Pos. 3,3,< 25%,23,Jessica Koehler,218,Bob Bromley,195
General_2023,City Council,SUMAS,Pos. 5,3,< 25%,66,Jesse Clawson,238,John Van Wingerden III,172
General_2023,City Council,SUMNER,Pos. 4,16,< 25%,1376,Carla Bowman,1402,Write-In,26
General_2023,City Council,SUMNER,Pos. 5,16,< 25%,1384,Cindi Hochstatter,1415,Write-In,31
General_2023,City Council,SUMNER,Pos. 6,16,< 25%,1412,Curt Brown,1431,Write-In,19
General_2023,City Council,SUMNER,Pos. 7,16,< 25%,1405,Andy Elfers,1431,Write-In,26
General_2023,City Council,SUNNYSIDE,Pos. 3,13,< 25%,102,Vicky Frausto,767,Luis M. Ochoa,665
General_2023,City Council,SUNNYSIDE,Pos. 5,13,< 25%,154,Keren J. Vazquez,811,Mike Farmer,657
General_2023,City Council,SUNNYSIDE,Pos. 6,13,< 25%,122,Julia Hart,784,Mike Kennard,662
General_2023,City Council,SUNNYSIDE,Pos. 7,13,< 25%,328,Jorge Galvan,890,Jason Raines,562
General_2023,City Council,TACOMA,District 1,695,< 25%,10471,John Hines,10691,Write-In,220
General_2023,City Council,TACOMA,Pos. 8,695,< 25%,21308,Kristina Walker,31559,Todd Briske,10251
General_2023,City Council,TACOMA,District 3,695,> 50%,815,Jamika Scott,3980,Chris Van Vechten,3165
General_2023,City Council,TACOMA,Pos. 7,695,25-50%,2220,Olgy Diaz,22551,Kristen Wynne,20331
General_2023,City Council,TEKOA,Pos. 1,0,< 25%,17,Mandi Prince,148,Todd Jensen,131
General_2023,City Council,TEKOA,Pos. 2,0,< 25%,214,Margie Jaeger,227,Write-In,13
General_2023,City Council,TEKOA,Pos. 3,0,< 25%,5,Pete Martin,142,Brad Chandler,137
General_2023,City Council,TEKOA,Pos. 4,0,< 25%,234,Mike Hale,236,Write-In,2
General_2023,City Council,TEKOA,Pos. 5,0,< 25%,220,B.J. Sperber,228,Write-In,8
General_2023,City Council,TEKOA,Pos. 6,0,< 25%,226,David Tysz,233,Write-In,7
General_2023,City Council,TEKOA,Pos. 7,0,< 25%,57,Lydia Fletcher,168,Cheri Currier,111
General_2023,City Council,TENINO,Pos. 2,8,< 25%,352,Elaine Klamn,361,Write-In,9
General_2023,City Council,TENINO,Pos. 5,8,< 25%,345,Jeff Eisel,354,Write-In,9
General_2023,City Council,TIETON,Pos. 1,0,< 25%,68,Tadeo Saenz-Thompson,73,Write-In,5
General_2023,City Council,TIETON,Pos. 4,0,< 25%,78,Nancy Newberry,80,Write-In,2
General_2023,City Council,TIETON,Pos. 5,0,< 25%,64,Don R. Luttrell,70,Write-In,6
General_2023,City Council,TOLEDO,Pos. 3,0,< 25%,130,Rebecca Duerst,134,Write-In,4
General_2023,City Council,TOLEDO,Pos. 4,0,< 25%,143,Kathy Hill,146,Write-In,3
General_2023,City Council,TOLEDO,Pos. 5,0,< 25%,26,Jamie Scalise,94,Gary Reboin,68
General_2023,City Council,TONASKET,Pos. 2,1,< 25%,62,Ernesto Cerrillo,153,Marylou Kriner,91
General_2023,City Council,TONASKET,Pos. 4,1,< 25%,180,Alisa Weddle,190,Write-In,10
General_2023,City Council,TONASKET,Pos. 5,1,< 25%,8,Jeff McMillan,123,Dalana Potter,115
General_2023,City Council,TOPPENISH,Pos. 5,5,< 25%,316,George J. Garcia,331,Write-In,15
General_2023,City Council,TUKWILA,Pos. 4,938,> 50%,219,Dennis Martinez,1497,Melissa McMahon Do,1278
General_2023,City Council,TUKWILA,Pos. 2,938,25-50%,2141,Armen Papyan,2180,Write-In,39
General_2023,City Council,TUKWILA,Pos. 6,938,25-50%,2130,Jovita McConnell,2157,Write-In,27
General_2023,City Council,TUMWATER,Pos. 1,47,< 25%,4492,Leatta Dahlhoff,4611,Write-In,119
General_2023,City Council,TUMWATER,Pos. 2,47,< 25%,4613,Angela Jefferson,4711,Write-In,98
General_2023,City Council,TUMWATER,Pos. 3,47,< 25%,3832,Joan Cathey,4760,Doris Atkinson,928
General_2023,City Council,TUMWATER,Pos. 7,47,< 25%,310,Kelly Von Holtz,3202,Andrea McGhee,2892
General_2023,City Council,TWISP,Pos. 3,0,< 25%,284,Elliot Thrasher,290,Write-In,6
General_2023,City Council,TWISP,Pos. 4,0,< 25%,284,Will Menzies,289,Write-In,5
General_2023,City Council,TWISP,Pos. 5,0,< 25%,281,Tim Matsui,286,Write-In,5
General_2023,City Council,UNION GAP,Pos. 4,2,< 25%,386,Jack L. Galloway,406,Write-In,20
General_2023,City Council,UNION GAP,Pos. 5,2,< 25%,62,Georgia Reitmire,274,Jim Lemon,212
General_2023,City Council,UNION GAP,Pos. 6,2,< 25%,106,Julie Schilling,304,Dave Matson,198
General_2023,City Council,UNIONTOWN,Pos. 1,0,< 25%,60,Dan Warner,63,Write-In,3
General_2023,City Council,UNIONTOWN,Pos. 2,0,< 25%,56,"Kenneth ""Brian"" Davies",60,Write-In,4
General_2023,City Council,UNIONTOWN,Pos. 3,0,< 25%,62,Jim Barry,63,Write-In,1
General_2023,City Council,UNIVERSITY PLACE,Pos. 2,236,< 25%,3171,Frank Boykin,5935,Saadia Wahid,2764
General_2023,City Council,UNIVERSITY PLACE,Pos. 6,236,< 25%,6740,Stan Flemming,6920,Write-In,180
General_2023,City Council,UNIVERSITY PLACE,Pos. 7,236,< 25%,1615,Melanie J. Grassi,5245,Alecia Cunningham,3630
General_2023,City Council,VADER,Pos. 4,2,< 25%,31,Mike Parsons,74,Bob Goff,43
General_2023,City Council,VADER,Pos. 5,2,< 25%,62,Michael Ferguson,95,Janet Charlton,33
General_2023,City Council,VANCOUVER,Pos. 4,947,< 25%,21542,Bart Hansen,22194,Write-In,652
General_2023,City Council,VANCOUVER,Pos. 5,947,< 25%,21682,Ty Stober,22387,Write-In,705
General_2023,City Council,VANCOUVER,Pos. 6,947,< 25%,16280,Sarah J. Fox,22238,Leah Perkel,5958
General_2023,City Council,WAITSBURG,Pos. 4,0,< 25%,59,Jennifer Bishop,197,Court Ruppenthal,138
General_2023,City Council,WAITSBURG,Pos. 5,0,< 25%,306,Jillian Henze,308,Write-In,2
General_2023,City Council,WALLA WALLA,Pos. 4,26,< 25%,2554,Monte A. Willis,4771,Brian Cariveau,2217
General_2023,City Council,WALLA WALLA,Pos. 5,26,< 25%,284,Jeff Robinson,3738,Susan Smiley Nakonieczny,3454
General_2023,City Council,WALLA WALLA,Pos. 6,26,< 25%,2970,Tom Scribner,5068,Troy Head,2098
General_2023,City Council,WALLA WALLA,Pos. 7,26,< 25%,5404,Steve Moss,5590,Write-In,186
General_2023,City Council,WAPATO,Pos. 2,5,< 25%,274,Rita Alvarado,295,Write-In,21
General_2023,City Council,WAPATO,Pos. 4,5,< 25%,56,Ken Workman,202,Roberto S. Reyna,146
General_2023,City Council,WAPATO,Pos. 5,5,< 25%,120,Oscar Gonzalez,230,Frances M. Ayres,110
General_2023,City Council,WAPATO,Pos. 6,5,< 25%,222,Elizabeth J. Villa,259,Write-In,37
General_2023,City Council,WAPATO,Pos. 7,5,< 25%,224,Caroline Solis,262,Write-In,38
General_2023,City Council,WARDEN,Pos. 1,0,< 25%,144,Amalia (Emily) Campos,146,Write-In,2
General_2023,City Council,WARDEN,Pos. 4,0,< 25%,105,Brittney Pittman,134,Dario Pruneda,29
General_2023,City Council,WARDEN,Pos. 5,0,< 25%,83,Jesus Martinez,124,Leilani Pruneda,41
General_2023,City Council,WASHOUGAL,Pos. 2,41,< 25%,2390,Tia Robertson,2466,Write-In,76
General_2023,City Council,WASHOUGAL,Pos. 3,41,< 25%,2417,David M. Fritz,2482,Write-In,65
General_2023,City Council,WASHOUGAL,Pos. 4,41,< 25%,2473,Michelle Wagner,2528,Write-In,55
General_2023,City Council,WASHOUGAL,Pos. 5,41,< 25%,2472,Molly L. Coston,2532,Write-In,60
General_2023,City Council,WASHOUGAL,Pos. 7,41,< 25%,2424,Ernie Suggs,2486,Write-In,62
General_2023,City Council,WASHTUCNA,Pos. 1,0,< 25%,64,Dustin L Swartz,68,Write-In,4
General_2023,City Council,WASHTUCNA,Pos. 2,0,< 25%,71,Catherine Blankenship,71,Write-In,0
General_2023,City Council,WASHTUCNA,Pos. 5,0,< 25%,73,Gary Marmes Jr,73,Write-In,0
General_2023,City Council,WATERVILLE,Pos. 3,0,< 25%,107,Rusty Mulanax,232,Write-In,125
General_2023,City Council,WATERVILLE,Pos. 4,0,< 25%,312,Jammie Peterson,320,Write-In,8
General_2023,City Council,WATERVILLE,Pos. 5,0,< 25%,330,Erik Vasquez,337,Write-In,7
General_2023,City Council,WAVERLY,Pos. 3,0,< 25%,26,Ryan K Wilson,34,Write-In,8
General_2023,City Council,WAVERLY,Pos. 5,0,< 25%,34,Bree Killstrom,38,Write-In,4
General_2023,City Council,WENATCHEE,District 1,36,< 25%,433,Jose Luis Cuevas,445,Write-In,12
General_2023,City Council,WENATCHEE,District 4,36,< 25%,748,Travis Hornby,769,Write-In,21
General_2023,City Council,WENATCHEE,District 5,36,< 25%,884,Charlie Atkinson,1394,Electrify Williams,510
General_2023,City Council,WENATCHEE,At-Large,36,< 25%,5572,Linda Herald,5671,Write-In,99
General_2023,City Council,WENATCHEE,Pos. 1,36,< 25%,1838,Mark Botello,1856,Write-In,18
General_2023,City Council,WENATCHEE,Pos. 5,36,< 25%,1891,Shayne L. Magdoff,1912,Write-In,21
General_2023,City Council,WENATCHEE,Pos. 6,36,< 25%,1833,CHRISTINE T. JOHNSON,1857,Write-In,24
General_2023,City Council,WENATCHEE,Pos. 2,36,> 50%,49,Ken Arnold,1267,Harry A. Raab,1218
General_2023,City Council,WESTPORT,Pos. 2,1,< 25%,24,Troy Meyers,333,Tommy Cappa,309
General_2023,City Council,WESTPORT,Pos. 5,1,< 25%,82,Darcia Davis,371,Kathryn Franzen,289
General_2023,City Council,WHITE SALMON,Pos. 1,2,< 25%,565,Patty Fink,575,Write-In,10
General_2023,City Council,WHITE SALMON,Pos. 2,2,< 25%,564,David Lindley,573,Write-In,9
General_2023,City Council,WILBUR,Pos. 3,0,< 25%,231,John Hanon,236,Write-In,5
General_2023,City Council,WILBUR,Pos. 4,0,< 25%,239,Roy L Scheibner,244,Write-In,5
General_2023,City Council,WILBUR,Pos. 5,0,< 25%,248,Joel H Krause,252,Write-In,4
General_2023,City Council,WILKESON,Pos. 4,0,< 25%,10,Zac Drllevich,55,Christine Frances Cornelius,45
General_2023,City Council,WILKESON,Pos. 5,0,< 25%,86,"Trevor ""Pen"" Snyder",91,Write-In,5
General_2023,City Council,WILSON,Pos. 1,0,< 25%,44,Karl D. Hinze,46,Write-In,2
General_2023,City Council,WILSON,Pos. 2,0,< 25%,5,Clinton Shahan,29,Write-In,24
General_2023,City Council,WINLOCK,Pos. 1,3,< 25%,52,Jess Bowers,200,Marty A Poirrier II,148
General_2023,City Council,WINLOCK,Pos. 2,3,< 25%,247,Roland Camps,262,Write-In,15
General_2023,City Council,WINLOCK,Pos. 3,3,< 25%,128,Jodie Curtis,243,Eric Contreras,115
General_2023,City Council,WINTHROP,Pos. 3,0,< 25%,199,Ben Nelson,203,Write-In,4
General_2023,City Council,WINTHROP,Pos. 4,0,< 25%,176,Michael Seth Miles,182,Write-In,6
General_2023,City Council,WINTHROP,Pos. 5,0,< 25%,206,BILL MCADOW,208,Write-In,2
General_2023,City Council,WOODINVILLE,Pos. 4,384,< 25%,1685,Mike Millman,2405,Shan Evans,720
General_2023,City Council,WOODINVILLE,Pos. 2,384,> 50%,763,David Edwards,1946,Shengquan Liang,1183
General_2023,City Council,WOODINVILLE,Pos. 6,384,> 50%,18,Al Taylor,1547,Lawrence Fudge,1529
General_2023,City Council,WOODLAND,Pos. 4,9,< 25%,107,"Douglas Freimarck, Sr.",820,Aaron Alderman,713
General_2023,City Council,WOODLAND,Pos. 6,9,< 25%,1028,Terry Hall,1064,Write-In,36
General_2023,City Council,WOODLAND,Pos. 7,9,< 25%,981,Monte Smith,1019,Write-In,38
General_2023,City Council,WOODLAND,Pos. 3,9,> 50%,17,Melissa Doughty,784,Keith Bellisle,767
General_2023,City Council,WOODLAND,Pos. 5,9,25-50%,20,Gabe Huston,780,DeeAnna Holland,760
General_2023,City Council,WOODWAY,Pos. 2,11,< 25%,355,John Brock,361,Write-In,6
General_2023,City Council,WOODWAY,Pos. 4,11,< 25%,344,James Willett,349,Write-In,5
General_2023,City Council,WOODWAY,Pos. 5,11,< 25%,330,Elizabeth Mitchell,343,Write-In,13
General_2023,City Council,YACOLT,Pos. 1,1,< 25%,106,Joe Wisniewski,124,Write-In,18
General_2023,City Council,YACOLT,Pos. 2,1,< 25%,136,Kandi Peto,140,Write-In,4
General_2023,City Council,YACOLT,Pos. 4,1,< 25%,145,Ronald Homola,151,Write-In,6
General_2023,City Council,YAKIMA,District 3,161,< 25%,1222,Patricia Byers,1358,Write-In,136
General_2023,City Council,YAKIMA,District 1,161,> 50%,139,Leo Roy,474,Dulce Gutierrez,335
General_2023,City Council,YAKIMA,District 7,161,> 50%,195,Reedy Berg,1483,Holly N. Cousens,1288
General_2023,City Council,YAKIMA,District 5,161,25-50%,350,Rick Glenn,1435,Soneya Lund,1085
General_2023,City Council,YARROW POINT,Pos. 2,8,< 25%,224,Steve Bush,250,Antoine Faisandier,26
General_2023,City Council,YARROW POINT,Pos. 4,8,< 25%,44,Michael Hyman,163,Debi P. Mishra,119
General_2023,City Council,YELM,Pos. 1,18,> 50%,23,Tracey Wood,620,Stephanie Kangiser,597
General_2023,City Council,YELM,Pos. 6,18,> 50%,12,Trevor Palmer,614,Ashley Lea Brooks,602
General_2023,City Council,YELM,Pos. 2,18,25-50%,72,Joseph Dale Richardson,641,Jerry Toompas,569
General_2023,City Council,ZILLAH,Pos. 3,1,< 25%,437,Douglas S. Stewart,444,Write-In,7
General_2023,City Council,ZILLAH,Pos. 4,1,< 25%,25,Janice Gonzales,266,Korena Scott,241
General_2023,City Council,ZILLAH,Pos. 5,1,< 25%,427,Beth Husted,438,Write-In,11
General_2021,City Council,ABERDEEN,Pos. 1,11,< 25%,64,Melvin Taylor,219,Kimberly Strom,155
General_2021,City Council,ABERDEEN,Pos. 10,11,< 25%,89,Debi Ann Pieraccini,151,Alan Richrod,62
General_2021,City Council,ABERDEEN,Pos. 11,11,< 25%,100,David Lawrence,271,Frank Gordon,171
General_2021,City Council,ABERDEEN,Pos. 2,11,< 25%,309,Kacey Ann Morrison (Scott),315,Write-In,6
General_2021,City Council,ABERDEEN,Pos. 4,11,< 25%,242,John J. Maki,257,Write-In,15
General_2021,City Council,ABERDEEN,Pos. 7,11,< 25%,48,Marissa Aube,419,Antara Croft,371
General_2021,City Council,ABERDEEN,Pos. 5,11,25-50%,38,Liz Ellis,286,Norman Klein,248
General_2021,City Council,AIRWAY HEIGHTS,Pos. 1,15,< 25%,531,Sonny Weathers,562,Write-In,31
General_2021,City Council,AIRWAY HEIGHTS,Pos. 2,15,< 25%,506,Arthur Bubb,535,Write-In,29
General_2021,City Council,AIRWAY HEIGHTS,Pos. 4,15,< 25%,506,David Malet,536,Write-In,30
General_2021,City Council,AIRWAY HEIGHTS,Pos. 6,15,< 25%,518,Davin Perry,549,Write-In,31
General_2021,City Council,ALBION,Pos. 3,0,< 25%,72,Rhonda Anderson,85,Write-In,13
General_2021,City Council,ALBION,Pos. 4,0,< 25%,76,Crystle Morgan,85,Write-In,9
General_2021,City Council,ALGONA,Pos. 2,10,< 25%,238,Lynda L. Osborn,261,Write-In,23
General_2021,City Council,ALGONA,Pos. 4,10,< 25%,274,Gordon Cook,285,Write-In,11
General_2021,City Council,ALMIRA,Pos. 3,0,< 25%,66,Hannah Hand,67,Write-In,1
General_2021,City Council,ALMIRA,Pos. 4,0,< 25%,64,Tim Jennings,66,Write-In,2
General_2021,City Council,ALMIRA,Pos. 5,0,< 25%,61,Catherine Lee Payne-Ferris,63,Write-In,2
General_2021,City Council,ANACORTES,Pos. 4,23,< 25%,529,Amanda Hubik,4148,Jeff Graf,3619
General_2021,City Council,ANACORTES,Pos. 5,23,< 25%,1433,Bruce McDougall,4398,Sara Holahan,2965
General_2021,City Council,ANACORTES,Pos. 6,23,< 25%,5025,Carolyn Y. Moulton,5123,Write-In,98
General_2021,City Council,ANACORTES,Pos. 7,23,< 25%,4303,Anthony Young,4626,Write-In,323
General_2021,City Council,ARLINGTON,Pos. 1,52,< 25%,2373,Heather Logan,2517,Write-In,144
General_2021,City Council,ARLINGTON,Pos. 2,52,< 25%,2521,Don Vanney,2619,Write-In,98
General_2021,City Council,ARLINGTON,Pos. 3,52,< 25%,479,Debora Nelson,1853,Avery Hufford,1374
General_2021,City Council,ARLINGTON,Pos. 7,52,< 25%,2343,Jan Schuette,2485,Write-In,142
General_2021,City Council,ASOTIN,Pos. 3,0,< 25%,233,Steve Cowdrey,249,Write-In,16
General_2021,City Council,ASOTIN,Pos. 4,0,< 25%,226,Mervin Schneider,244,Write-In,18
General_2021,City Council,ASOTIN,Pos. 5,0,< 25%,245,Tim Ottmar,256,Write-In,11
General_2021,City Council,AUBURN,Pos. 6,999,< 25%,7673,Larry Brown,8135,Write-In,462
General_2021,City Council,AUBURN,Pos. 2,999,> 50%,1943,Kate Baldwin,6725,Wendee R. Odell,4782
General_2021,City Council,AUBURN,Pos. 4,999,25-50%,3389,Yolanda Trout,7439,Hanan Amer,4050
General_2021,City Council,BAINBRIDGE ISLAND,Pos. 2,33,< 25%,4865,Brenda Fantroy-Johnson,7154,Chris Smith,2289
General_2021,City Council,BAINBRIDGE ISLAND,Pos. 3,33,< 25%,284,Jon Quitslund,5062,Kent Scott,4778
General_2021,City Council,BAINBRIDGE ISLAND,Pos. 5,33,< 25%,5666,Clarence Moriwaki,8126,Rasham Nassar,2460
General_2021,City Council,BAINBRIDGE ISLAND,Pos. 7,33,< 25%,4399,Joe Deets,7435,Ron Peltier,3036
General_2021,City Council,BATTLE GROUND,Pos. 1,22,< 25%,334,Troy McCoy,2349,Brian D. Munson,2015
General_2021,City Council,BATTLE GROUND,Pos. 4,22,< 25%,634,Adrian E. Cortes,2493,Josh VanGelder,1859
General_2021,City Council,BATTLE GROUND,Pos. 5,22,< 25%,255,Tricia Davis,2296,Neil Butler,2041
General_2021,City Council,BATTLE GROUND,Pos. 6,22,< 25%,1102,Cherish DesRochers,2696,Josie Calderon,1594
General_2021,City Council,BEAUX ARTS,Pos. 1,3,< 25%,120,John Gillem,120,Write-In,0
General_2021,City Council,BEAUX ARTS,Pos. 2,3,< 25%,120,James McCarthy,120,Write-In,0
General_2021,City Council,BEAUX ARTS,Pos. 3,3,< 25%,120,Brad Wheeler,120,Write-In,0
General_2021,City Council,BEAUX ARTS,Pos. 5,3,< 25%,115,Tom Stowe,117,Write-In,2
General_2021,City Council,BELLEVUE,Pos. 6,1827,< 25%,12429,Lynne Robinson,21735,Gina Johnson,9306
General_2021,City Council,BELLEVUE,Pos. 2,1827,> 50%,3160,Conrad Lee,17584,Dexter Borbe,14424
General_2021,City Council,BELLEVUE,Pos. 4,1827,25-50%,3726,Jared Nieuwenhuis,17687,Ruth Lipscomb,13961
General_2021,City Council,BELLINGHAM,At-Large,292,< 25%,1803,Kristina Michele Martens,14412,Russ Whidbee,12609
General_2021,City Council,BELLINGHAM,Ward 2,292,< 25%,20298,Hollie Huthman,20791,Write-In,493
General_2021,City Council,BELLINGHAM,Ward 4,292,< 25%,20362,Skip Williams,20667,Write-In,305
General_2021,City Council,BELLINGHAM,Ward 6,292,< 25%,7194,Michael Lilliquist,16493,Eve Smason-Marcus,9299
General_2021,City Council,BENTON CITY,Pos. 1,3,< 25%,133,Jessica Bosse Wadsworth,370,Lisa Stade,237
General_2021,City Council,BENTON CITY,Pos. 2,3,< 25%,112,Bill Reed,361,Luis Carlos Ruiz,249
General_2021,City Council,BENTON CITY,Pos. 3,3,< 25%,13,David Sandretto,314,Alex Weber,301
General_2021,City Council,BINGEN,Pos. 1,0,< 25%,98,Ryan O'Connor,100,Write-In,2
General_2021,City Council,BINGEN,Pos. 3,0,< 25%,95,Phil Jones,97,Write-In,2
General_2021,City Council,BINGEN,Pos. 4,0,< 25%,91,Joseph O'Sullivan,93,Write-In,2
General_2021,City Council,BINGEN,Pos. 5,0,< 25%,84,Brittany L Spratt,87,Write-In,3
General_2021,City Council,BLACK DIAMOND,Pos. 2,26,< 25%,131,Trish Stallard,841,Glen Yadon,710
General_2021,City Council,BLACK DIAMOND,Pos. 4,26,< 25%,1010,Leih Mulvihill,1052,Write-In,42
General_2021,City Council,BLACK DIAMOND,Pos. 6,26,< 25%,997,Bernie O'Donnell,1033,Write-In,36
General_2021,City Council,BLACK DIAMOND,Pos. 7,26,< 25%,1019,Debbie Page,1049,Write-In,30
General_2021,City Council,BLACK DIAMOND,Pos. 3,26,25-50%,101,Therron Smith,826,Corey Bailey,725
General_2021,City Council,BLAINE,Pos. 7,59,< 25%,589,Mike Hill,1305,Sukhwant Gill,716
General_2021,City Council,BLAINE,Ward 1 Pos. 2,59,< 25%,351,Kerena A. Higgins,1141,J. Calvin Armerding,790
General_2021,City Council,BLAINE,Ward 2 Pos. 4,59,< 25%,544,Rhyan Lopez,1266,Colin Hawkins,722
General_2021,City Council,BLAINE,Ward 3 Pos. 6,59,> 50%,86,Eric Davidson,1018,Barbara M. Sturdivant,932
General_2021,City Council,BONNEY LAKE,Pos. 1,78,< 25%,655,Gwendolyn Fullerton,2658,Todd Dole,2003
General_2021,City Council,BONNEY LAKE,Pos. 3,78,< 25%,2642,Dan Swatman,3643,Leia Timm-McKenrick,1001
General_2021,City Council,BONNEY LAKE,Pos. 6,78,< 25%,742,Terry Carter,2700,Pablo Monroy,1958
General_2021,City Council,BONNEY LAKE,Pos. 7,78,25-50%,243,Angela Ishmael,2477,Kerri Hubler,2234
General_2021,City Council,BOTHELL,Pos. 1,1263,> 50%,512,Jeanne Zornes,6066,Han Tran,5554
General_2021,City Council,BOTHELL,Pos. 3,1263,> 50%,1712,Jenne Alderks,6525,Rosemary McAuliffe,4813
General_2021,City Council,BOTHELL,Pos. 5,1263,> 50%,296,Ben Mahnkey,5921,Matt Kuehn,5625
General_2021,City Council,BOTHELL,Pos. 7,1263,> 50%,505,Rami Al-Kabra,6016,Beca Nistrian,5511
General_2021,City Council,BREMERTON,District 1,71,< 25%,765,Jennifer Chamberlin,938,Tony A. Stephens,173
General_2021,City Council,BREMERTON,District 3,71,> 50%,100,Jeff Coughlin,843,Melissa Watkinson,743
General_2021,City Council,BREMERTON,District 6,71,> 50%,4,Mike Simpson,695,Anna Mockler,691
General_2021,City Council,BREMERTON,District 5,71,25-50%,242,Michael Goodnow,499,Matthew Adams,257
General_2021,City Council,BREMERTON,District 7,71,25-50%,154,Eric Younger,672,Art Pettigrue,518
General_2021,City Council,BREWSTER,Pos. 1,1,< 25%,113,Jan May,117,Write-In,4
General_2021,City Council,BREWSTER,Pos. 2,1,< 25%,97,Pedro De La Cerda,106,Write-In,9
General_2021,City Council,BREWSTER,Pos. 3,1,< 25%,118,John Marcus Housden,119,Write-In,1
General_2021,City Council,BREWSTER,Pos. 4,1,< 25%,121,Glenn Farrington,122,Write-In,1
General_2021,City Council,BRIDGEPORT,Pos. 1,0,< 25%,112,Matthew Schuh,115,Write-In,3
General_2021,City Council,BRIDGEPORT,Pos. 2,0,< 25%,113,Mike Bjornstad,114,Write-In,1
General_2021,City Council,BRIDGEPORT,Pos. 3,0,< 25%,106,Jacqueline (Jackie) Hentges,110,Write-In,4
General_2021,City Council,BRIDGEPORT,Pos. 4,0,< 25%,119,"Esiquio ""Zeke"" Martinez",120,Write-In,1
General_2021,City Council,BRIER,At-Large,44,< 25%,1669,Donald (Don) Moran,1717,Write-In,48
General_2021,City Council,BRIER,Pos. 1,44,< 25%,1711,John Lockhart,1766,Write-In,55
General_2021,City Council,BRIER,Pos. 2,44,< 25%,1714,Martin Krienke,1765,Write-In,51
General_2021,City Council,BRIER,Pos. 3,44,< 25%,1475,Mike Gallagher,1581,Write-In,106
General_2021,City Council,BRIER,Pos. 4,44,< 25%,1710,Valerie Rosman,1754,Write-In,44
General_2021,City Council,BRIER,Pos. 5,44,< 25%,954,David Marley,1620,Susan Weldon,666
General_2021,City Council,BUCKLEY,Pos. 1,6,< 25%,672,Ron Smith,1003,Sean Wilson,331
General_2021,City Council,BUCKLEY,Pos. 2,6,< 25%,93,Mackenzie A. Breeden,708,Connie Bender,615
General_2021,City Council,BUCKLEY,Pos. 3,6,< 25%,363,Kenneth Arsanto,856,Maureen Sundstrom,493
General_2021,City Council,BUCKLEY,Pos. 7,6,< 25%,787,Brandon Green,1054,Donovan Colt Torp,267
General_2021,City Council,BUCODA,Pos. 3,0,< 25%,1,Kevin Jones,38,Kaitlyn Nagy Koeller,37
General_2021,City Council,BUCODA,Pos. 5,0,< 25%,71,Robert F. Gordon,72,Write-In,1
General_2021,City Council,BURIEN,Pos. 1,530,> 50%,736,Hugo Garcia,6402,Martin Barrett,5666
General_2021,City Council,BURIEN,Pos. 7,530,> 50%,960,Stephanie Mora,6398,Krystal Marx,5438
General_2021,City Council,BURIEN,Pos. 3,530,25-50%,1134,Jimmy Matta,6537,Mark Dorsey,5403
General_2021,City Council,BURIEN,Pos. 5,530,25-50%,1257,Sarah Moore,6568,Alex Simkus,5311
General_2021,City Council,BURLINGTON,At-Large,7,< 25%,921,Joe DeGloria,953,Write-In,32
General_2021,City Council,BURLINGTON,Ward 4,7,< 25%,895,James M.S. Stavig,913,Write-In,18
General_2021,City Council,BURLINGTON,Ward 5,7,< 25%,808,Jamie Weiss,827,Write-In,19
General_2021,City Council,BURLINGTON,Ward 6,7,< 25%,338,Bill Aslett,739,Owen McClure,401
General_2021,City Council,CAMAS,Ward 2 Pos. 2,171,< 25%,1489,Tim Hein,4362,Martin Elzingre,2873
General_2021,City Council,CAMAS,Ward 1 Pos. 2,171,> 50%,220,Marilyn Dale-Boerke,3951,Gary Perman,3731
General_2021,City Council,CAMAS,Ward 3 Pos. 2,171,25-50%,422,Leslie Lewallen,4033,Jennifer McDaniel,3611
General_2021,City Council,CARBONADO,Pos. 1,0,< 25%,51,David Rodway,113,David Bentley,62
General_2021,City Council,CARBONADO,Pos. 2,0,< 25%,129,Clint Emry,134,Write-In,5
General_2021,City Council,CARNATION,Pos. 2,32,< 25%,414,Jim Ribail,433,Write-In,19
General_2021,City Council,CARNATION,Pos. 4,32,< 25%,364,Kimberly Lisk,401,Write-In,37
General_2021,City Council,CASHMERE,Pos. 1,5,< 25%,301,John Perry,536,Lacey Price,235
General_2021,City Council,CASHMERE,Pos. 2,5,< 25%,507,Christopher Carlson,522,Write-In,15
General_2021,City Council,CASHMERE,Pos. 3,5,< 25%,498,Shela Cates-Pistoresi,520,Write-In,22
General_2021,City Council,CASTLE ROCK,Pos. 1,5,< 25%,320,Arthur Lee,329,Write-In,9
General_2021,City Council,CASTLE ROCK,Pos. 2,5,< 25%,326,"Leon ""Lee"" Kessler",336,Write-In,10
General_2021,City Council,CATHLAMET,Pos. 3,1,< 25%,122,CeCelia CeCe Raglin,134,Write-In,12
General_2021,City Council,CATHLAMET,Pos. 4,1,< 25%,145,Jeanne M. Hendrickson,151,Write-In,6
General_2021,City Council,CATHLAMET,Pos. 5,1,< 25%,135,Laurel Waller,143,Write-In,8
General_2021,City Council,CENTRALIA,Pos. 1,11,< 25%,226,Cameron McGee,470,Lisa Striedinger,244
General_2021,City Council,CENTRALIA,Pos. 2,11,< 25%,56,Sarah Althauser,306,Rebecca Staebler,250
General_2021,City Council,CENTRALIA,Pos. 3,11,< 25%,611,Leah Daarud,1765,Steven A Hubbard,1154
General_2021,City Council,CENTRALIA,Pos. 4,11,< 25%,761,Mark (Wes) Westley,766,Write-In,5
General_2021,City Council,CHEHALIS,Pos. 2,11,< 25%,838,Mike Bannan,865,Write-In,27
General_2021,City Council,CHEHALIS,Pos. 3,11,< 25%,888,Bob Spahr,899,Write-In,11
General_2021,City Council,CHEHALIS,Pos. 1,11,> 50%,6,Kate McDougall,657,Terry F. Harris,651
General_2021,City Council,CHELAN,Pos. 2,6,< 25%,903,Erin McCardle,954,Write-In,51
General_2021,City Council,CHELAN,Pos. 3,6,< 25%,90,Chris Baker,714,Madonna Konshuk,624
General_2021,City Council,CHELAN,Pos. 6,6,< 25%,1015,Tim Hollingsworth,1033,Write-In,18
General_2021,City Council,CHELAN,Pos. 7,6,< 25%,959,Shari Dietrich,972,Write-In,13
General_2021,City Council,CHENEY,Pos. 1,27,< 25%,1075,Paul Schmidt,1165,Write-In,90
General_2021,City Council,CHENEY,Pos. 4,27,< 25%,1118,Teresa Overhauser,1182,Write-In,64
General_2021,City Council,CHENEY,Pos. 3,27,> 50%,29,Mark Posthuma,809,Jacquelyn Belock,780
General_2021,City Council,CHEWELAH,At-Large,0,< 25%,126,John H Kabosky,479,Christy Smith,353
General_2021,City Council,CHEWELAH,Pos. 1,0,< 25%,53,Tracy Ling,427,Silas Rappe,374
General_2021,City Council,CHEWELAH,Pos. 2,0,< 25%,322,Aaron Alvarado,572,Sean Petersen,250
General_2021,City Council,CHEWELAH,Pos. 3,0,< 25%,703,Payton Norvell,714,Write-In,11
General_2021,City Council,CHEWELAH,Pos. 4,0,< 25%,665,Jolene McGee,674,Write-In,9
General_2021,City Council,CLARKSTON,Pos. 1,0,< 25%,853,John Murray,886,Write-In,33
General_2021,City Council,CLARKSTON,Pos. 2,0,< 25%,879,Robin Albers,906,Write-In,27
General_2021,City Council,CLARKSTON,Pos. 3,0,< 25%,873,Pat Holman,899,Write-In,26
General_2021,City Council,CLARKSTON,Pos. 4,0,< 25%,865,Russ Evans,896,Write-In,31
General_2021,City Council,CLE ELUM,Pos. 1,6,< 25%,125,John J Glondo,352,Stephen Malek,227
General_2021,City Council,CLE ELUM,Pos. 1,6,< 25%,142,Dave Allenbaugh,144,Write-In,2
General_2021,City Council,CLE ELUM,Pos. 2,6,< 25%,126,John L. Williams,132,Write-In,6
General_2021,City Council,CLE ELUM,Pos. 4,6,< 25%,60,Jaimee Mosack,299,Mickey Holz,239
General_2021,City Council,CLE ELUM,Pos. 5,6,< 25%,247,Steve Harper,390,Ronald Wayne,143
General_2021,City Council,CLE ELUM,Pos. 5,6,< 25%,136,Cory McGuire,142,Write-In,6
General_2021,City Council,CLE ELUM,Pos. 7,6,25-50%,24,Write-In,277,Elizabeth Kurtz,253
General_2021,City Council,CLYDE HILL,Pos. 1,43,< 25%,690,Steve Friedman,703,Write-In,13
General_2021,City Council,CLYDE HILL,Pos. 3,43,< 25%,755,Kim Muromoto,818,Nitin Mittal,63
General_2021,City Council,CLYDE HILL,Pos. 5,43,> 50%,54,Dean Hachamovitch,477,John A. Schwager,423
General_2021,City Council,COLFAX,Pos. 1,1,< 25%,593,Blaine Golden,608,Write-In,15
General_2021,City Council,COLFAX,Pos. 2,1,< 25%,155,Anne Ellithorpe McRae,456,Hillary Hoffman,301
General_2021,City Council,COLFAX,Pos. 3,1,< 25%,25,Travis Schaefer,374,Crystn Guenthner,349
General_2021,City Council,COLLEGE,Pos. 1,0,< 25%,550,John Haid,1320,Jerry Lee Bobbitt,770
General_2021,City Council,COLLEGE,Pos. 2,0,< 25%,1595,Michael Cleveland,1644,Write-In,49
General_2021,City Council,COLLEGE,Pos. 3,0,< 25%,142,Tito J. Espinoza,1156,Nadine Stecklein,1014
General_2021,City Council,COLLEGE,Pos. 7,0,< 25%,475,Monica Boyle,1330,Lonnie J. Croft,855
General_2021,City Council,COLTON,Pos. 2,0,< 25%,137,Ken Darby,140,Write-In,3
General_2021,City Council,COLTON,Pos. 5,0,< 25%,146,Cory Cucchiara,147,Write-In,1
General_2021,City Council,COLVILLE,At-Large,2,< 25%,176,Dick Nichols,741,Greg Chambers,565
General_2021,City Council,COLVILLE,Pos. 3,2,< 25%,239,Thomas Carpenter,743,Tracy L. Fitzgerald,504
General_2021,City Council,COLVILLE,Pos. 4,2,< 25%,80,Brandon Hatch,712,Nancy Foll,632
General_2021,City Council,COLVILLE,Pos. 6,2,< 25%,964,Jack Smith,994,Write-In,30
General_2021,City Council,CONCONULLY,Pos. 1,0,< 25%,54,Chris Scott,55,Write-In,1
General_2021,City Council,CONCONULLY,Pos. 2,0,< 25%,53,Shon Frantz,56,Write-In,3
General_2021,City Council,CONCONULLY,Pos. 3,0,< 25%,64,Geno Zinani,64,Write-In,0
General_2021,City Council,CONCONULLY,Pos. 5,0,< 25%,64,Kyle Haugan,64,Write-In,0
General_2021,City Council,CONCRETE,Pos. 2,0,< 25%,23,Michael Criner,91,Dawn Newkirk,68
General_2021,City Council,CONCRETE,Pos. 3,0,< 25%,42,Drew T Jenkins,99,Michael Bartel,57
General_2021,City Council,CONCRETE,Pos. 5,0,< 25%,44,Jon Gunnarsson,101,Brian Massingale,57
General_2021,City Council,CONNELL,Pos. 2,1,< 25%,291,John White,292,Write-In,1
General_2021,City Council,CONNELL,Pos. 3,1,< 25%,275,Patricia Barrera,279,Write-In,4
General_2021,City Council,CONNELL,Pos. 4,1,< 25%,271,Joe Escalera,277,Write-In,6
General_2021,City Council,COSMOPOLIS,Pos. 4,2,< 25%,79,Cody Bridges,278,Debra Moran,199
General_2021,City Council,COSMOPOLIS,Pos. 5,2,< 25%,28,Miles Wenzel,252,Jonathan Bennett,224
General_2021,City Council,COULEE,Pos. 1,0,< 25%,143,Chelsi McDonald,146,Write-In,3
General_2021,City Council,COULEE,Pos. 3,0,< 25%,128,Ronna Beal,132,Write-In,4
General_2021,City Council,COULEE,Pos. 4,0,< 25%,135,Bailee Grindy,139,Write-In,4
General_2021,City Council,COULEE,Pos. 5,0,< 25%,116,David J Huber,126,Write-In,10
General_2021,City Council,COULEE DAM,Pos. 2,2,< 25%,181,merv schmidt,191,Write-In,10
General_2021,City Council,COULEE DAM,Pos. 4,2,< 25%,190,Larry Hall,196,Write-In,6
General_2021,City Council,COUPEVILLE,Pos. 4,4,< 25%,499,Michael Moore,522,Write-In,23
General_2021,City Council,COUPEVILLE,Pos. 5,4,< 25%,508,Pat Powell,528,Write-In,20
General_2021,City Council,COVINGTON,Pos. 2,249,< 25%,2556,Jennifer Harjehausen,2608,Write-In,52
General_2021,City Council,COVINGTON,Pos. 4,249,< 25%,2527,"Joseph T. Cimaomo, Jr.",2589,Write-In,62
General_2021,City Council,COVINGTON,Pos. 6,249,< 25%,2514,Elizabeth Porter,2562,Write-In,48
General_2021,City Council,CRESTON,Pos. 2,0,< 25%,54,Grady Houger,54,Write-In,0
General_2021,City Council,CRESTON,Pos. 3,0,< 25%,36,Robert Goetz,39,Write-In,3
General_2021,City Council,CRESTON,Pos. 5,0,< 25%,48,Henry Sapier,48,Write-In,0
General_2021,City Council,CUSICK,Pos. 1,0,< 25%,27,Afton Servas,27,Write-In,0
General_2021,City Council,CUSICK,Pos. 2,0,< 25%,26,Everett V Alford,28,Write-In,2
General_2021,City Council,CUSICK,Pos. 3,0,< 25%,22,Jessamyn Fitzhugh,25,Write-In,3
General_2021,City Council,CUSICK,Pos. 5,0,< 25%,28,Tina Alford,29,Write-In,1
General_2021,City Council,DARRINGTON,Pos. 1,0,< 25%,252,Evan Craig,273,Write-In,21
General_2021,City Council,DARRINGTON,Pos. 2,0,< 25%,27,Julie Ford,186,Robert Requa,159
General_2021,City Council,DAVENPORT,At-Large,1,< 25%,348,Patrick R. Katz,355,Write-In,7
General_2021,City Council,DAVENPORT,Pos. 3,1,< 25%,357,Lance Strite,364,Write-In,7
General_2021,City Council,DAVENPORT,Pos. 4,1,< 25%,338,JESSICA SMITH,344,Write-In,6
General_2021,City Council,DAVENPORT,Pos. 6,1,< 25%,343,Cory Hollis,348,Write-In,5
General_2021,City Council,DAYTON,Pos. 1,1,< 25%,213,LAURA U. AUKERMAN,564,BOE STEVENSON,351
General_2021,City Council,DAYTON,Pos. 3,1,< 25%,18,TEENY MCMUNN,477,CINDI JOHN,459
General_2021,City Council,DAYTON,Pos. 5,1,< 25%,355,MARCHAND HOVRUD,602,Write-In,247
General_2021,City Council,DAYTON,Pos. 7,1,< 25%,78,TYLER DIEU,514,FRED CROWE,436
General_2021,City Council,DEER PARK,Pos. 1,9,< 25%,179,Jason Upchurch,729,Billy Costello,550
General_2021,City Council,DEER PARK,Pos. 3,9,> 50%,9,Heather Newsom,636,Richard Schut,627
General_2021,City Council,DES MOINES,Pos. 1,528,< 25%,5231,Harry Steinmetz,5357,Write-In,126
General_2021,City Council,DES MOINES,Pos. 5,528,< 25%,2889,Traci Buxton,4845,Tad Doviak,1956
General_2021,City Council,DES MOINES,Pos. 3,528,> 50%,801,Gene Achziger,3803,Priscilla Vargas,3002
General_2021,City Council,DES MOINES,Pos. 7,528,25-50%,1139,Matt Mahoney,4043,Soleil Lewis,2904
General_2021,City Council,DUPONT,Pos. 1,16,< 25%,185,Maame Bassaw,990,Frank Diaz,805
General_2021,City Council,DUPONT,Pos. 2,16,< 25%,233,Mike Winkler,1014,Shawna Gasak,781
General_2021,City Council,DUPONT,Pos. 3,16,< 25%,365,Beth Elliott,1080,Susanna Keilman,715
General_2021,City Council,DUPONT,Pos. 7,16,> 50%,13,Susan Walton,893,John P. Colvin,880
General_2021,City Council,DUVALL,Pos. 1,65,< 25%,569,John Isaacson,1260,William Chappell,691
General_2021,City Council,DUVALL,Pos. 2,65,< 25%,1444,Rick Shaffer,1465,Write-In,21
General_2021,City Council,DUVALL,Pos. 3,65,< 25%,1454,Amy McHenry,1471,Write-In,17
General_2021,City Council,DUVALL,Pos. 5,65,< 25%,1407,Michelle Hogg,1432,Write-In,25
General_2021,City Council,DUVALL,Pos. 6,65,< 25%,1464,Jennifer Knaplund,1502,Write-In,38
General_2021,City Council,EATONVILLE,Pos. 1,6,< 25%,211,Kyle Litzenberger,561,Nathon Style Smith,350
General_2021,City Council,EATONVILLE,Pos. 2,6,< 25%,28,Peter Paul,477,Joe Hagen,449
General_2021,City Council,EDGEWOOD,Pos. 3,42,< 25%,1029,Christi Keith,2025,Joshua Shulkind,996
General_2021,City Council,EDGEWOOD,Pos. 4,42,< 25%,841,Rosanne Tomyn,1927,Rick Winniford,1086
General_2021,City Council,EDGEWOOD,Pos. 5,42,< 25%,2371,John West,2419,Write-In,48
General_2021,City Council,EDGEWOOD,Pos. 6,42,< 25%,475,Erica Buckley,1763,Colleen M. Wise,1288
General_2021,City Council,EDMONDS,Pos. 3,352,< 25%,4009,Neil Tibbott,9632,Adrienne Fraley Monillas,5623
General_2021,City Council,EDMONDS,Pos. 2,352,> 50%,144,Will Chen,7799,Janelle Cass,7655
General_2021,City Council,EDMONDS,Pos. 1,352,25-50%,1041,Kristiana Johnson,8169,Alicia Crank,7128
General_2021,City Council,ELECTRIC,Pos. 1,0,< 25%,148,Donald Redfield,235,Birdie Hensley,87
General_2021,City Council,ELECTRIC,Pos. 2,0,< 25%,241,Bob Rupe,255,Write-In,14
General_2021,City Council,ELLENSBURG,Pos. 1,26,< 25%,1013,Nancy Lillquist,2338,Kip Storey,1325
General_2021,City Council,ELLENSBURG,Pos. 3,26,< 25%,118,Adam Winn,1834,Barbara del Mar Robles,1716
General_2021,City Council,ELLENSBURG,Pos. 2,26,25-50%,64,Nancy R. Goodloe,1803,Joshua Thompson,1739
General_2021,City Council,ELMA,Pos. 1,2,< 25%,350,Pat Miller,457,Tim Hedgpeth,107
General_2021,City Council,ELMA,Pos. 2,2,< 25%,328,Jim Taylor,381,Write-In,53
General_2021,City Council,ELMA,Pos. 3,2,< 25%,375,John Heater,393,Write-In,18
General_2021,City Council,ELMER,Pos. 1,0,< 25%,54,Michael Humiston,54,Write-In,0
General_2021,City Council,ELMER,Pos. 2,0,< 25%,55,William C. Dunlap,55,Write-In,0
General_2021,City Council,ELMER,Pos. 3,0,< 25%,52,Clara Carson,53,Write-In,1
General_2021,City Council,ENDICOTT,Pos. 2,0,< 25%,90,BJ Johnson,92,Write-In,2
General_2021,City Council,ENDICOTT,Pos. 4,0,< 25%,88,Dean Marty,90,Write-In,2
General_2021,City Council,ENTIAT,Pos. 1,0,< 25%,200,Douglas Brown,292,Norman Stenberg,92
General_2021,City Council,ENTIAT,Pos. 2,0,< 25%,308,Kelly Krueger,314,Write-In,6
General_2021,City Council,ENTIAT,Pos. 3,0,< 25%,192,Marie C Stenberg,243,Write-In,51
General_2021,City Council,ENTIAT,Pos. 5,0,< 25%,302,Clay Brandenburg,311,Write-In,9
General_2021,City Council,ENUMCLAW,Pos. 1,5,< 25%,2069,Corrie Koopman Frazier,2140,Write-In,71
General_2021,City Council,ENUMCLAW,Pos. 3,5,< 25%,1963,Bobby Martinez,2041,Write-In,78
General_2021,City Council,ENUMCLAW,Pos. 5,5,< 25%,2016,Thomas M. Sauvageau,2090,Write-In,74
General_2021,City Council,ENUMCLAW,Pos. 7,5,< 25%,2026,Chris Gruner,2090,Write-In,64
General_2021,City Council,EPHRATA,Pos. 1,3,< 25%,1064,Sarah McDonnell,1076,Write-In,12
General_2021,City Council,EPHRATA,Pos. 2,3,< 25%,386,Kathleen M Harris,852,Ben Addink,466
General_2021,City Council,EPHRATA,Pos. 3,3,< 25%,1110,Matt Moore,1125,Write-In,15
General_2021,City Council,EVERETT,District 1,1359,> 50%,961,Mary Fosse,2567,Paul Roberts,1606
General_2021,City Council,EVERETT,District 2,1359,> 50%,266,Paula Rhyne,2193,Greg Lineberry,1927
General_2021,City Council,EVERETT,District 3,1359,> 50%,2351,Don Schwab,3267,Lacey Sauvageau,916
General_2021,City Council,EVERETT,District 4,1359,> 50%,102,Liz Vogeli,1072,Tommie Rubatino,970
General_2021,City Council,EVERETT,District 5,1359,> 50%,554,Ben Zarlingo,1806,Demi Chatters,1252
General_2021,City Council,EVERSON,Pos. 1,7,< 25%,129,Trevon Myhre,400,Michelle Beck Fox,271
General_2021,City Council,EVERSON,Pos. 2,7,< 25%,427,Jennifer Lautenbach,542,Josh Ordos,115
General_2021,City Council,EVERSON,Pos. 3,7,< 25%,503,Matthew Goering,519,Write-In,16
General_2021,City Council,FAIRFIELD,Pos. 1,0,< 25%,105,Alisha Anderson,113,Write-In,8
General_2021,City Council,FAIRFIELD,Pos. 2,0,< 25%,111,Jacob R. Warren,118,Write-In,7
General_2021,City Council,FARMINGTON,Pos. 4,0,< 25%,39,Shelly Lobdell,41,Write-In,2
General_2021,City Council,FARMINGTON,Pos. 5,0,< 25%,40,Blanche Rhea,43,Write-In,3
General_2021,City Council,FEDERAL WAY,Pos. 4,974,> 50%,78,Hoang Tran,7805,Daniel Miller,7727
General_2021,City Council,FEDERAL WAY,Pos. 5,974,> 50%,109,Jack Walsh,7918,Leandra Craft,7809
General_2021,City Council,FEDERAL WAY,Pos. 6,974,> 50%,582,Jack Dovey,8132,Renae Seam,7550
General_2021,City Council,FEDERAL WAY,Pos. 2,974,25-50%,3048,Erica Norton,9335,Gregory Baruso,6287
General_2021,City Council,FERNDALE,Pos. 5,51,< 25%,2827,Ryan O'Larey,2908,Write-In,81
General_2021,City Council,FERNDALE,Pos. 7,51,< 25%,207,Jon Mutchler,2111,Maralise Fegan,1904
General_2021,City Council,FERNDALE,Pos. 6,51,25-50%,106,Robert J. Pinkley,2052,Kate Bishop,1946
General_2021,City Council,FIFE,Pos. 3,54,< 25%,580,Doug Fagundes,626,Write-In,46
General_2021,City Council,FIFE,Pos. 7,54,< 25%,616,Lew Wolfrom,648,Write-In,32
General_2021,City Council,FIFE,Pos. 6,54,25-50%,142,Lisa McClellan,516,Joey Murphy,374
General_2021,City Council,FIRCREST,Pos. 1,42,< 25%,1615,David M. Viafore,1705,Write-In,90
General_2021,City Council,FIRCREST,Pos. 2,42,< 25%,1616,Shannon Reynolds,1678,Write-In,62
General_2021,City Council,FIRCREST,Pos. 6,42,25-50%,117,Nikki Bufford,1120,Yolonda Brooks,1003
General_2021,City Council,FIRCREST,Pos. 7,42,25-50%,123,Jim Andrews,1129,Deanna Nuttbrock-Allen,1006
General_2021,City Council,FORD,Pos. 1,2,< 25%,99,Tim Fricke,109,Write-In,10
General_2021,City Council,FORD,Pos. 2,2,< 25%,97,Brian Laude,106,Write-In,9
General_2021,City Council,FORD,Pos. 5,2,< 25%,42,Mark Lonam Jr.,91,Ivan Willmschen,49
General_2021,City Council,FORKS,Pos. 2,2,< 25%,217,Clinton W. Wood,444,Josef Echeita,227
General_2021,City Council,FORKS,Pos. 3,2,< 25%,221,Joe Soha,433,Sarah Holmes,212
General_2021,City Council,FRIDAY HARBOR,Pos. 3,4,< 25%,442,Anna Maria de Freitas,647,Susie Schneider,205
General_2021,City Council,FRIDAY HARBOR,Pos. 4,4,< 25%,257,Mason Turnage,599,Howard Rosenfeld,342
General_2021,City Council,GARFIELD,Pos. 2,0,< 25%,132,Jesse Parkins,135,Write-In,3
General_2021,City Council,GARFIELD,Pos. 3,0,< 25%,18,Mike Olsen,87,John Keen,69
General_2021,City Council,GARFIELD,Pos. 4,0,< 25%,151,Connie Schaut,154,Write-In,3
General_2021,City Council,GARFIELD,Pos. 5,0,< 25%,148,Tom Tevlin,150,Write-In,2
General_2021,City Council,GEORGE,Pos. 2,0,< 25%,42,Kathleen Schooler,42,Write-In,0
General_2021,City Council,GEORGE,Pos. 3,0,< 25%,14,Juan A. Villalpando,32,Terry Nelson,18
General_2021,City Council,GEORGE,Pos. 4,0,< 25%,7,Julia Schooler,29,John Ammons,22
General_2021,City Council,GIG HARBOR,Pos. 1,96,< 25%,1991,Jeni Woock,3119,Robert Wiles,1128
General_2021,City Council,GIG HARBOR,Pos. 2,96,< 25%,1113,Roger Henderson,2728,John Skansi,1615
General_2021,City Council,GIG HARBOR,Pos. 3,96,< 25%,1943,Brenda Lykins,3106,Jim Franich,1163
General_2021,City Council,GIG HARBOR,Pos. 7,96,< 25%,1034,Seth Storset,2557,Spencer Abersold,1523
General_2021,City Council,GOLD BAR,Pos. 1,1,< 25%,294,Demi Hall,303,Write-In,9
General_2021,City Council,GOLD BAR,Pos. 2,1,< 25%,290,Jeffrey Seymour,298,Write-In,8
General_2021,City Council,GOLD BAR,Pos. 3,1,< 25%,302,Davi Martin,312,Write-In,10
General_2021,City Council,GOLD BAR,Pos. 4,1,< 25%,289,Charles (Chuck) R. Lie,306,Write-In,17
General_2021,City Council,GOLDENDALE,Pos. 3,1,< 25%,515,Loren Meagher,536,Write-In,21
General_2021,City Council,GOLDENDALE,Pos. 4,1,< 25%,163,Miland Walling,469,Ashley Cooper,306
General_2021,City Council,GOLDENDALE,Pos. 5,1,< 25%,434,Kevin Feiock,469,Write-In,35
General_2021,City Council,GOLDENDALE,Pos. 6,1,< 25%,541,Ellie Casey,556,Write-In,15
General_2021,City Council,GOLDENDALE,Pos. 7,1,< 25%,186,Steve Johnston,420,Write-In,234
General_2021,City Council,GRAND COULEE,Pos. 1,2,< 25%,34,Ben Hughes,92,Tracy Justice Wright,58
General_2021,City Council,GRAND COULEE,Pos. 2,2,< 25%,81,Tom Poplawski,133,Cameron Whitney,52
General_2021,City Council,GRAND COULEE,Pos. 4,2,< 25%,139,Mike P Horne,145,Write-In,6
General_2021,City Council,GRANDVIEW,Pos. 1,2,< 25%,516,Joan E. Souders,536,Write-In,20
General_2021,City Council,GRANDVIEW,Pos. 2,2,< 25%,512,Javier (Harv) Rodriguez,525,Write-In,13
General_2021,City Council,GRANDVIEW,Pos. 3,2,< 25%,518,Diana Jennings,534,Write-In,16
General_2021,City Council,GRANDVIEW,Pos. 4,2,< 25%,506,Robert Ozuna,521,Write-In,15
General_2021,City Council,GRANGER,Pos. 1,1,< 25%,152,Israel Bustamante,163,Write-In,11
General_2021,City Council,GRANGER,Pos. 2,1,< 25%,162,Susie Munoz,168,Write-In,6
General_2021,City Council,GRANGER,Pos. 3,1,> 50%,1,Ryan Stonemetz,95,Silvia Zarate,94
General_2021,City Council,GRANITE FALLS,Pos. 1,16,< 25%,421,Steven A. Glenn,610,Deanna Jones,189
General_2021,City Council,GRANITE FALLS,Pos. 2,16,< 25%,226,David Griggs,520,Scott Morrison,294
General_2021,City Council,GRANITE FALLS,Pos. 3,16,< 25%,673,Tom FitzGerald,717,Write-In,44
General_2021,City Council,HARRAH,Pos. 1,0,< 25%,58,Darrell Scott,60,Write-In,2
General_2021,City Council,HARRAH,Pos. 2,0,< 25%,63,Patricia Krueger,63,Write-In,0
General_2021,City Council,HARRINGTON,Pos. 1,0,< 25%,79,Joe (Joseph) Armand,118,Denisa Holling,39
General_2021,City Council,HARRINGTON,Pos. 2,0,< 25%,114,David Buddrius,122,Write-In,8
General_2021,City Council,HARRINGTON,Pos. 3,0,< 25%,93,Stephen Hardy,123,Christopher Meats,30
General_2021,City Council,HARTLINE,Pos. 1,0,< 25%,57,Johnathan Dingman,57,Write-In,0
General_2021,City Council,HARTLINE,Pos. 2,0,< 25%,5,Goldye Moyer,33,Brian Sayler,28
General_2021,City Council,HATTON,Pos. 1,0,< 25%,13,Write-In,18,James Earl Van Patten,5
General_2021,City Council,HATTON,Pos. 3,0,< 25%,11,Write-In,17,Linda Palmer,6
General_2021,City Council,HOQUIAM,Pos. 1,3,< 25%,199,John Pellegrini,205,Write-In,6
General_2021,City Council,HOQUIAM,Pos. 10,3,< 25%,150,Denise Anderson,163,Write-In,13
General_2021,City Council,HOQUIAM,Pos. 12,3,< 25%,139,Elizabeth Reid,144,Write-In,5
General_2021,City Council,HOQUIAM,Pos. 2,3,< 25%,195,Paul McMillan,204,Write-In,9
General_2021,City Council,HOQUIAM,Pos. 4,3,< 25%,64,Jim George,125,Dennis J Carpenter,61
General_2021,City Council,HOQUIAM,Pos. 5,3,< 25%,222,Tracey Ushman,226,Write-In,4
General_2021,City Council,HOQUIAM,Pos. 6,3,< 25%,222,Bill Nelson,226,Write-In,4
General_2021,City Council,HOQUIAM,Pos. 7,3,25-50%,9,Jamie Brand,175,Gregory Grun,166
General_2021,City Council,HUNTS POINT,Pos. 1,11,< 25%,128,Ken Fisher,134,Write-In,6
General_2021,City Council,HUNTS POINT,Pos. 3,11,< 25%,125,Ted Frantz,133,Write-In,8
General_2021,City Council,HUNTS POINT,Pos. 5,11,< 25%,124,Dan Temkin,131,Write-In,7
General_2021,City Council,ILWACO,Pos. 1,0,< 25%,185,Dave Cundiff,196,Write-In,11
General_2021,City Council,ILWACO,Pos. 2,0,< 25%,179,Margarita Cullimore,189,Write-In,10
General_2021,City Council,ILWACO,Pos. 3,0,< 25%,187,Jon Quittner,195,Write-In,8
General_2021,City Council,INDEX,Pos. 1,2,< 25%,67,Bert Shepardson,69,Write-In,2
General_2021,City Council,INDEX,Pos. 3,2,< 25%,58,Bruce Albert,62,Write-In,4
General_2021,City Council,IONE,Pos. 1,0,< 25%,100,John Redinger,101,Write-In,1
General_2021,City Council,IONE,Pos. 2,0,< 25%,87,Ken Timmreck,93,Write-In,6
General_2021,City Council,IONE,Pos. 4,0,< 25%,90,Dylan Powers,96,Write-In,6
General_2021,City Council,IONE,Pos. 5,0,< 25%,70,Lawrence Cory McNeal,79,Write-In,9
General_2021,City Council,ISSAQUAH,Pos. 1,369,< 25%,6145,Chris Reh,6241,Write-In,96
General_2021,City Council,ISSAQUAH,Pos. 3,369,< 25%,6079,Barbara de Michele,6198,Write-In,119
General_2021,City Council,ISSAQUAH,Pos. 5,369,< 25%,2039,Russell Joe,5076,Rose Zibrat,3037
General_2021,City Council,ISSAQUAH,Pos. 7,369,< 25%,5977,Tola Marts,6073,Write-In,96
General_2021,City Council,KAHLOTUS,Pos. 2,0,< 25%,14,Kelli Seibert,19,Write-In,5
General_2021,City Council,KAHLOTUS,Pos. 3,0,< 25%,24,Bryan Romeike,25,Write-In,1
General_2021,City Council,KALAMA,Pos. 1,2,< 25%,109,Jon Stanfill,496,Sara Hutchinson,387
General_2021,City Council,KALAMA,Pos. 2,2,< 25%,48,Scott Moon,464,Sandra Macias-Hughes,416
General_2021,City Council,KELSO,Pos. 1,23,< 25%,725,Brian Wood,1207,Curtis J. Hart,482
General_2021,City Council,KELSO,Pos. 2,23,< 25%,522,Mike Karnofski,1113,Tyler Rock Hutchison,591
General_2021,City Council,KELSO,Pos. 3,23,< 25%,131,Kimberly Lefebvre,925,Jeremiah Harrington,794
General_2021,City Council,KELSO,Pos. 4,23,< 25%,217,Jim Hill,885,Rowan Kelsall,668
General_2021,City Council,KENMORE,Pos. 2,220,< 25%,4492,Joe Marshall,4612,Write-In,120
General_2021,City Council,KENMORE,Pos. 3,220,< 25%,4561,Angela Kugler,4656,Write-In,95
General_2021,City Council,KENMORE,Pos. 4,220,< 25%,2450,Nigel G. Herbig,4219,Bob Black,1769
General_2021,City Council,KENMORE,Pos. 6,220,< 25%,3525,Debra Srebnik,4712,Jon Culver,1187
General_2021,City Council,KENNEWICK,Pos. 4,303,< 25%,2397,Bill McKay,8877,Ken Short,6480
General_2021,City Council,KENNEWICK,Ward 1,303,< 25%,3157,Gretl Crawford,9286,Don Britain,6129
General_2021,City Council,KENNEWICK,Ward 2,303,< 25%,5458,LOREN ANDERSON,10335,Steve Lee,4877
General_2021,City Council,KENNEWICK,Ward 3,303,< 25%,2771,John H. Trumbo,9085,Jason Lohr,6314
General_2021,City Council,KENT,Pos. 2,2582,< 25%,14393,Satwinder Kaur,14730,Write-In,337
General_2021,City Council,KENT,Pos. 4,2582,> 50%,2428,Toni Troutner,10842,Cliff Cawthon,8414
General_2021,City Council,KENT,Pos. 6,2582,25-50%,10006,Brenda Fincher,14368,Larry Hussey,4362
General_2021,City Council,KETTLE FALLS,Pos. 1,1,< 25%,331,Wayne Wardlow,337,Write-In,6
General_2021,City Council,KETTLE FALLS,Pos. 3,1,< 25%,345,Christopher Shurrum,350,Write-In,5
General_2021,City Council,KETTLE FALLS,Pos. 5,1,< 25%,340,Michael Weatherman,346,Write-In,6
General_2021,City Council,KIRKLAND,Pos. 1,1345,< 25%,14334,Jay Arnold,14753,Write-In,419
General_2021,City Council,KIRKLAND,Pos. 3,1345,< 25%,9569,Penny Sweet,14678,Matthew Goelzer,5109
General_2021,City Council,KIRKLAND,Pos. 5,1345,< 25%,9216,Neal Black,14484,Cherese Bourgoin,5268
General_2021,City Council,KIRKLAND,Pos. 7,1345,< 25%,14977,Jon Pascal,15195,Write-In,218
General_2021,City Council,KITTITAS,Pos. 1,1,< 25%,180,Christopher B Pedersen,216,Write-In,36
General_2021,City Council,KITTITAS,Pos. 2,1,< 25%,148,Hannah Woodiwiss,237,Farren Shirazi,89
General_2021,City Council,KITTITAS,Pos. 3,1,< 25%,64,Tina L. Welker,195,Jack E. Sypolt,131
General_2021,City Council,KITTITAS,Pos. 4,1,< 25%,245,Lyla Howard,253,Write-In,8
General_2021,City Council,KRUPP,Pos. 5,0,< 25%,17,Lori Friend,18,Write-In,1
General_2021,City Council,LA CENTER,Pos. 1,18,< 25%,268,Melissa Fox,719,Justin Keeler,451
General_2021,City Council,LA CENTER,Pos. 2,18,< 25%,285,KC Kasberg,722,Dennis Hill,437
General_2021,City Council,LA CENTER,Pos. 3,18,< 25%,323,Sean Boyle,742,"T.R. ""Randy"" Williams",419
General_2021,City Council,LA CONNER,Pos. 2,3,< 25%,112,Ivan Carlson,280,John William Leaver,168
General_2021,City Council,LA CONNER,Pos. 3,3,< 25%,58,Rick Dole,248,Bill Stokes,190
General_2021,City Council,LA CONNER,Pos. 4,3,< 25%,220,MaryLee Chamberlain,325,Glen S. Johnson,105
General_2021,City Council,LACEY,Pos. 4,143,< 25%,2582,Robin Vazquez,6792,Emma McSharry,4210
General_2021,City Council,LACEY,Pos. 5,143,< 25%,6929,Andy Ryder,7481,Write-In,552
General_2021,City Council,LACEY,Pos. 6,143,< 25%,8279,Michael R. Steadman,8562,Write-In,283
General_2021,City Council,LACEY,Pos. 7,143,< 25%,1040,Carolyn H. Cox,6064,Felix Peguero-Reyes,5024
General_2021,City Council,LACROSSE,Pos. 2,0,< 25%,92,James Bafus,93,Write-In,1
General_2021,City Council,LACROSSE,Pos. 3,0,< 25%,77,Roger Downing,84,Write-In,7
General_2021,City Council,LACROSSE,Pos. 4,0,< 25%,88,Shawn Mills,88,Write-In,0
General_2021,City Council,LACROSSE,Pos. 5,0,< 25%,98,Kathleen Parker,98,Write-In,0
General_2021,City Council,LAKE FOREST PARK,Pos. 1,79,< 25%,3101,Semra Riddle,3375,Write-In,274
General_2021,City Council,LAKE FOREST PARK,Pos. 3,79,< 25%,1361,Jon Lebo,3359,Stephanie Angelis,1998
General_2021,City Council,LAKE FOREST PARK,Pos. 5,79,< 25%,708,Tracy Furutani,3034,Maddy Larson,2326
General_2021,City Council,LAKE FOREST PARK,Pos. 7,79,< 25%,381,Larry Goldman,2875,Paul Sanford,2494
General_2021,City Council,LAKE STEVENS,Pos. 1,213,< 25%,1214,Kim Daughtry,4792,Michele Hampton,3578
General_2021,City Council,LAKE STEVENS,Pos. 6,213,< 25%,1421,Steve Ewing,4950,Jessica Wadhams,3529
General_2021,City Council,LAKE STEVENS,Pos. 2,213,> 50%,130,Gary Petershagen,4277,Joyce Copley,4147
General_2021,City Council,LAKE STEVENS,Pos. 7,213,> 50%,402,Marcus A. Tageant,4396,Joseph Jensen,3994
General_2021,City Council,LAKEWOOD,Pos. 1,95,< 25%,7354,Mary Moss,7644,Write-In,290
General_2021,City Council,LAKEWOOD,Pos. 2,95,< 25%,4581,Mike Brandstetter,6891,Amelia Isabel Escobedo,2310
General_2021,City Council,LAKEWOOD,Pos. 3,95,< 25%,4735,Jason Whalen,6996,Siabhon Ayuso,2261
General_2021,City Council,LAKEWOOD,Pos. 5,95,< 25%,5362,Patti Belle,7126,Ria J. Covington Johnson,1764
General_2021,City Council,LANGLEY,Pos. 1,4,< 25%,365,Harolynne Bobis,508,Kay Kenneweg,143
General_2021,City Council,LANGLEY,Pos. 2,4,< 25%,490,Rhonda Salerno,511,Write-In,21
General_2021,City Council,LANGLEY,Pos. 5,4,< 25%,356,Write-In,461,Scott Chaplin,105
General_2021,City Council,LATAH,Pos. 1,0,< 25%,55,Yvonne Warren,57,Write-In,2
General_2021,City Council,LATAH,Pos. 4,0,< 25%,52,Curt Loucks,56,Write-In,4
General_2021,City Council,LEAVENWORTH,Pos. 2,1,< 25%,482,Zeke Reister,708,Max Kyllonen,226
General_2021,City Council,LEAVENWORTH,Pos. 4,1,< 25%,645,Carolyn A. Wilson,659,Write-In,14
General_2021,City Council,LEAVENWORTH,Pos. 5,1,< 25%,697,Sharon Faye Waters,708,Write-In,11
General_2021,City Council,LEAVENWORTH,Pos. 6,1,< 25%,580,Clint Strand,761,Michelle Logan,181
General_2021,City Council,LEAVENWORTH,Pos. 7,1,< 25%,203,Marco Aurilio,573,Scott Bradshaw,370
General_2021,City Council,LIBERTY LAKE,Pos. 2,15,< 25%,2708,Chris Cargill,2836,Write-In,128
General_2021,City Council,LIBERTY LAKE,Pos. 4,15,< 25%,206,Jamie Freeze Baird,1882,Mike Behary,1676
General_2021,City Council,LIBERTY LAKE,Pos. 6,15,< 25%,2530,Mike T. Kennedy,2614,Write-In,84
General_2021,City Council,LIBERTY LAKE,Pos. 7,15,< 25%,473,Holly A. Woodruff,1758,Write-In,1285
General_2021,City Council,LIND,Pos. 1,0,< 25%,16,London Dew,110,Rosemary Elkington,94
General_2021,City Council,LIND,Pos. 2,0,< 25%,8,Mike J Wold,105,Sheri Marlin,97
General_2021,City Council,LIND,Pos. 3,0,< 25%,68,Laura Dew,135,Richard Baldwin,67
General_2021,City Council,LONG BEACH,Pos. 5,1,< 25%,164,George Coleman,303,Richard L Vincent,139
General_2021,City Council,LONG BEACH,Pos. 4,1,> 50%,1,Patrick Reddy,228,Karla Jensen,227
General_2021,City Council,LONGVIEW,Pos. 5,31,< 25%,5040,MaryAlice L. Wallis,6294,Matthew Gisby,1254
General_2021,City Council,LONGVIEW,Pos. 6,31,< 25%,644,Angie Wean,4256,Chet Makinster,3612
General_2021,City Council,LONGVIEW,Pos. 7,31,< 25%,685,Spencer C. Boudreau,4273,Tom Lee,3588
General_2021,City Council,LYMAN,Pos. 1,0,< 25%,63,Charleen Bray,63,Write-In,0
General_2021,City Council,LYMAN,Pos. 2,0,< 25%,66,Jeremy Mast,66,Write-In,0
General_2021,City Council,LYNDEN,Pos. 5,6,< 25%,2675,Nick H. Laninga,4037,Khush Brar,1362
General_2021,City Council,LYNDEN,Pos. 6,6,< 25%,3807,Kyle Strengholt,3885,Write-In,78
General_2021,City Council,LYNDEN,Pos. 7,6,< 25%,3403,Mark Wohlrab,3491,Write-In,88
General_2021,City Council,LYNNWOOD,Pos. 1,1614,> 50%,101,Shirley Sutton,3562,Nick Coelho,3461
General_2021,City Council,LYNNWOOD,Pos. 2,1614,> 50%,663,Patrick Decker,3819,Naz Lashgari,3156
General_2021,City Council,LYNNWOOD,Pos. 3,1614,> 50%,512,Joshua Binda,3656,Lisa Utter,3144
General_2021,City Council,MABTON,Pos. 1,1,< 25%,133,Diana I. Castaneda,149,Write-In,16
General_2021,City Council,MABTON,Pos. 2,1,< 25%,16,Write-In,96,Sophie G. Sotelo,80
General_2021,City Council,MABTON,Pos. 3,1,< 25%,42,Write-In,104,Mark Gourneau,62
General_2021,City Council,MALDEN,Pos. 1,1,< 25%,32,Scott J Shauf,47,Scott Hokonson,15
General_2021,City Council,MALDEN,Pos. 2,1,< 25%,18,Ben Hale,41,Heidi Lindgren,23
General_2021,City Council,MALDEN,Pos. 3,1,< 25%,7,Janell Turner,36,John Lenz,29
General_2021,City Council,MANSFIELD,Pos. 2,0,< 25%,81,Adam Foged,88,Write-In,7
General_2021,City Council,MANSFIELD,Pos. 3,0,< 25%,91,Mikki Lamar,92,Write-In,1
General_2021,City Council,MANSFIELD,Pos. 4,0,< 25%,45,Thomas J. Tupling,76,Kris Neff,31
General_2021,City Council,MAPLE VALLEY,Pos. 2,181,< 25%,5296,Linda Olson,5416,Write-In,120
General_2021,City Council,MAPLE VALLEY,Pos. 4,181,< 25%,5241,Victoria Schroff,5350,Write-In,109
General_2021,City Council,MAPLE VALLEY,Pos. 6,181,< 25%,5264,Dana Parnello,5368,Write-In,104
General_2021,City Council,MARCUS,Pos. 1,0,< 25%,35,Dana DePaulo,37,Write-In,2
General_2021,City Council,MARCUS,Pos. 3,0,< 25%,41,Marcie Clemons,42,Write-In,1
General_2021,City Council,MARYSVILLE,Pos. 1,310,< 25%,2323,Jeffrey D. Vaughan,7459,Cindy Gobel,5136
General_2021,City Council,MARYSVILLE,Pos. 2,310,< 25%,7184,Mark James,9734,Ambyrlee Gattshall,2550
General_2021,City Council,MARYSVILLE,Pos. 3,310,< 25%,5831,Tom King,8997,Kevin Gallagher,3166
General_2021,City Council,MARYSVILLE,Pos. 4,310,< 25%,9648,Michael A. Stevens,9936,Write-In,288
General_2021,City Council,MATTAWA,Pos. 3,0,< 25%,118,Silvia Barajas,118,Write-In,0
General_2021,City Council,MATTAWA,Pos. 4,0,< 25%,109,Antonio (Tony) Acosta,110,Write-In,1
General_2021,City Council,MATTAWA,Pos. 6,0,< 25%,111,Vicente Acosta,111,Write-In,0
General_2021,City Council,MATTAWA,Pos. 7,0,< 25%,117,Wendy Lopez,118,Write-In,1
General_2021,City Council,MCCLEARY,Pos. 3,0,< 25%,332,Max Ross,348,Write-In,16
General_2021,City Council,MCCLEARY,Pos. 4,0,< 25%,263,Andrea Dahl,376,Gary Atkins,113
General_2021,City Council,MCCLEARY,Pos. 5,0,< 25%,260,Deborah Joy Iversen,384,Jacob Simmons,124
General_2021,City Council,MEDICAL LAKE,Pos. 1,2,< 25%,287,Donald Kennedy,650,Howard Griffith,363
General_2021,City Council,MEDICAL LAKE,Pos. 2,2,< 25%,378,Dawn Olmstead,714,Elizabeth Rosenbeck,336
General_2021,City Council,MEDICAL LAKE,Pos. 3,2,< 25%,393,Bob Maxwell,697,Arthur (AJ) Burton,304
General_2021,City Council,MEDICAL LAKE,Pos. 4,2,< 25%,813,Tony Harbolt,841,Write-In,28
General_2021,City Council,MEDICAL LAKE,Pos. 7,2,< 25%,838,Chad Pritchard,857,Write-In,19
General_2021,City Council,MEDINA,Pos. 1,24,< 25%,662,Jessica L. Rossman,675,Write-In,13
General_2021,City Council,MEDINA,Pos. 3,24,< 25%,634,Jennifer H. Garone,647,Write-In,13
General_2021,City Council,MEDINA,Pos. 5,24,< 25%,649,Mac Johnston,659,Write-In,10
General_2021,City Council,MEDINA,Pos. 7,24,< 25%,258,Randy Reeves,578,Dan Becker,320
General_2021,City Council,MERCER ISLAND,Pos. 2,149,< 25%,1681,Salim Nice,5602,Daniel Becker,3921
General_2021,City Council,MERCER ISLAND,Pos. 4,149,< 25%,809,Ted Weinberg,5193,Michael D. Curry,4384
General_2021,City Council,MERCER ISLAND,Pos. 6,149,< 25%,1069,Lisa Anderl,5334,Kate Akyuz,4265
General_2021,City Council,MESA,Pos. 3,1,< 25%,33,Brandon Eveland,33,Write-In,0
General_2021,City Council,MESA,Pos. 5,1,< 25%,26,Maria Chiprez,29,Write-In,3
General_2021,City Council,METALINE,Pos. 1,0,< 25%,61,Alicia Seaney,61,Write-In,0
General_2021,City Council,METALINE,Pos. 1,0,< 25%,32,Fran Maxwell,40,Write-In,8
General_2021,City Council,METALINE,Pos. 2,0,< 25%,58,Janet Sullivan,59,Write-In,1
General_2021,City Council,METALINE,Pos. 3,0,< 25%,61,Brandie Taylor,61,Write-In,0
General_2021,City Council,METALINE,Pos. 4,0,< 25%,36,Mike Flanagan,52,Jennifer Carman,16
General_2021,City Council,METALINE,Pos. 4,0,< 25%,41,Blake McAnerin,46,Write-In,5
General_2021,City Council,METALINE,Pos. 5,0,< 25%,31,Rick Reiber,49,Christina Altieri,18
General_2021,City Council,MILL CREEK,Pos. 1,217,< 25%,3412,John Steckler,3559,Write-In,147
General_2021,City Council,MILL CREEK,Pos. 2,217,< 25%,1615,Stephanie Vignal,3213,Nicholas Swett,1598
General_2021,City Council,MILL CREEK,Pos. 3,217,> 50%,408,Connie Allison,2620,Benjamin Briles,2212
General_2021,City Council,MILL CREEK,Pos. 4,217,> 50%,15,Brian Holtzclaw,2398,Eric J. Cooke,2383
General_2021,City Council,MILL CREEK,Pos. 6,217,> 50%,64,Melissa Duque,2454,Adam R. Morgan,2390
General_2021,City Council,MILLWOOD,Pos. 1,0,< 25%,344,Shawna Beese,364,Write-In,20
General_2021,City Council,MILLWOOD,Pos. 2,0,< 25%,126,Dan Sander,312,Becky Dean,186
General_2021,City Council,MILTON,Pos. 1,12,< 25%,296,Steve Whitaker,1011,Beth Jersey,715
General_2021,City Council,MILTON,Pos. 2,12,< 25%,171,Bruce White,972,Susan J.F. Johnson,801
General_2021,City Council,MILTON,Pos. 3,12,< 25%,1298,Steve Peretti,1339,Write-In,41
General_2021,City Council,MILTON,Pos. 4,12,< 25%,796,Tim Ceder,1267,Heather Popp,471
General_2021,City Council,MILTON,Pos. 5,12,< 25%,518,Dave Strader,1102,Todd Morton,584
General_2021,City Council,MILTON,Pos. 3,12,> 50%,8,Andrea Stoeser,31,Leah Jones,23
General_2021,City Council,MILTON,Pos. 4,12,> 50%,22,Gregory Kernozek,33,Dean Vandiver,11
General_2021,City Council,MILTON,Pos. 5,12,25-50%,31,Alyssa Boots,39,Write-In,8
General_2021,City Council,MONROE,Pos. 1,85,< 25%,1603,Kevin Hanford,2393,Amber Mehta,790
General_2021,City Council,MONROE,Pos. 2,85,< 25%,2505,Tami Kinney,2549,Write-In,44
General_2021,City Council,MONROE,Pos. 3,85,< 25%,2463,Kyle Fisher,2513,Write-In,50
General_2021,City Council,MONROE,Pos. 7,85,> 50%,30,Kirk Scarboro,1631,Jacob Walker,1601
General_2021,City Council,MONTESANO,Pos. 1,1,< 25%,854,Clint Bryson,877,Write-In,23
General_2021,City Council,MONTESANO,Pos. 2,1,< 25%,114,Rollin Caryl,647,Valerie Jester,533
General_2021,City Council,MONTESANO,Pos. 3,1,< 25%,13,Ian Cope,616,Holly Shuck,603
General_2021,City Council,MONTESANO,Pos. 6,1,< 25%,156,Tyler Trimble,678,Brooke Chapman-Hoiness,522
General_2021,City Council,MORTON,Pos. 2,0,< 25%,36,Jaime Fleming,161,Aubrey Grantham,125
General_2021,City Council,MORTON,Pos. 3,0,< 25%,230,Richard Vanderlip,238,Write-In,8
General_2021,City Council,MORTON,Pos. 5,0,< 25%,66,Caro Johnson,184,Jeanette Chamberlain,118
General_2021,City Council,MOSES LAKE,Pos. 1,36,< 25%,330,Deanna Martinez,2227,Mike Riggs,1897
General_2021,City Council,MOSES LAKE,Pos. 2,36,< 25%,335,Dustin Swartz,2184,Karen Liebrecht,1849
General_2021,City Council,MOSES LAKE,Pos. 4,36,< 25%,2698,Mark Fancher,3413,Plasido S.D. Lindsey Jr,715
General_2021,City Council,MOSES LAKE,Pos. 5,36,< 25%,326,Judy Madewell,2267,David Curnel,1941
General_2021,City Council,MOSSYROCK,Pos. 1,1,< 25%,56,Craig A Byrum,56,Write-In,0
General_2021,City Council,MOSSYROCK,Pos. 3,1,< 25%,59,Shannon Mcarron,59,Write-In,0
General_2021,City Council,MOUNT VERNON,At-Large,37,< 25%,2004,Richard Brocksmith,4099,Larry M Carpenter,2095
General_2021,City Council,MOUNT VERNON,Ward 1 Pos. 1,37,< 25%,2627,Juan Morales,4405,Navor Tercero,1778
General_2021,City Council,MOUNT VERNON,Ward 1 Pos. 2,37,< 25%,1545,Iris Carias,3873,Daniel Downs,2328
General_2021,City Council,MOUNT VERNON,Ward 2 Pos. 2,37,< 25%,2429,Gary Molenaar,4318,Garrett Martin,1889
General_2021,City Council,MOUNT VERNON,Ward 3 Pos. 2,37,< 25%,3941,Melissa Beaton,5037,Christopher L. Sadler,1096
General_2021,City Council,MOUNTLAKE TERRACE,Pos. 1,231,< 25%,3105,Rick Ryan,3198,Write-In,93
General_2021,City Council,MOUNTLAKE TERRACE,Pos. 2,231,< 25%,3052,Steve Woodard,3155,Write-In,103
General_2021,City Council,MOUNTLAKE TERRACE,Pos. 3,231,< 25%,3052,Douglas McCardle,3145,Write-In,93
General_2021,City Council,MOUNTLAKE TERRACE,Pos. 4,231,< 25%,3095,Kyoko Matsumoto Wright,3198,Write-In,103
General_2021,City Council,MOXEE,Pos. 1,7,< 25%,485,"Robert ""Rob"" Layman",508,Write-In,23
General_2021,City Council,MOXEE,Pos. 3,7,< 25%,488,Jan Hutchinson,503,Write-In,15
General_2021,City Council,MOXEE,Pos. 2,7,> 50%,6,Greg Spurgin,294,Caleb Sluder,288
General_2021,City Council,MUKILTEO,Pos. 2,239,> 50%,226,Tom Jordal,3815,Kevin Stoltz,3589
General_2021,City Council,MUKILTEO,Pos. 3,239,> 50%,452,Steve Schmalz,3889,Alex Crocco,3437
General_2021,City Council,MUKILTEO,Pos. 1,239,25-50%,821,Louis Harris,4256,Peter Zieve,3435
General_2021,City Council,NACHES,Pos. 1,1,< 25%,145,Wayne Hawver,151,Write-In,6
General_2021,City Council,NACHES,Pos. 2,1,< 25%,147,Cary Henning,155,Write-In,8
General_2021,City Council,NACHES,Pos. 3,1,< 25%,139,Kit Hawver,148,Write-In,9
General_2021,City Council,NAPAVINE,Pos. 1,0,< 25%,107,Brian Watson,220,Donald Webster,113
General_2021,City Council,NAPAVINE,Pos. 2,0,< 25%,256,Larry D Stafford,259,Write-In,3
General_2021,City Council,NAPAVINE,Pos. 4,0,< 25%,257,Heather Stewart,262,Write-In,5
General_2021,City Council,NESPELEM,Pos. 1,0,< 25%,14,DAWN ENSMINGER,18,Write-In,4
General_2021,City Council,NESPELEM,Pos. 3,0,< 25%,18,Rowena C St Pierre,19,Write-In,1
General_2021,City Council,NEWCASTLE,Pos. 5,117,> 50%,72,Pratima Lakhotia,1714,Jim Quigg,1642
General_2021,City Council,NEWCASTLE,Pos. 6,117,> 50%,10,Paul Charbonneau,1672,Frank Irigon,1662
General_2021,City Council,NEWCASTLE,Pos. 7,117,25-50%,391,Robert Clark,1863,Jesse Tam,1472
General_2021,City Council,NEWPORT,Pos. 2,1,< 25%,322,Travis B Baldwin,335,Write-In,13
General_2021,City Council,NEWPORT,Pos. 3,1,< 25%,319,Jami Sears,329,Write-In,10
General_2021,City Council,NOOKSACK,Pos. 1,0,< 25%,368,Steve Neyens,380,Write-In,12
General_2021,City Council,NOOKSACK,Pos. 2,0,< 25%,341,Randy Relethford,358,Write-In,17
General_2021,City Council,NOOKSACK,Pos. 3,0,< 25%,46,Collin Hester,272,Dave Finet,226
General_2021,City Council,NOOKSACK,Pos. 4,0,< 25%,106,Ryan Steward,285,Jayson T. Loreen,179
General_2021,City Council,NOOKSACK,Pos. 5,0,< 25%,351,Michelle Barrett,357,Write-In,6
General_2021,City Council,NORMANDY PARK,Pos. 2,16,< 25%,1925,Susan J. West,1976,Write-In,51
General_2021,City Council,NORMANDY PARK,Pos. 4,16,< 25%,1551,Mike Bishoff,2032,Craig Daly,481
General_2021,City Council,NORMANDY PARK,Pos. 6,16,< 25%,1857,Eric Zimmerman,1893,Write-In,36
General_2021,City Council,NORTH BEND,Pos. 2,31,< 25%,1363,Alan Gothelf,1415,Write-In,52
General_2021,City Council,NORTH BEND,Pos. 4,31,< 25%,1341,Ross Loudenback,1395,Write-In,54
General_2021,City Council,NORTH BEND,Pos. 6,31,< 25%,1383,Mark Joselyn,1432,Write-In,49
General_2021,City Council,NORTH BONNEVILLE,Pos. 1,2,< 25%,96,Terry B. Norris,190,Richard Hall,94
General_2021,City Council,NORTH BONNEVILLE,Pos. 2,2,< 25%,50,Travis Randall,170,Dana Hall,120
General_2021,City Council,NORTH BONNEVILLE,Pos. 5,2,< 25%,107,Joshua Good,193,Charla Schuman,86
General_2021,City Council,NORTHPORT,Pos. 3,0,< 25%,74,Darelynn Brunette,76,Write-In,2
General_2021,City Council,NORTHPORT,Pos. 5,0,< 25%,71,Greg Rieckers,73,Write-In,2
General_2021,City Council,OAK HARBOR,Pos. 4,22,< 25%,247,Dan Evans,2066,Stephenie (Fe) Mischo,1819
General_2021,City Council,OAK HARBOR,Pos. 5,22,< 25%,1813,Shane Hoffmire,2858,Joel Servatius,1045
General_2021,City Council,OAK HARBOR,Pos. 6,22,< 25%,2557,Jim Woessner,2669,Write-In,112
General_2021,City Council,OAK HARBOR,Pos. 7,22,< 25%,1544,Bryan Stucky,2681,Andy Plumlee,1137
General_2021,City Council,OAKESDALE,Pos. 2,0,< 25%,128,William Auvil,131,Write-In,3
General_2021,City Council,OAKESDALE,Pos. 4,0,< 25%,127,Randy Robinson,130,Write-In,3
General_2021,City Council,OAKESDALE,Pos. 5,0,< 25%,124,Claudia Louk,127,Write-In,3
General_2021,City Council,OAKVILLE,Pos. 3,0,< 25%,110,Dan Martin,113,Write-In,3
General_2021,City Council,OAKVILLE,Pos. 4,0,< 25%,98,Julie Zehe,106,Write-In,8
General_2021,City Council,OAKVILLE,Pos. 5,0,< 25%,111,John Ruymann,115,Write-In,4
General_2021,City Council,OCEAN SHORES,Pos. 1,2,< 25%,194,Eric Noble,1751,Susan Conniry,1557
General_2021,City Council,OCEAN SHORES,Pos. 5,2,< 25%,368,Lisa Scott,1806,Patrick Daugherty,1438
General_2021,City Council,OCEAN SHORES,Pos. 7,2,< 25%,210,Rich Hartman,1726,Patric Hayes,1516
General_2021,City Council,ODESSA,Pos. 3,0,< 25%,250,Landon Lobe,267,Write-In,17
General_2021,City Council,ODESSA,Pos. 4,0,< 25%,54,Alberto Reyes,182,Amanda Wallace,128
General_2021,City Council,OKANOGAN,Pos. 2,2,< 25%,291,Eric S. Lind Sr.,304,Write-In,13
General_2021,City Council,OKANOGAN,Pos. 3,2,< 25%,310,Rob Gillespie,317,Write-In,7
General_2021,City Council,OKANOGAN,Pos. 5,2,< 25%,306,Greg Oyler,317,Write-In,11
General_2021,City Council,OLYMPIA,Pos. 2,371,< 25%,2396,Yen Huynh,9098,Robbi Kesler,6702
General_2021,City Council,OLYMPIA,Pos. 4,371,< 25%,6322,Clark Gilman,10852,Candace Mercer,4530
General_2021,City Council,OLYMPIA,Pos. 5,371,< 25%,2663,Lisa Parshley,8946,Talauna Reed,6283
General_2021,City Council,OLYMPIA,Pos. 6,371,< 25%,6010,Dontae Payne,10949,Corey Gauny,4939
General_2021,City Council,OLYMPIA,Pos. 7,371,25-50%,1458,Jim Cooper,8635,Spence Weigand,7177
General_2021,City Council,OMAK,Pos. 1,3,< 25%,285,Michael Foth,484,C'ANN KARIORES,199
General_2021,City Council,OMAK,Pos. 2,3,< 25%,551,Michelle Gaines,570,Write-In,19
General_2021,City Council,OMAK,Pos. 3,3,< 25%,563,Nattalie Cariker,583,Write-In,20
General_2021,City Council,OROVILLE,Pos. 1,1,< 25%,247,Edward Naillon,256,Write-In,9
General_2021,City Council,OROVILLE,Pos. 2,1,< 25%,233,Mike Marthaller,239,Write-In,6
General_2021,City Council,ORTING,Pos. 1,22,< 25%,325,Tod Gunther,869,John White,544
General_2021,City Council,ORTING,Pos. 2,22,< 25%,1116,Chris Moore,1170,Write-In,54
General_2021,City Council,ORTING,Pos. 3,22,< 25%,157,Don Tracy,803,Tony Belot,646
General_2021,City Council,ORTING,Pos. 7,22,< 25%,431,Melodi Koenig,905,Scott Drennen,474
General_2021,City Council,OTHELLO,Pos. 1,4,< 25%,455,Genna Dorow,473,Write-In,18
General_2021,City Council,OTHELLO,Pos. 2,4,< 25%,459,John G. Lallas,475,Write-In,16
General_2021,City Council,OTHELLO,Pos. 3,4,< 25%,457,Corey Everett,470,Write-In,13
General_2021,City Council,PACIFIC,Pos. 2,42,< 25%,580,Kerry G. Garberding,628,Write-In,48
General_2021,City Council,PACIFIC,Pos. 4,42,< 25%,318,Vic Kave,597,Gary Nitschke,279
General_2021,City Council,PACIFIC,Pos. 5,42,< 25%,657,"Lawrence Boles, III",692,Write-In,35
General_2021,City Council,PACIFIC,Pos. 7,42,< 25%,169,Eric Petersen,515,Don W. Thomson,346
General_2021,City Council,PALOUSE,Pos. 1,0,< 25%,123,Sarah Bofenkamp,278,Brad Pearce,155
General_2021,City Council,PALOUSE,Pos. 3,0,< 25%,81,Tim Sievers,254,Tracy Stewart,173
General_2021,City Council,PALOUSE,Pos. 4,0,< 25%,47,Sam Brink,242,Libby Akin,195
General_2021,City Council,PALOUSE,Pos. 5,0,< 25%,96,Travis Deerkop,260,Jim Fielder,164
General_2021,City Council,PALOUSE,Pos. 6,0,< 25%,1,Robert Brooks,212,Leslie Jo Sena,211
General_2021,City Council,PALOUSE,Pos. 7,0,< 25%,89,Ann Barrington,251,Ron Weller,162
General_2021,City Council,PASCO,District 1,57,< 25%,305,Blanche Barajas,313,Write-In,8
General_2021,City Council,PASCO,District 4,57,< 25%,1262,Pete Serrano,1307,Write-In,45
General_2021,City Council,PASCO,District 6,57,< 25%,269,Craig Maloney,270,Write-In,1
General_2021,City Council,PASCO,District 3,57,25-50%,120,Nikki Torres,1466,Leo A. Perales,1346
General_2021,City Council,PATEROS,Pos. 1,1,< 25%,11,Chantel R. Poole,100,Frank Herbert,89
General_2021,City Council,PATEROS,Pos. 2,1,< 25%,120,Holly Bange,132,Write-In,12
General_2021,City Council,PE ELL,Pos. 1,1,< 25%,109,Mike Nichols,112,Write-In,3
General_2021,City Council,PE ELL,Pos. 2,1,< 25%,109,Kerry (Mac) McRoberts,112,Write-In,3
General_2021,City Council,PE ELL,Pos. 3,1,< 25%,102,Jilona Speer,106,Write-In,4
General_2021,City Council,PORT ANGELES,Pos. 1,16,< 25%,155,LaTrisha Suggs,3234,Adam Garcia,3079
General_2021,City Council,PORT ANGELES,Pos. 2,16,< 25%,1141,Mike French,3718,John Madden,2577
General_2021,City Council,PORT ANGELES,Pos. 3,16,< 25%,104,Lindsey Schromen-Wawrin,3215,Jena Stamper,3111
General_2021,City Council,PORT ANGELES,Pos. 4,16,< 25%,432,Kate Dexter,3371,John W. Procter,2939
General_2021,City Council,PORT ORCHARD,At-Large,36,< 25%,275,Mark Trenary,1637,Shaun Williams,1362
General_2021,City Council,PORT ORCHARD,Pos. 2,36,< 25%,613,Jay Rosapepe,1854,Randy Jones,1241
General_2021,City Council,PORT ORCHARD,Pos. 3,36,< 25%,517,Scott Diener,1804,Heidi Fenton,1287
General_2021,City Council,PORT ORCHARD,Pos. 6,36,< 25%,444,Fred Chang,1771,Kaylan O'Connor,1327
General_2021,City Council,PORT TOWNSEND,Pos. 1,9,< 25%,1922,Ben Thomas,3055,Cameron Jones,1133
General_2021,City Council,PORT TOWNSEND,Pos. 2,9,< 25%,2991,Aislinn Diamanti,3055,Write-In,64
General_2021,City Council,PORT TOWNSEND,Pos. 5,9,< 25%,1868,Libby Urner Wennstrom,3148,Tyler Myles Vega,1280
General_2021,City Council,POULSBO,Pos. 5,29,< 25%,2232,Ed Stern,2304,Write-In,72
General_2021,City Council,POULSBO,Pos. 6,29,< 25%,732,David Musgrove,1625,Write-In,893
General_2021,City Council,POULSBO,Pos. 7,29,< 25%,2213,Gary McVey,2268,Write-In,55
General_2021,City Council,PRESCOTT,Pos. 1,0,< 25%,62,Nathan Craghill,63,Write-In,1
General_2021,City Council,PRESCOTT,Pos. 2,0,< 25%,67,Izaiah Long,68,Write-In,1
General_2021,City Council,PROSSER,Pos. 1,1,< 25%,110,DON AUBREY,668,Catherine Jones,558
General_2021,City Council,PROSSER,Pos. 2,1,< 25%,183,Morgan Everett,728,Maricela Sanchez,545
General_2021,City Council,PROSSER,Pos. 3,1,< 25%,251,Felix Cortes,743,Thomas Forsyth,492
General_2021,City Council,PULLMAN,Pos. 2,94,< 25%,461,Dan Records,474,Write-In,13
General_2021,City Council,PULLMAN,Pos. 5,94,< 25%,528,Megan Guido,548,Write-In,20
General_2021,City Council,PULLMAN,Pos. 7,94,< 25%,1267,Francis A. Benjamin,2061,Al (Alan) Sorensen,794
General_2021,City Council,PUYALLUP,Pos. 2,381,< 25%,2304,Julie Door,2441,Write-In,137
General_2021,City Council,PUYALLUP,Pos. 2,381,> 50%,648,Dennis King,2091,Joe Colombo,1443
General_2021,City Council,PUYALLUP,Pos. 2,381,25-50%,857,Jim Kastama,1697,Joshua Harem,840
General_2021,City Council,QUINCY,Pos. 2,2,< 25%,472,Jeff Spence,688,Peter D Shelton,216
General_2021,City Council,QUINCY,Pos. 4,2,< 25%,781,Andrew Royer,798,Write-In,17
General_2021,City Council,QUINCY,Pos. 5,2,< 25%,169,Dave Dormier,540,Oscar Romero,371
General_2021,City Council,RAINIER,Pos. 1,6,< 25%,224,Maureen Baker,263,Write-In,39
General_2021,City Council,RAINIER,Pos. 3,6,< 25%,291,Tom Arnbrister,302,Write-In,11
General_2021,City Council,RAINIER,Pos. 5,6,< 25%,304,Dennis McVey,316,Write-In,12
General_2021,City Council,RAYMOND,Pos. 1,1,< 25%,496,Ryan Porter,503,Write-In,7
General_2021,City Council,RAYMOND,Pos. 2,1,< 25%,457,Heidi Worlton,465,Write-In,8
General_2021,City Council,RAYMOND,Pos. 4,1,< 25%,493,Chris Halpin,505,Write-In,12
General_2021,City Council,RAYMOND,Pos. 5,1,< 25%,439,Tony Nordin,456,Write-In,17
General_2021,City Council,RAYMOND,Pos. 7,1,< 25%,457,Steve Jones,476,Write-In,19
General_2021,City Council,REARDAN,Pos. 1,0,< 25%,138,Dan L. Graham,142,Write-In,4
General_2021,City Council,REARDAN,Pos. 3,0,< 25%,138,Celeste Lewis,138,Write-In,0
General_2021,City Council,REARDAN,Pos. 5,0,< 25%,145,Leanne Merkel,145,Write-In,0
General_2021,City Council,REDMOND,Pos. 2,1561,> 50%,1732,Steve Fields,6829,Janet Richards,5097
General_2021,City Council,REDMOND,Pos. 4,1561,> 50%,3090,Melissa Stuart,7602,Dennis Ellis,4512
General_2021,City Council,REDMOND,Pos. 6,1561,25-50%,4405,Jeralee Anderson,8127,Tara Van Niman,3722
General_2021,City Council,RENTON,Pos. 6,1321,< 25%,12419,Ruth Perez,12740,Write-In,321
General_2021,City Council,RENTON,Pos. 2,1321,> 50%,620,Carmen Rivera,8616,Ben Johnson,7996
General_2021,City Council,RENTON,Pos. 1,1321,25-50%,3095,James Alberson,9790,Joe Todd,6695
General_2021,City Council,REPUBLIC,Pos. 3,2,< 25%,206,Rachel D. Siracuse,210,Write-In,4
General_2021,City Council,REPUBLIC,Pos. 4,2,< 25%,46,Eric Hulse,142,Tristan Daniel Romero,96
General_2021,City Council,REPUBLIC,Pos. 5,2,< 25%,226,Jim Burnside,231,Write-In,5
General_2021,City Council,RICHLAND,Pos. 1,223,< 25%,1162,John E. Smart,2922,Steven Davis,1760
General_2021,City Council,RICHLAND,Pos. 2,223,< 25%,2248,Theresa Richardson,9085,Marianne Boring,6837
General_2021,City Council,RICHLAND,Pos. 2,223,< 25%,1544,Ken Stoker,3132,Theresa L Morrell,1588
General_2021,City Council,RICHLAND,Pos. 3,223,< 25%,7208,Sandra Kent,11248,Larry Stanley,4040
General_2021,City Council,RICHLAND,Pos. 3,223,< 25%,1055,May Hays,2908,GAIL BROWN,1853
General_2021,City Council,RICHLAND,Pos. 4,223,< 25%,2838,Ryan Lukson,9203,Ginger Wireman,6365
General_2021,City Council,RICHLAND,Pos. 4,223,< 25%,3531,Richard Bloom,3607,Write-In,76
General_2021,City Council,RICHLAND,Pos. 7,223,< 25%,6730,Michael Alvarez,11255,Kurt H Maier,4525
General_2021,City Council,RICHLAND,Pos. 1,223,25-50%,681,Jhoanna R. Jones,8177,Chaune' Fitzgerald,7496
General_2021,City Council,RIDGEFIELD,Pos. 1,55,< 25%,1891,Ron Onslow,1953,Write-In,62
General_2021,City Council,RIDGEFIELD,Pos. 4,55,< 25%,1915,Don Stose,1980,Write-In,65
General_2021,City Council,RIDGEFIELD,Pos. 6,55,< 25%,1464,Jennifer Lindsay,2081,Ken Spurlock,617
General_2021,City Council,RITZVILLE,At-Large,0,< 25%,360,Michelle Plumb,380,Write-In,20
General_2021,City Council,RITZVILLE,Ward 3,0,< 25%,445,Scott Yaeger,455,Write-In,10
General_2021,City Council,RITZVILLE,Ward 5,0,< 25%,335,Michael Schrag,362,Write-In,27
General_2021,City Council,RIVERSIDE,Pos. 1,1,< 25%,34,Bonita Crist,37,Write-In,3
General_2021,City Council,RIVERSIDE,Pos. 2,1,< 25%,37,Bill Bond,38,Write-In,1
General_2021,City Council,RIVERSIDE,Pos. 5,1,< 25%,34,KYLE K.C. NELSON,36,Write-In,2
General_2021,City Council,ROCK ISLAND,Pos. 2,1,< 25%,96,Jessica Ochoa,102,Write-In,6
General_2021,City Council,ROCK ISLAND,Pos. 3,1,< 25%,45,Brad Hampton,87,Ysabel Busch,42
General_2021,City Council,ROCK ISLAND,Pos. 4,1,< 25%,109,Jennifer Houck,113,Write-In,4
General_2021,City Council,ROSALIA,Pos. 1,0,< 25%,146,Judy Littleton,149,Write-In,3
General_2021,City Council,ROSALIA,Pos. 3,0,< 25%,153,John Michael Goyke,155,Write-In,2
General_2021,City Council,ROSALIA,Pos. 5,0,< 25%,135,Eric Eilertson,137,Write-In,2
General_2021,City Council,ROSLYN,Pos. 3,0,< 25%,253,Tom Uren,328,Jenny Aurit,75
General_2021,City Council,ROSLYN,Pos. 5,0,< 25%,286,Jeff Adams,293,Write-In,7
General_2021,City Council,ROSLYN,Pos. 6,0,< 25%,1,Janine Brodine,205,Tom Missel,204
General_2021,City Council,ROSLYN,Pos. 7,0,< 25%,27,Nolan Walter Weis,227,Ellie Belew,200
General_2021,City Council,ROY,Pos. 1,4,< 25%,45,Michael Christensen,72,Stanton T. Fanning,27
General_2021,City Council,ROY,Pos. 3,4,< 25%,74,Shane Crisler,79,Write-In,5
General_2021,City Council,ROY,Pos. 4,4,< 25%,433,James D. Harris,439,Write-In,6
General_2021,City Council,ROY,Pos. 5,4,< 25%,457,Susie Bowles,464,Write-In,7
General_2021,City Council,ROY,Pos. 5,4,< 25%,71,George Stein,76,Write-In,5
General_2021,City Council,ROY,Pos. 5,4,< 25%,88,Tiffany A Workinger,88,Write-In,0
General_2021,City Council,RUSTON,Pos. 1,4,< 25%,113,Jennifer Jensen,249,Lyle F. Hardin,136
General_2021,City Council,RUSTON,Pos. 2,4,< 25%,263,Deborah J. Kristovich,277,Write-In,14
General_2021,City Council,RUSTON,Pos. 4,4,< 25%,254,Bradley Huson,269,Write-In,15
General_2021,City Council,SAMMAMISH,Pos. 3,908,< 25%,7808,Karen Moran,11461,Nazir Harb Michel,3653
General_2021,City Council,SAMMAMISH,Pos. 1,908,> 50%,206,Amy Lam,7779,Josh Amato,7573
General_2021,City Council,SAMMAMISH,Pos. 5,908,> 50%,577,Kali Clark,7916,Rich Benack,7339
General_2021,City Council,SAMMAMISH,Pos. 7,908,> 50%,150,Karen Howe,7668,Melanie Kelsey,7518
General_2021,City Council,SEATAC,Pos. 2,1163,> 50%,977,Jake Simpson,2725,Stan Tombs,1748
General_2021,City Council,SEATAC,Pos. 4,1163,> 50%,252,Mohamed Egal,2393,Clyde (Fuzz) Hill,2141
General_2021,City Council,SEATAC,Pos. 6,1163,> 50%,390,Iris Guzm√°n,2442,Pam Fernald,2052
General_2021,City Council,SEATTLE,Pos. 8,8052,< 25%,48421,Teresa Mosqueda,149589,Kenneth Wilson,101168
General_2021,City Council,SEATTLE,Pos. 9,8052,25-50%,20311,Sara Nelson,139336,Nikkita Oliver,119025
General_2021,City Council,SEDRO-WOOLLEY,At-Large,5,< 25%,448,Nickolas Lavacca,1241,David J. Baer,793
General_2021,City Council,SEDRO-WOOLLEY,Ward 2,5,< 25%,252,JoEllen Kesti,260,Write-In,8
General_2021,City Council,SEDRO-WOOLLEY,Ward 3,5,< 25%,197,Sarah Diamond,205,Write-In,8
General_2021,City Council,SEDRO-WOOLLEY,Ward 6,5,< 25%,78,Joe Burns,210,Karl de Jong,132
General_2021,City Council,SELAH,Pos. 2,9,< 25%,296,Jared Iverson,880,Joshua N. Pruneda,584
General_2021,City Council,SELAH,Pos. 3,9,< 25%,640,Elizabeth Marquis,1037,Penny Lou Parish,397
General_2021,City Council,SELAH,Pos. 6,9,< 25%,1157,Michael Costello,1204,Write-In,47
General_2021,City Council,SELAH,Pos. 1,9,> 50%,16,Kevin Wickenhagen,775,Diane L. Underwood,759
General_2021,City Council,SEQUIM,Pos. 2,19,< 25%,1305,Kathy Downer,2312,Sarah Kincaid,1007
General_2021,City Council,SEQUIM,Pos. 3,19,< 25%,1217,Vicki L. Lowe,2277,Mike Pence,1060
General_2021,City Council,SEQUIM,Pos. 4,19,< 25%,1173,Rachel Anderson,2250,Daryl Ness,1077
General_2021,City Council,SEQUIM,Pos. 5,19,< 25%,1061,Brandon Janisse,2169,Patrick Day,1108
General_2021,City Council,SEQUIM,Pos. 6,19,< 25%,1024,Lowell Rathbun,2170,Keith A. Larkin,1146
General_2021,City Council,SHELTON,Pos. 3,20,< 25%,1003,Sharon Schirman,1058,Write-In,55
General_2021,City Council,SHELTON,Pos. 4,20,< 25%,1056,Eric Onisko,1109,Write-In,53
General_2021,City Council,SHELTON,Pos. 6,20,< 25%,647,Joe Schmit,1055,"Tyler W. ""Mad Dog"" Elliott",408
General_2021,City Council,SHELTON,Pos. 7,20,> 50%,5,Miguel Gutierrez,728,George W. Blush,723
General_2021,City Council,SHORELINE,Pos. 1,580,< 25%,7698,John Ramsdell,10731,David Y. Chen,3033
General_2021,City Council,SHORELINE,Pos. 3,580,< 25%,10719,Laura Mork,10916,Write-In,197
General_2021,City Council,SHORELINE,Pos. 5,580,< 25%,10812,Eben Pobee,10969,Write-In,157
General_2021,City Council,SHORELINE,Pos. 7,580,< 25%,10648,Christopher Roberts,10838,Write-In,190
General_2021,City Council,SKYKOMISH,Pos. 2,0,< 25%,43,Shelly Farnham,45,Write-In,2
General_2021,City Council,SKYKOMISH,Pos. 4,0,< 25%,42,Frank Martin,42,Write-In,0
General_2021,City Council,SNOHOMISH,Pos. 3,227,< 25%,2061,Felix Neals,2125,Write-In,64
General_2021,City Council,SNOHOMISH,Pos. 4,227,> 50%,57,Tom Merrill,1631,Brian Mills,1574
General_2021,City Council,SNOHOMISH,Pos. 6,227,> 50%,364,Lea Anne Burke,1835,Larry Countryman,1471
General_2021,City Council,SNOHOMISH,Pos. 7,227,> 50%,65,Karen W. Guzak,1681,Steve Dana,1616
General_2021,City Council,SNOHOMISH,Pos. 5,227,25-50%,724,David Flynn,1948,Kari Zimmerman,1224
General_2021,City Council,SNOQUALMIE,Pos. 1,160,< 25%,2403,Ethan Benson,2497,Write-In,94
General_2021,City Council,SNOQUALMIE,Pos. 3,160,< 25%,2002,Bryan Holloway,2643,Anna Sotelo,641
General_2021,City Council,SNOQUALMIE,Pos. 7,160,< 25%,2429,Jo Johnson,2502,Write-In,73
General_2021,City Council,SNOQUALMIE,Pos. 5,160,25-50%,455,Matt Laase,1897,Tanya Lavoy,1442
General_2021,City Council,SOAP LAKE,Pos. 1,2,< 25%,225,Leslie Taylor,236,Write-In,11
General_2021,City Council,SOAP LAKE,Pos. 3,2,< 25%,103,Karen Woodhouse,187,Dave Tweedy,84
General_2021,City Council,SOAP LAKE,Pos. 4,2,< 25%,233,Kayleen Bryson,240,Write-In,7
General_2021,City Council,SOUTH,Pos. 1,0,< 25%,87,Jeffrey Robbins,89,Write-In,2
General_2021,City Council,SOUTH,Pos. 3,0,< 25%,264,Patricia (Pat) Neve,274,Write-In,10
General_2021,City Council,SOUTH,Pos. 3,0,< 25%,12,Mark Kauzlarich,53,Stephani Ebenstiner,41
General_2021,City Council,SOUTH,Pos. 4,0,< 25%,270,Jan Hall Davis,277,Write-In,7
General_2021,City Council,SOUTH,Pos. 5,0,< 25%,10,Clarence D Williams,201,Rich Pearson,191
General_2021,City Council,SPANGLE,Pos. 1,0,< 25%,34,Ron Cockle,42,Write-In,8
General_2021,City Council,SPANGLE,Pos. 2,0,< 25%,40,Rebecca Johnson,44,Write-In,4
General_2021,City Council,SPANGLE,Pos. 3,0,< 25%,42,June Brumley,45,Write-In,3
General_2021,City Council,SPANGLE,Pos. 5,0,< 25%,35,Austin J Sievers,41,Write-In,6
General_2021,City Council,SPOKANE,Pos. 4,708,< 25%,6243,Ben Wick,13477,Brandon Fenton,7234
General_2021,City Council,SPOKANE,Pos. 5,708,< 25%,6807,Pamela Haley,13271,Wayne J. Fenton,6464
General_2021,City Council,SPOKANE,Pos. 1,708,> 50%,68,Rod Higgins,10375,"James ""JJ"" Johnson",10307
General_2021,City Council,SPOKANE,Pos. 7,708,25-50%,1467,Laura Padden,11020,Linda (Hatcher) Thompson,9553
General_2021,City Council,SPRAGUE,Pos. 1,1,< 25%,121,Alice Callen,124,Write-In,3
General_2021,City Council,SPRAGUE,Pos. 2,1,< 25%,33,Scooter Dearing,86,John C. Eagleson,53
General_2021,City Council,SPRINGDALE,Pos. 1,4,< 25%,46,Paul E Dean,46,Write-In,0
General_2021,City Council,SPRINGDALE,Pos. 2,4,< 25%,48,Lori Newell,48,Write-In,0
General_2021,City Council,SPRINGDALE,Pos. 3,4,< 25%,51,Klaus Joeschke,51,Write-In,0
General_2021,City Council,ST.,Pos. 3,0,< 25%,192,Jeff Smick,192,Write-In,0
General_2021,City Council,ST.,Pos. 4,0,< 25%,186,Edward K. Hamshar,186,Write-In,0
General_2021,City Council,ST.,Pos. 5,0,< 25%,190,Bryan A. Bezdicek,191,Write-In,1
General_2021,City Council,STANWOOD,Pos. 3,24,< 25%,728,Darren Robb,1239,Lawrence (Larry) A. Sather,511
General_2021,City Council,STANWOOD,Pos. 1,24,> 50%,14,Dani Gaumond,880,Rob Johnson,866
General_2021,City Council,STANWOOD,Pos. 7,24,> 50%,5,Tim Schmitt,826,Judy Williams,821
General_2021,City Council,STANWOOD,Pos. 2,24,25-50%,84,Marcus Metz,919,Andreena Bergman,835
General_2021,City Council,STARBUCK,Pos. 2,0,< 25%,20,K. Ruth Shearer,32,Write-In,12
General_2021,City Council,STARBUCK,Pos. 4,0,< 25%,24,DARCY LINKLATER,31,Write-In,7
General_2021,City Council,STARBUCK,Pos. 5,0,< 25%,42,Mark Hall,43,Write-In,1
General_2021,City Council,STEILACOOM,Pos. 1,12,< 25%,1730,Pete Franklin,1771,Write-In,41
General_2021,City Council,STEILACOOM,Pos. 2,12,< 25%,143,Elizabeth Grasher,1212,John T. Perry,1069
General_2021,City Council,STEILACOOM,Pos. 3,12,< 25%,1735,Roger A. Neal,1775,Write-In,40
General_2021,City Council,STEVENSON,Pos. 1,2,< 25%,14,Kristy Arnett McCaskell,279,Robert Muth,265
General_2021,City Council,STEVENSON,Pos. 5,2,< 25%,411,David L. Cox,418,Write-In,7
General_2021,City Council,STEVENSON,Pos. 2,2,25-50%,6,Michael Douglas Johnson,262,Shelly Kent,256
General_2021,City Council,SULTAN,Pos. 1,23,< 25%,458,Conner Morgan,747,Jean Rud,289
General_2021,City Council,SULTAN,Pos. 2,23,< 25%,784,Stephanie Aldrich,812,Write-In,28
General_2021,City Council,SULTAN,Pos. 3,23,< 25%,790,Cory Dearborn,812,Write-In,22
General_2021,City Council,SULTAN,Pos. 6,23,< 25%,805,Christina Sivewright,836,Write-In,31
General_2021,City Council,SUMAS,Pos. 1,3,< 25%,157,Todd Daniels,279,Steven J. Brock,122
General_2021,City Council,SUMAS,Pos. 2,3,< 25%,309,Richard D. Postma,322,Write-In,13
General_2021,City Council,SUMAS,Pos. 4,3,< 25%,340,Joshua Clawson,344,Write-In,4
General_2021,City Council,SUMNER,Pos. 1,16,< 25%,66,Earle Stuard,1132,Kirk Hardtke,1066
General_2021,City Council,SUMNER,Pos. 3,16,< 25%,1632,Barbara Bitetto,1687,Write-In,55
General_2021,City Council,SUMNER,Pos. 2,16,25-50%,64,Pat Cole,1087,Barry Walden,1023
General_2021,City Council,SUNNYSIDE,Pos. 1,13,< 25%,346,Martin Beeler,663,John Henry,317
General_2021,City Council,SUNNYSIDE,Pos. 2,13,< 25%,62,Dean R. Broersma,556,Edgar Magana,494
General_2021,City Council,SUNNYSIDE,Pos. 3,13,< 25%,900,Julia Hart,930,Write-In,30
General_2021,City Council,SUNNYSIDE,Pos. 4,13,< 25%,109,Vicki Ripley,559,Chelsea Dimas,450
General_2021,City Council,TACOMA,Pos. 6,695,< 25%,8951,Kiara Daniels,24667,Brett Johnson,15716
General_2021,City Council,TACOMA,District 5,695,> 50%,228,Joe Bushnell,2923,Anne Artman,2695
General_2021,City Council,TACOMA,District 2,695,25-50%,2076,Sarah Rumbaugh,5912,Kelly Blucher,3836
General_2021,City Council,TACOMA,District 4,695,25-50%,1987,Catherine Ushka,3893,Israel James McKinney,1906
General_2021,City Council,TEKOA,Pos. 4,0,< 25%,154,Roy Schulz,159,Write-In,5
General_2021,City Council,TENINO,Pos. 1,8,< 25%,45,Linda Gotovac,216,Gera (Ritter) Iverson,171
General_2021,City Council,TENINO,Pos. 2,8,< 25%,35,Elaine Klamn,207,Tianne Curtiss,172
General_2021,City Council,TENINO,Pos. 3,8,< 25%,69,John J. O'Callahan,225,Eric Miller,156
General_2021,City Council,TENINO,Pos. 4,8,< 25%,42,Jason Lawton,212,Lisa Robie,170
General_2021,City Council,TIETON,Pos. 1,0,< 25%,92,Matt Riddle,99,Write-In,7
General_2021,City Council,TIETON,Pos. 2,0,< 25%,7,Ed Marquand,69,Nancy Lee Wilson,62
General_2021,City Council,TIETON,Pos. 3,0,< 25%,92,Lupita Carrillo,104,Write-In,12
General_2021,City Council,TIETON,Pos. 4,0,< 25%,6,Nancy Newberry,68,Sharon Sedgwick,62
General_2021,City Council,TOLEDO,Pos. 1,0,< 25%,83,Emily Morgan,90,Write-In,7
General_2021,City Council,TOLEDO,Pos. 2,0,< 25%,103,Eric Hayes,103,Write-In,0
General_2021,City Council,TOLEDO,Pos. 3,0,< 25%,102,Michelle (Shelly) Thomas,102,Write-In,0
General_2021,City Council,TOLEDO,Pos. 5,0,< 25%,6,Jamie Scalise,58,Gary Reboin,52
General_2021,City Council,TONASKET,Pos. 1,1,< 25%,168,Christa (Teagan) Levine,192,Write-In,24
General_2021,City Council,TONASKET,Pos. 3,1,< 25%,187,Patti A. Hill,237,Barry Kendall,50
General_2021,City Council,TONASKET,Pos. 5,1,< 25%,18,Matt Alexander,150,Staca Gattman,132
General_2021,City Council,TOPPENISH,Pos. 1,5,< 25%,69,Elpidia Saavedra,296,SanJuanita Anaya,227
General_2021,City Council,TOPPENISH,Pos. 2,5,< 25%,37,Juan Ceja,258,Luis C. Alfaro,221
General_2021,City Council,TOPPENISH,Pos. 3,5,< 25%,148,Clara R. Jimenez,348,Harold Wayne Guckert,200
General_2021,City Council,TOPPENISH,Pos. 4,5,< 25%,66,David Barragan,304,Mark Oaks,238
General_2021,City Council,TUKWILA,Pos. 1,938,> 50%,227,Tosh Sharp,1656,Armen Papyan,1429
General_2021,City Council,TUKWILA,Pos. 3,938,> 50%,365,Thomas McLeod,1693,Dennis Martinez,1328
General_2021,City Council,TUKWILA,Pos. 5,938,> 50%,1044,Mohamed Abdi,2086,James Kerner,1042
General_2021,City Council,TUKWILA,Pos. 7,938,> 50%,1167,De'Sean Quinn,2139,Jay Stark,972
General_2021,City Council,TUMWATER,Pos. 2,47,< 25%,4389,Angela Jefferson,4550,Write-In,161
General_2021,City Council,TUMWATER,Pos. 4,47,< 25%,4295,Eileen Swarthout,4448,Write-In,153
General_2021,City Council,TUMWATER,Pos. 5,47,< 25%,4345,Michael Althauser,4479,Write-In,134
General_2021,City Council,TUMWATER,Pos. 6,47,< 25%,2215,Peter Agabi,3965,Alex Rossiter,1750
General_2021,City Council,TWISP,Pos. 1,0,< 25%,238,KATRINA AUBURN,252,Write-In,14
General_2021,City Council,TWISP,Pos. 2,0,< 25%,24,Aaron Studen,185,Dara M Perez,161
General_2021,City Council,UNION GAP,Pos. 1,2,< 25%,416,John Hodkinson,456,Write-In,40
General_2021,City Council,UNION GAP,Pos. 2,2,< 25%,383,James Murr,427,Write-In,44
General_2021,City Council,UNION GAP,Pos. 3,2,< 25%,405,Roger Wentz,442,Write-In,37
General_2021,City Council,UNION GAP,Pos. 7,2,< 25%,438,Sandy Dailey,457,Write-In,19
General_2021,City Council,UNIONTOWN,Pos. 4,0,< 25%,94,Jack Espy,107,Write-In,13
General_2021,City Council,UNIONTOWN,Pos. 5,0,< 25%,106,Mark Davis,112,Write-In,6
General_2021,City Council,UNIVERSITY PLACE,Pos. 1,236,< 25%,5543,Javier H. Figueroa,5793,Write-In,250
General_2021,City Council,UNIVERSITY PLACE,Pos. 3,236,< 25%,5642,Steve Worthington,5796,Write-In,154
General_2021,City Council,UNIVERSITY PLACE,Pos. 4,236,< 25%,2356,Edward Wood,4951,Joey Jones,2595
General_2021,City Council,UNIVERSITY PLACE,Pos. 5,236,< 25%,5643,Denise McCluskey,5804,Write-In,161
General_2021,City Council,VADER,Pos. 1,2,< 25%,9,Marie Anne MacIntosh,79,Donna Rogers,70
General_2021,City Council,VADER,Pos. 2,2,< 25%,111,Jason Dailey,120,Write-In,9
General_2021,City Council,VADER,Pos. 3,2,< 25%,110,Randy Hall,113,Write-In,3
General_2021,City Council,VANCOUVER,Pos. 2,947,< 25%,19501,Erik Paulsen,26230,Kara Tess,6729
General_2021,City Council,VANCOUVER,Pos. 3,947,< 25%,6422,Diana H. Perez,20101,David Gellatly,13679
General_2021,City Council,VANCOUVER,Pos. 1,947,> 50%,55,Kim D. Harless,16844,John Blom,16789
General_2021,City Council,WAITSBURG,Pos. 1,0,< 25%,251,Kevin House,293,Write-In,42
General_2021,City Council,WAITSBURG,Pos. 2,0,< 25%,259,Jim Romine,293,Write-In,34
General_2021,City Council,WAITSBURG,Pos. 3,0,< 25%,316,Randy Charles,322,Write-In,6
General_2021,City Council,WAITSBURG,Pos. 4,0,< 25%,28,Court Ruppenthal,207,Karen Stanton-Gregutt,179
General_2021,City Council,WAITSBURG,Pos. 5,0,< 25%,130,Jillian Henze,258,Rebecca S Wilson,128
General_2021,City Council,WALLA WALLA,Pos. 1,26,< 25%,1366,Rick Eskil,4608,Myron Huie,3242
General_2021,City Council,WALLA WALLA,Pos. 2,26,< 25%,269,Brian Casey,4086,Adam Kirtley,3817
General_2021,City Council,WALLA WALLA,Pos. 3,26,< 25%,548,Gustavo Reyna,4255,Rick Phillips,3707
General_2021,City Council,WAPATO,Pos. 1,5,< 25%,145,Chuck Stephens,162,Write-In,17
General_2021,City Council,WAPATO,Pos. 2,5,< 25%,157,Jesse Farias,180,Write-In,23
General_2021,City Council,WAPATO,Pos. 3,5,< 25%,114,Frank R. Jaime,145,Write-In,31
General_2021,City Council,WAPATO,Pos. 6,5,< 25%,168,Elizabeth J. Villa,180,Write-In,12
General_2021,City Council,WAPATO,Pos. 7,5,< 25%,25,Caroline Solis,116,Robert Reyna,91
General_2021,City Council,WARDEN,Pos. 2,0,< 25%,141,Byron Starkey,142,Write-In,1
General_2021,City Council,WARDEN,Pos. 3,0,< 25%,134,Omar Pruneda,137,Write-In,3
General_2021,City Council,WASHOUGAL,Pos. 3,41,< 25%,2772,David Stuebe,2832,Write-In,60
General_2021,City Council,WASHOUGAL,Pos. 5,41,< 25%,475,Molly Coston,2236,Chris de la Rocha,1761
General_2021,City Council,WASHOUGAL,Pos. 6,41,< 25%,2746,Julie Russell,2813,Write-In,67
General_2021,City Council,WASHTUCNA,Pos. 3,0,< 25%,51,Michael Stroud,54,Write-In,3
General_2021,City Council,WASHTUCNA,Pos. 4,0,< 25%,52,Frederic A Blauert,54,Write-In,2
General_2021,City Council,WATERVILLE,Pos. 1,0,< 25%,280,Monty H Black,288,Write-In,8
General_2021,City Council,WATERVILLE,Pos. 2,0,< 25%,266,Loyd C. Smith,280,Write-In,14
General_2021,City Council,WAVERLY,Pos. 1,0,< 25%,27,Clifford Curtis,28,Write-In,1
General_2021,City Council,WAVERLY,Pos. 2,0,< 25%,24,Joel Martensen,25,Write-In,1
General_2021,City Council,WAVERLY,Pos. 4,0,< 25%,11,Alexander Fuchs,19,Write-In,8
General_2021,City Council,WENATCHEE,District 2,36,< 25%,476,Mike Poirier,1062,Shelley English,586
General_2021,City Council,WENATCHEE,District 3,36,< 25%,1870,Top Rojanasthien,1911,Write-In,41
General_2021,City Council,WENATCHEE,Pos. 3,36,< 25%,1922,Rob Tidd,1959,Write-In,37
General_2021,City Council,WENATCHEE,Pos. 4,36,< 25%,851,Sasha Sleiman,1660,Reid Fryhover,809
General_2021,City Council,WENATCHEE,Pos. 7,36,< 25%,1961,Matthew Hepner,1998,Write-In,37
General_2021,City Council,WENATCHEE,Pos. B,36,< 25%,1851,Keith Huffaker,4423,Doug Miller,2572
General_2021,City Council,WESTPORT,Pos. 1,1,< 25%,144,Melissa Huerta,344,Dennis Hall,200
General_2021,City Council,WESTPORT,Pos. 2,1,< 25%,206,Troy Meyers,359,Brennan Jarnes,153
General_2021,City Council,WESTPORT,Pos. 3,1,< 25%,359,Louis Summers,384,Write-In,25
General_2021,City Council,WESTPORT,Pos. 4,1,< 25%,342,Tom Aronson,365,Write-In,23
General_2021,City Council,WHITE SALMON,Pos. 3,2,< 25%,458,Jason Hartmann,476,Write-In,18
General_2021,City Council,WHITE SALMON,Pos. 4,2,< 25%,489,Jim Ransier,499,Write-In,10
General_2021,City Council,WHITE SALMON,Pos. 5,2,< 25%,453,Ben Giant,466,Write-In,13
General_2021,City Council,WILBUR,Pos. 1,0,< 25%,190,Nichole M Curtis,200,Write-In,10
General_2021,City Council,WILBUR,Pos. 2,0,< 25%,188,Lynn mcWhorter,201,Write-In,13
General_2021,City Council,WILKESON,Pos. 1,0,< 25%,7,Krista Farmer,55,Shalon VanHoof,48
General_2021,City Council,WILKESON,Pos. 2,0,< 25%,75,Ashley Murphy,87,Write-In,12
General_2021,City Council,WILKESON,Pos. 3,0,< 25%,87,Bambi Thawsh,92,Write-In,5
General_2021,City Council,WILSON,Pos. 1,0,< 25%,67,Karl Hinze,72,Write-In,5
General_2021,City Council,WILSON,Pos. 3,0,< 25%,19,Jerrod Johnson,53,Roy Hancock,34
General_2021,City Council,WILSON,Pos. 4,0,< 25%,45,Scott R Mortimer,59,Write-In,14
General_2021,City Council,WILSON,Pos. 5,0,< 25%,69,Raymond Kelby,76,Write-In,7
General_2021,City Council,WINLOCK,Pos. 1,3,< 25%,219,Marty A Poirrier II,225,Write-In,6
General_2021,City Council,WINLOCK,Pos. 4,3,< 25%,217,Jeramy Allman,226,Write-In,9
General_2021,City Council,WINLOCK,Pos. 5,3,< 25%,221,Lindsey Alvord,226,Write-In,5
General_2021,City Council,WINTHROP,Pos. 1,0,< 25%,156,Kirsten Vanderhalf,161,Write-In,5
General_2021,City Council,WINTHROP,Pos. 2,0,< 25%,168,Joseph ODriscoll,169,Write-In,1
General_2021,City Council,WOODINVILLE,Pos. 4,384,< 25%,2313,Michael Millman,2344,Write-In,31
General_2021,City Council,WOODINVILLE,Pos. 1,384,> 50%,281,Michelle Evans,1711,Phil Mark,1430
General_2021,City Council,WOODINVILLE,Pos. 3,384,> 50%,24,Rachel Best-Campbell,1569,Robin Lynn White,1545
General_2021,City Council,WOODINVILLE,Pos. 7,384,> 50%,160,James Randolph,1655,Gary Harris,1495
General_2021,City Council,WOODINVILLE,Pos. 5,384,25-50%,815,Sarah Arndt,1987,Jesse DeGroff,1172
General_2021,City Council,WOODLAND,Pos. 1,9,< 25%,203,J. J. Burke,699,Keith E. Bellisle,496
General_2021,City Council,WOODLAND,Pos. 2,9,< 25%,808,Carol Rounds,832,Write-In,24
General_2021,City Council,WOODLAND,Pos. 3,9,< 25%,729,David Plaza,764,Write-In,35
General_2021,City Council,WOODLAND,Pos. 6,9,< 25%,57,Jenn Rowland,414,Aaron Berghaus,357
General_2021,City Council,WOODWAY,Pos. 1,11,< 25%,362,Rajeev Thakur,364,Write-In,2
General_2021,City Council,WOODWAY,Pos. 2,11,< 25%,367,John Brock,370,Write-In,3
General_2021,City Council,WOODWAY,Pos. 3,11,< 25%,366,Brian Bogen,370,Write-In,4
General_2021,City Council,YACOLT,Pos. 2,1,< 25%,160,Michelle Dawson,176,Write-In,16
General_2021,City Council,YACOLT,Pos. 3,1,< 25%,96,Joshua Beck,175,Ronald Homola,79
General_2021,City Council,YAKIMA,District 2,161,> 50%,129,Danny Herrera,350,Edgar Hernandez,221
General_2021,City Council,YAKIMA,District 4,161,> 50%,230,Janice Deccio,811,Mark Shervey,581
General_2021,City Council,YAKIMA,District 6,161,> 50%,68,Matt Brown,2367,Lisa Wallace,2299
General_2021,City Council,YARROW POINT,Pos. 1,8,< 25%,266,Stephan Lagerholm,288,Write-In,22
General_2021,City Council,YARROW POINT,Pos. 5,8,< 25%,182,Kathy Smith,308,Avi Belur,126
General_2021,City Council,YARROW POINT,Pos. 3,8,25-50%,22,Charles Porter,224,Steve Fleming,202
General_2021,City Council,YELM,Pos. 3,18,< 25%,222,Joshua Crossman,758,Jalane McAtee,536
General_2021,City Council,YELM,Pos. 4,18,< 25%,477,Holly Smith,891,Steffen Burney,414
General_2021,City Council,YELM,Pos. 5,18,< 25%,111,Brian G. Hess,699,Line Roy,588
General_2021,City Council,YELM,Pos. 7,18,< 25%,250,Terry Kaminski,790,Christopher Chai,540
General_2021,City Council,ZILLAH,Pos. 1,1,< 25%,535,Brian Williams,553,Write-In,18
General_2021,City Council,ZILLAH,Pos. 2,1,< 25%,311,Weston Argo,468,Chris Schmelzer,157
General_2019,City Council,ABERDEEN,Pos. 1,11,< 25%,74,Shaney Crosby,251,Robert J Rodgers,177
General_2019,City Council,ABERDEEN,Pos. 6,11,< 25%,148,Kati Kachman,348,Dave Deakin,200
General_2019,City Council,ABERDEEN,Pos. 8,11,< 25%,120,Deborah Ross,485,Tara Mareth,365
General_2019,City Council,ABERDEEN,Pos. 9,11,< 25%,210,Joshua Francy,215,Write-In,5
General_2019,City Council,ABERDEEN,Pos. 12,11,< 25%,350,Dee Anne Shaw,358,Write-In,8
General_2019,City Council,ABERDEEN,Pos. 3,11,> 50%,11,Nathan Kennedy,191,David Gakin,180
General_2019,City Council,AIRWAY HEIGHTS,Pos. 3,15,< 25%,725,Veronica Messing,767,Write-In,42
General_2019,City Council,AIRWAY HEIGHTS,Pos. 5,15,< 25%,271,Larry Bowman,556,Jared Lacambra,285
General_2019,City Council,AIRWAY HEIGHTS,Pos. 7,15,< 25%,200,Jennifer Morton,525,Sarah Slater,325
General_2019,City Council,ALBION,Pos. 1,0,< 25%,99,Corina Andersen,103,Write-In,4
General_2019,City Council,ALBION,Pos. 2,0,< 25%,94,Ashlee Hunt,99,Write-In,5
General_2019,City Council,ALBION,Pos. 5,0,< 25%,104,James Downes,108,Write-In,4
General_2019,City Council,ALGONA,Pos. 1,10,< 25%,407,Bill Thomas,419,Write-In,12
General_2019,City Council,ALGONA,Pos. 3,10,< 25%,404,Troy A. Linnell,417,Write-In,13
General_2019,City Council,ALGONA,Pos. 5,10,< 25%,386,Mike W. Dawkins,401,Write-In,15
General_2019,City Council,ALMIRA,Pos. 1,0,< 25%,8,Jimmy Braun,57,Darrell W Francis,49
General_2019,City Council,ALMIRA,Pos. 2,0,< 25%,92,"Kenneth ""Levi"" Mitchell",92,Write-In,0
General_2019,City Council,ANACORTES,Pos. 6,23,< 25%,3917,Carolyn Moulton,4889,John Espinoza,972
General_2019,City Council,ANACORTES,Ward 1,23,< 25%,1096,Ryan Walters,1472,John W. Schryvers,376
General_2019,City Council,ANACORTES,Ward 2,23,< 25%,213,Christine Cleland-McGrath,1160,Dom Tor Fleming,947
General_2019,City Council,ANACORTES,Ward 3,23,< 25%,1467,Jeremy Carter,1784,James Finley,317
General_2019,City Council,ARLINGTON,Pos. 4,52,< 25%,508,Michele Blythe,2242,Sue Weiss,1734
General_2019,City Council,ARLINGTON,Pos. 5,52,< 25%,2974,Marilyn Oertle,3085,Write-In,111
General_2019,City Council,ARLINGTON,Pos. 6,52,< 25%,3027,Mike Hopson,3112,Write-In,85
General_2019,City Council,ASOTIN,Pos. 1,0,< 25%,299,Dave Weakland,299,Write-In,0
General_2019,City Council,ASOTIN,Pos. 2,0,< 25%,302,Lori R. Loseth,302,Write-In,0
General_2019,City Council,ASOTIN,Pos. 3,0,< 25%,60,Steve Cowdrey,217,Eric Heier,157
General_2019,City Council,AUBURN,Pos. 1,999,< 25%,9825,Chris Stearns,10049,Write-In,224
General_2019,City Council,AUBURN,Pos. 3,999,> 50%,1455,James Jeyaraj,7261,Ken Pearson,5806
General_2019,City Council,AUBURN,Pos. 5,999,> 50%,395,Robyn Mulenga,6747,Ryan Burnett,6352
General_2019,City Council,AUBURN,Pos. 7,999,> 50%,343,Robert O. (Bob) Baggett,6730,Vera Orlandic-Hodak,6387
General_2019,City Council,BAINBRIDGE ISLAND,Pos. 1,33,< 25%,840,Kirsten Hytopoulos,5718,Anthony Oddo,4878
General_2019,City Council,BAINBRIDGE ISLAND,Pos. 2,33,< 25%,926,Kol Medina,5775,Kevin Fetterly,4849
General_2019,City Council,BAINBRIDGE ISLAND,Pos. 4,33,< 25%,1016,Leslie A. Schneider,5484,Grayson William Wildsmith,4468
General_2019,City Council,BAINBRIDGE ISLAND,Pos. 6,33,< 25%,1576,Michael Pollock,5963,Sarah Blossom,4387
General_2019,City Council,BATTLE GROUND,Pos. 2,22,< 25%,2018,Shane A. Bowman,2405,Write-In,387
General_2019,City Council,BATTLE GROUND,Pos. 3,22,< 25%,537,Shauna Walters,2124,Neil Butler,1587
General_2019,City Council,BATTLE GROUND,Pos. 7,22,< 25%,142,Philip L. Johnson,1893,Joshua VanGelder,1751
General_2019,City Council,BEAUX ARTS,Pos. 4,3,< 25%,120,Paula Dix,124,Write-In,4
General_2019,City Council,BELLEVUE,Pos. 1,1827,< 25%,12156,John Stokes,22077,Holly Zhang,9921
General_2019,City Council,BELLEVUE,Pos. 3,1827,< 25%,7892,Jeremy Barksdale,19939,Stephanie Walter,12047
General_2019,City Council,BELLEVUE,Pos. 5,1827,< 25%,11526,Janice Zahn,22020,JD Yu,10494
General_2019,City Council,BELLEVUE,Pos. 7,1827,25-50%,6936,Jennifer Robertson,19487,James Bible,12551
General_2019,City Council,BELLINGHAM,At-Large,292,< 25%,17186,Hollie Huthman,22615,Dana Briggs,5429
General_2019,City Council,BELLINGHAM,Ward 1,292,< 25%,7444,Hannah E. Stone,17828,Elizabeth (Beth) Hartsoch,10384
General_2019,City Council,BELLINGHAM,Ward 3,292,< 25%,13645,Daniel Hammill,20777,Ashanti Monts-Treviska,7132
General_2019,City Council,BELLINGHAM,Ward 5,292,< 25%,9756,Lisa Anderson,18962,Chanan Suarez,9206
General_2019,City Council,BENTON CITY,Pos. 3,3,< 25%,31,John A. Derderian,317,Ashley Morrison,286
General_2019,City Council,BENTON CITY,Pos. 4,3,< 25%,188,Keila Gordon,389,Connie Meredith,201
General_2019,City Council,BENTON CITY,Pos. 5,3,< 25%,84,Jake Mokler,345,Michelle McLeod,261
General_2019,City Council,BINGEN,Pos. 2,0,< 25%,80,Isolde (Izzy) Schroder,86,Write-In,6
General_2019,City Council,BLACK DIAMOND,Pos. 1,26,< 25%,860,Tamie L. Boxx-Deady,894,Write-In,34
General_2019,City Council,BLACK DIAMOND,Pos. 3,26,< 25%,819,Hunter Cooper,859,Write-In,40
General_2019,City Council,BLACK DIAMOND,Pos. 5,26,> 50%,45,Kristiana de Leon,715,Chris Wisnoski,670
General_2019,City Council,BLAINE,Ward 1 Pos. 1,59,< 25%,905,Richard May,1343,Randy R. Roose,438
General_2019,City Council,BLAINE,Ward 2 Pos. 3,59,< 25%,1092,Garth Baldwin,1456,Steven Tojek,364
General_2019,City Council,BLAINE,Ward 3 Pos. 5,59,< 25%,1465,Mary Lou Steward,1480,Write-In,15
General_2019,City Council,BONNEY LAKE,Pos. 2,78,< 25%,3218,Justin Evans,3410,Write-In,192
General_2019,City Council,BONNEY LAKE,Pos. 4,78,< 25%,455,James (Kelly) McClimans,2371,Pablo Monroy,1916
General_2019,City Council,BONNEY LAKE,Pos. 5,78,< 25%,3368,Tom Watson,3477,Write-In,109
General_2019,City Council,BONNEY LAKE,Pos. 7,78,< 25%,3256,Michelle Surdez,3376,Write-In,120
General_2019,City Council,BOTHELL,Pos. 6,1263,< 25%,6853,Davina Duerr,8604,Sean G. Palermo,1751
General_2019,City Council,BOTHELL,Pos. 2,1263,> 50%,5,Mason Thompson,5807,Leigh Henderson,5802
General_2019,City Council,BOTHELL,Pos. 4,1263,25-50%,4555,James G. McNeal,7833,Matt Seymour,3278
General_2019,City Council,BREMERTON,Distict 2,71,< 25%,748,Leslie Daugs,775,Write-In,27
General_2019,City Council,BREMERTON,Distict 4,71,< 25%,421,Lori Wheat,445,Write-In,24
General_2019,City Council,BREMERTON,Distict 5,71,> 50%,73,Michael Simpson,676,Anna Mockler,603
General_2019,City Council,BREWSTER,Pos. 4,1,< 25%,137,Avis Erickson,140,Write-In,3
General_2019,City Council,BREWSTER,Pos. 5,1,< 25%,133,Timothy Rieb,139,Write-In,6
General_2019,City Council,BRIDGEPORT,Pos. 2,0,< 25%,136,Anthony Jenkins,146,Write-In,10
General_2019,City Council,BRIDGEPORT,Pos. 4,0,< 25%,144,Qristian (Q) Solorio,153,Write-In,9
General_2019,City Council,BRIDGEPORT,Pos. 5,0,< 25%,150,Sergio Orozco,160,Write-In,10
General_2019,City Council,BRIER,Pos. 4,44,< 25%,1559,Kerin Steele,1617,Write-In,58
General_2019,City Council,BRIER,Pos. 5,44,< 25%,1651,Dale Kaemingk,1699,Write-In,48
General_2019,City Council,BRIER,Pos. 6,44,< 25%,1636,Dennis J. Nick,1687,Write-In,51
General_2019,City Council,BRIER,At-Large,44,< 25%,1635,John M. Joplin,1684,Write-In,49
General_2019,City Council,BUCKLEY,Pos. 4,6,< 25%,93,Amanda Burbank,663,Beau Burkett,570
General_2019,City Council,BUCKLEY,Pos. 5,6,< 25%,332,Lyn Rose,763,David B. Lewis,431
General_2019,City Council,BUCKLEY,Pos. 6,6,< 25%,335,Marvin Sundstrom,763,Berkley Bachmeier,428
General_2019,City Council,BUCKLEY,Pos. 7,6,< 25%,971,Sandy Burkett,1010,Write-In,39
General_2019,City Council,BUCODA,Pos. 1,0,< 25%,89,Steven C. Purcell,95,Write-In,6
General_2019,City Council,BUCODA,Pos. 2,0,< 25%,92,Steven Lyle,96,Write-In,4
General_2019,City Council,BUCODA,Pos. 4,0,< 25%,92,Mike Finley,97,Write-In,5
General_2019,City Council,BURIEN,Pos. 4,530,< 25%,2959,Kevin Schilling,7365,Lucy Krakowiak,4406
General_2019,City Council,BURIEN,Pos. 2,530,> 50%,827,Cydney Moore,6209,Joel Manning,5382
General_2019,City Council,BURIEN,Pos. 6,530,25-50%,1347,Sofia Aragon,6591,Debi Wagner,5244
General_2019,City Council,BURLINGTON,Ward 1,7,< 25%,979,Scott K. Green,979,Write-In,0
General_2019,City Council,BURLINGTON,Ward 2,7,< 25%,969,Keith Chaplin,969,Write-In,0
General_2019,City Council,BURLINGTON,Ward 3,7,< 25%,1035,Rick DeGloria,1035,Write-In,0
General_2019,City Council,CAMAS,At-Large,171,< 25%,4383,Don Chaney,4627,Write-In,244
General_2019,City Council,CAMAS,Ward 1 Pos. 1,171,< 25%,750,Shannon L. Roberts,3682,Deanna Rusch,2932
General_2019,City Council,CAMAS,Ward 2 Pos. 1,171,< 25%,4323,Bonnie Carter,4664,Write-In,341
General_2019,City Council,CAMAS,Ward 3 Pos. 1,171,< 25%,2435,Greg K. Anderson,3892,Write-In,1457
General_2019,City Council,CAMAS,Ward 3 Pos. 2,171,< 25%,4133,Ellen L. Burton,4538,Write-In,405
General_2019,City Council,CARBONADO,Pos. 1,0,< 25%,2,David Rodway,116,Ryan Manowski,114
General_2019,City Council,CARBONADO,Pos. 3,0,< 25%,199,JJ Sandin,202,Write-In,3
General_2019,City Council,CARBONADO,Pos. 4,0,< 25%,189,Tom Argo,194,Write-In,5
General_2019,City Council,CARBONADO,Pos. 5,0,< 25%,13,Terry Carter,121,Magdalen (Maggie) Emry,108
General_2019,City Council,CARNATION,Pos. 5,32,< 25%,494,Dustin Green,501,Write-In,7
General_2019,City Council,CARNATION,Pos. 1,32,> 50%,57,Adair Hawkins,356,Michael Flowers,299
General_2019,City Council,CARNATION,Pos. 3,32,25-50%,74,Tim Harris,376,Tracey Yeager Blackburn,302
General_2019,City Council,CASHMERE,Pos. 2,5,< 25%,525,Christopher Carlson,531,Write-In,6
General_2019,City Council,CASHMERE,Pos. 4,5,< 25%,535,Jayne Stephenson,543,Write-In,8
General_2019,City Council,CASHMERE,Pos. 5,5,< 25%,444,Derrick Pratt,480,Write-In,36
General_2019,City Council,CASTLE ROCK,Pos. 3,5,< 25%,366,John Earl Queen,383,Write-In,17
General_2019,City Council,CASTLE ROCK,Pos. 4,5,< 25%,377,Paul Simonsen,396,Write-In,19
General_2019,City Council,CASTLE ROCK,Pos. 5,5,< 25%,405,Ellen Rose,424,Write-In,19
General_2019,City Council,CATHLAMET,Pos. 1,1,< 25%,126,Robert Stowe,126,,0
General_2019,City Council,CATHLAMET,Pos. 2,1,< 25%,36,Bill Wainwright,99,Janis Dodrill,63
General_2019,City Council,CATHLAMET,Pos. 3,1,< 25%,127,Paige Lake,127,,0
General_2019,City Council,CATHLAMET,Pos. 4,1,< 25%,134,David C. Olson,134,,0
General_2019,City Council,CENTRALIA,Pos. 2,11,< 25%,447,Kelly Smith Johnston,1874,Lee Coumbs,1427
General_2019,City Council,CENTRALIA,Pos. 3,11,< 25%,2453,Peter Abbarno,2500,Write-In,47
General_2019,City Council,CENTRALIA,Pos. 1,11,25-50%,38,Elizabeth Cameron,1493,Matt Evans,1455
General_2019,City Council,CHEHALIS,Pos. 2,11,< 25%,239,Daryl J Lund,241,Write-In,2
General_2019,City Council,CHEHALIS,Pos. 3,11,< 25%,134,Anthony E Ketchum,139,Write-In,5
General_2019,City Council,CHEHALIS,Pos. 4,11,< 25%,319,Isaac S Pope,328,Write-In,9
General_2019,City Council,CHEHALIS,Pos. 1,11,> 50%,7,Jerry Lord,183,Terry F Harris,176
General_2019,City Council,CHELAN,Pos. 1,6,< 25%,231,John R. Olson,826,Jon M. Higgins,595
General_2019,City Council,CHELAN,Pos. 3,6,< 25%,1139,Ray Dobbs,1161,Write-In,22
General_2019,City Council,CHELAN,Pos. 4,6,< 25%,938,Peter Jamtgaard,977,Write-In,39
General_2019,City Council,CHELAN,Pos. 5,6,< 25%,984,Servando Robledo,1024,Write-In,40
General_2019,City Council,CHENEY,Pos. 2,27,< 25%,1281,Vincent Barthels,1320,Write-In,39
General_2019,City Council,CHENEY,Pos. 5,27,< 25%,1264,Ryan Gaard,1303,Write-In,39
General_2019,City Council,CHENEY,Pos. 6,27,< 25%,466,Jill Weiszmann,1084,Allan Gainer,618
General_2019,City Council,CHENEY,Pos. 7,27,< 25%,281,Dan Hilton,946,Dan Hillman,665
General_2019,City Council,CHEWELAH,Pos. 4,0,< 25%,63,Ryan Sieber,438,John May,375
General_2019,City Council,CHEWELAH,Pos. 5,0,< 25%,546,Bruce Nupp,577,Write-In,31
General_2019,City Council,CHEWELAH,Pos. 6,0,< 25%,606,Evan Schalock,626,Write-In,20
General_2019,City Council,CHEWELAH,At-Large,0,< 25%,172,Ashley Grubb,474,John H. Wight,302
General_2019,City Council,CLARKSTON,Pos. 2,0,< 25%,1015,Melyssa D. Andrews,1015,Write-In,0
General_2019,City Council,CLARKSTON,Pos. 5,0,< 25%,1022,Skate Pierce,1022,Write-In,0
General_2019,City Council,CLARKSTON,Pos. 6,0,< 25%,461,Belinda Larsen,818,Nick Kampf,357
General_2019,City Council,CLARKSTON,Pos. 7,0,< 25%,968,Steven Ebert,968,Write-In,0
General_2019,City Council,CLE ELUM,Pos. 2,6,< 25%,383,Kenneth Ratliff,390,Write-In,7
General_2019,City Council,CLE ELUM,Pos. 3,6,< 25%,375,Beth Williams,381,Write-In,6
General_2019,City Council,CLE ELUM,Pos. 6,6,< 25%,359,Matthew Lundh,365,Write-In,6
General_2019,City Council,CLE ELUM,Pos. 7,6,< 25%,372,Ruston Weaver,374,Write-In,2
General_2019,City Council,CLE ELUM,Pos. 3,6,< 25%,142,Steve Sowers,145,Write-In,3
General_2019,City Council,CLE ELUM,Pos. 4,6,< 25%,123,Gary Kasowski,124,Write-In,1
General_2019,City Council,CLYDE HILL,Pos. 2,43,< 25%,653,Scott Moore,662,Write-In,9
General_2019,City Council,CLYDE HILL,Pos. 3,43,< 25%,658,Kim Muromoto,668,Write-In,10
General_2019,City Council,CLYDE HILL,Pos. 4,43,< 25%,627,Bruce Jones,638,Write-In,11
General_2019,City Council,COLFAX,Pos. 4,1,< 25%,439,Mark Mackleit,641,Andrew Stewart,202
General_2019,City Council,COLFAX,Pos. 5,1,< 25%,84,Ben Miller,445,Sarina Roberts,361
General_2019,City Council,COLFAX,Pos. 6,1,< 25%,472,Jim Kackman,654,Dominic Villareal,182
General_2019,City Council,COLFAX,Pos. 7,1,< 25%,47,Thomas Huntwork,439,"Jeremiah ""JW"" Roberts",392
General_2019,City Council,COLLEGE,Pos. 4,0,< 25%,1443,Loren Peterson,1462,Write-In,19
General_2019,City Council,COLLEGE,Pos. 5,0,< 25%,1406,Melodie Selby,1424,Write-In,18
General_2019,City Council,COLLEGE,Pos. 6,0,< 25%,1407,Heather M. Schermann,1423,Write-In,16
General_2019,City Council,COLTON,Pos. 1,0,< 25%,151,Scott Miller,152,Write-In,1
General_2019,City Council,COLTON,Pos. 3,0,< 25%,150,Sam Keller,152,Write-In,2
General_2019,City Council,COLTON,Pos. 4,0,< 25%,148,Dorothy (Dot) Sharp,149,Write-In,1
General_2019,City Council,COLTON,Pos. 5,0,< 25%,146,Cory Cucchiara,147,Write-In,1
General_2019,City Council,COLVILLE,At-Large,2,< 25%,804,Greg Chambers,835,Write-In,31
General_2019,City Council,CONCONULLY,Pos. 4,0,< 25%,50,Norma N. Clark,54,Write-In,4
General_2019,City Council,CONCONULLY,Pos. 5,0,< 25%,53,Jim Lemaster,54,Write-In,1
General_2019,City Council,CONCRETE,Pos. 1,0,< 25%,105,Rob Thomas,105,Write-In,0
General_2019,City Council,CONCRETE,Pos. 2,0,< 25%,97,Elizabeth Easterday,97,Write-In,0
General_2019,City Council,CONCRETE,Pos. 4,0,< 25%,100,Marla Reed,100,Write-In,0
General_2019,City Council,CONNELL,Pos. 5,1,< 25%,72,KaTrina Kunkel,247,Ray H. Minor,175
General_2019,City Council,CONNELL,Pos. 6,1,< 25%,63,Shelly (Oelkers) Harper,232,Jesse Mandler,169
General_2019,City Council,COSMOPOLIS,Pos. 3,2,< 25%,420,Jim Ancich,432,Write-In,12
General_2019,City Council,COSMOPOLIS,Pos. 1,2,< 25%,226,Candice Makos,395,Kelsey Davis,169
General_2019,City Council,COSMOPOLIS,Pos. 2,2,< 25%,427,Stana Cummings,433,Write-In,6
General_2019,City Council,COULEE,Pos. 1,0,< 25%,134,Chelsi McDonald,140,Write-In,6
General_2019,City Council,COULEE,Pos. 2,0,< 25%,130,Travis Liening,135,Write-In,5
General_2019,City Council,COULEE,Pos. 3,0,< 25%,135,Katie L. Walsh,138,Write-In,3
General_2019,City Council,COULEE,Pos. 4,0,< 25%,134,Bailee Grindy,140,Write-In,6
General_2019,City Council,COULEE DAM,Pos. 2,2,< 25%,200,Merv Schmidt,204,Write-In,4
General_2019,City Council,COULEE DAM,Pos. 5,2,< 25%,185,Keith St. Jeor,189,Write-In,4
General_2019,City Council,COUPEVILLE,Pos. 1,4,< 25%,509,Jacquelyn Henderson,532,Write-In,23
General_2019,City Council,COUPEVILLE,Pos. 2,4,< 25%,512,Rick Walti,527,Write-In,15
General_2019,City Council,COUPEVILLE,Pos. 3,4,< 25%,490,Jenny Bright,506,Write-In,16
General_2019,City Council,COUPEVILLE,Pos. 4,4,< 25%,499,Mike Moore,512,Write-In,13
General_2019,City Council,COVINGTON,Pos. 1,249,< 25%,1165,Kristina Soltys,2941,Marlla Mhoon,1776
General_2019,City Council,COVINGTON,Pos. 3,249,< 25%,3310,Jared Koukal,3378,Write-In,68
General_2019,City Council,COVINGTON,Pos. 7,249,< 25%,3300,Jeffrey Wagner,3372,Write-In,72
General_2019,City Council,COVINGTON,Pos. 2,249,> 50%,97,Jennifer Harjehausen,2322,Elizabeth Porter,2225
General_2019,City Council,COVINGTON,Pos. 5,249,> 50%,185,Sean D. Smith,2368,Jonathan Ingram,2183
General_2019,City Council,CRESTON,Pos. 1,0,< 25%,58,Robert Butzer,58,Write-In,0
General_2019,City Council,CRESTON,Pos. 4,0,< 25%,57,Ellen McIntyre,57,Write-In,0
General_2019,City Council,CUSICK,Pos. 3,0,< 25%,36,Bernice Smith,37,Write-In,1
General_2019,City Council,CUSICK,Pos. 5,0,< 25%,36,Linda Monfort,37,Write-In,1
General_2019,City Council,DARRINGTON,Pos. 2,0,< 25%,254,Kerry Frable,264,Write-In,10
General_2019,City Council,DARRINGTON,Pos. 3,0,< 25%,242,Billie Lee Burtenshaw,258,Write-In,16
General_2019,City Council,DARRINGTON,Pos. 4,0,< 25%,209,Reed Rankin,232,Write-In,23
General_2019,City Council,DARRINGTON,Pos. 5,0,< 25%,223,Neil Richard Comeau,238,Write-In,15
General_2019,City Council,DAVENPORT,Pos. 1,1,< 25%,64,Nathan Hansen,279,Patrick Stone,215
General_2019,City Council,DAVENPORT,Pos. 2,1,< 25%,430,Chris Ruiz,430,Write-In,0
General_2019,City Council,DAVENPORT,Pos. 5,1,< 25%,432,Heath Becker,432,Write-In,0
General_2019,City Council,DAVENPORT,At-Large,1,< 25%,202,Patrick R. Katz,373,Jaymie Bennett,171
General_2019,City Council,DAYTON,Pos. 2,1,< 25%,683,Misty Yost,690,Write-In,7
General_2019,City Council,DAYTON,Pos. 4,1,< 25%,187,DAIN C. NYSOE,507,CARA JAMES,320
General_2019,City Council,DAYTON,Pos. 6,1,< 25%,61,Byron G Kaczmarski,413,Seth Bryan,352
General_2019,City Council,DEER PARK,Pos. 4,9,< 25%,206,Caleb Stapp,694,Heather Newsom,488
General_2019,City Council,DEER PARK,Pos. 5,9,< 25%,876,Ron Scholz,903,Write-In,27
General_2019,City Council,DEER PARK,Pos. 2,9,> 50%,6,Helen (Dee) Cragun,554,Carla J. Phillips,548
General_2019,City Council,DES MOINES,Pos. 2,528,> 50%,120,JC Harris,3616,Luisa Bangs,3496
General_2019,City Council,DES MOINES,Pos. 4,528,> 50%,1036,Jeremy Nutting,4014,Susan White,2978
General_2019,City Council,DES MOINES,Pos. 6,528,> 50%,339,Anthony Martinelli,3661,Rob Back,3322
General_2019,City Council,DUPONT,Pos. 4,16,< 25%,1344,Penny Coffey,1644,Write-In,300
General_2019,City Council,DUPONT,Pos. 5,16,< 25%,275,Kendralee Harris,1230,Lee Chase,955
General_2019,City Council,DUPONT,Pos. 6,16,< 25%,509,Kevin Ballard,1234,Kevin Andre White,725
General_2019,City Council,DUVALL,Pos. 2,65,< 25%,1278,Matthew Eyer,1640,William Chappell,362
General_2019,City Council,DUVALL,Pos. 4,65,< 25%,1542,Michael Remington,1561,Write-In,19
General_2019,City Council,DUVALL,Pos. 7,65,< 25%,1531,Dot Lengyel,1553,Write-In,22
General_2019,City Council,EATONVILLE,Pos. 3,6,< 25%,91,Robert (Bob) Thomas,358,"Will Moncrease, Jr.",267
General_2019,City Council,EATONVILLE,Pos. 4,6,< 25%,449,Bill Dunn,482,Write-In,33
General_2019,City Council,EATONVILLE,Pos. 5,6,< 25%,310,Emily (Blackett) McFadden,490,Joe Hagen,180
General_2019,City Council,EDGEWOOD,Pos. 1,42,< 25%,2309,Mark L. Creley,2412,Write-In,103
General_2019,City Council,EDGEWOOD,Pos. 2,42,< 25%,637,Ryan Day,1801,John R. Stagg,1164
General_2019,City Council,EDGEWOOD,Pos. 6,42,< 25%,1233,Colleen Wise,2165,Jon R. Butler,932
General_2019,City Council,EDGEWOOD,Pos. 7,42,< 25%,2249,Nate Lowry,2360,Write-In,111
General_2019,City Council,EDMONDS,Pos. 4,352,< 25%,3436,Diane Buckshnis,9338,Jenna Nand,5902
General_2019,City Council,EDMONDS,Pos. 5,352,< 25%,1935,Vivian Olson,8723,Alicia Crank,6788
General_2019,City Council,EDMONDS,Pos. 6,352,< 25%,1661,Susan Paine,8517,Diana White,6856
General_2019,City Council,EDMONDS,Pos. 7,352,< 25%,1466,Laura Johnson,8438,Nathan Monroe,6972
General_2019,City Council,ELECTRIC,Pos. 2,0,< 25%,244,Bob Rupke,316,Birdie Hensley,72
General_2019,City Council,ELECTRIC,Pos. 3,0,< 25%,327,Brian Buche,339,Write-In,12
General_2019,City Council,ELECTRIC,Pos. 4,0,< 25%,235,Cate Slater,310,Carol Nordine,75
General_2019,City Council,ELECTRIC,Pos. 5,0,< 25%,203,Cheryl Hoffman,293,Lonna Bussert,90
General_2019,City Council,ELLENSBURG,Pos. 4,26,< 25%,2473,Bruce Tabb,2524,Write-In,51
General_2019,City Council,ELLENSBURG,Pos. 5,26,< 25%,2285,David M Miller,2312,Write-In,27
General_2019,City Council,ELLENSBURG,Pos. 6,26,< 25%,401,Stacey (Bankston) Engel,1837,Matt Anderson,1436
General_2019,City Council,ELLENSBURG,Pos. 7,26,< 25%,651,Tristen Lamb,1825,Kristin Ashley,1174
General_2019,City Council,ELMA,Pos. 4,2,< 25%,32,Mike Cooper,331,Charles Butterfield,299
General_2019,City Council,ELMA,Pos. 5,2,< 25%,16,Josh Collette,340,Jim Taylor,324
General_2019,City Council,ELMER,Pos. 1,0,< 25%,45,Michael Humiston,47,Write-In,2
General_2019,City Council,ELMER,Pos. 4,0,< 25%,48,Donald Bonertz,49,Write-In,1
General_2019,City Council,ELMER,Pos. 5,0,< 25%,46,Terje Berg,47,Write-In,1
General_2019,City Council,ENDICOTT,Pos. 1,0,< 25%,78,Debbie Wolfe,81,Write-In,3
General_2019,City Council,ENDICOTT,Pos. 3,0,< 25%,47,Derek Starrett,74,Kenda Hergert,27
General_2019,City Council,ENDICOTT,Pos. 4,0,< 25%,74,Dean Marty,79,Write-In,5
General_2019,City Council,ENDICOTT,Pos. 5,0,< 25%,1,Andrew Wolfe,50,Greg Burns,49
General_2019,City Council,ENTIAT,Pos. 1,0,< 25%,339,Paul T Moore,347,Write-In,8
General_2019,City Council,ENTIAT,Pos. 2,0,< 25%,185,Kelly Krueger,296,Richard Crump,111
General_2019,City Council,ENTIAT,Pos. 4,0,< 25%,379,David Swearingen,385,Write-In,6
General_2019,City Council,ENTIAT,Pos. 5,0,< 25%,178,Jackie Shelton,278,Yuliya (Juliya) Manad,100
General_2019,City Council,ENUMCLAW,Pos. 2,5,< 25%,1370,Beau Chevassus,2118,Tom Bruhn,748
General_2019,City Council,ENUMCLAW,Pos. 4,5,< 25%,2122,Chance LaFleur,2161,Write-In,39
General_2019,City Council,ENUMCLAW,Pos. 6,5,< 25%,2153,Anthony Wright,2179,Write-In,26
General_2019,City Council,EPHRATA,Pos. 1,3,< 25%,1190,Sarah McDonnell,1211,Write-In,21
General_2019,City Council,EPHRATA,Pos. 4,3,< 25%,1194,Valli Millard,1214,Write-In,20
General_2019,City Council,EPHRATA,Pos. 5,3,< 25%,1217,Kathleen Allstot,1246,Write-In,29
General_2019,City Council,EPHRATA,Pos. 6,3,< 25%,1237,Tony Mora,1252,Write-In,15
General_2019,City Council,EPHRATA,Pos. 7,3,< 25%,1199,William Coe,1217,Write-In,18
General_2019,City Council,EVERETT,Pos. 6,1359,< 25%,14583,Brenda Stonecipher,15084,Write-In,501
General_2019,City Council,EVERETT,Pos. 7,1359,< 25%,15056,Judy Tuohy,15461,Write-In,405
General_2019,City Council,EVERETT,Pos. 4,1359,25-50%,5356,Liz Vogeli,12056,Marian LaFountaine,6700
General_2019,City Council,EVERETT,Pos. 5,1359,25-50%,3786,Scott Bader,11366,Joseph Erikson,7580
General_2019,City Council,EVERSON,Pos. 4,7,< 25%,445,John Hammond,466,Write-In,21
General_2019,City Council,EVERSON,Pos. 5,7,< 25%,448,Ashley Brown,464,Write-In,16
General_2019,City Council,FAIRFIELD,Pos. 2,0,< 25%,96,Jamie Paden,131,Mark Matherly,35
General_2019,City Council,FAIRFIELD,Pos. 4,0,< 25%,129,Valerie Rogers,138,Write-In,9
General_2019,City Council,FAIRFIELD,Pos. 5,0,< 25%,130,Emily Thomas,138,Write-In,8
General_2019,City Council,FAIRFIELD,Pos. 3,0,< 25%,0,Dave Watling,78,Steven Walk,78
General_2019,City Council,FARMINGTON,Pos. 1,0,< 25%,17,Lavon Walser,37,Max M Mohan,20
General_2019,City Council,FARMINGTON,Pos. 3,0,< 25%,39,Diana Oliver,43,Write-In,4
General_2019,City Council,FEDERAL WAY,Pos. 1,974,< 25%,11738,Lydia Assefa-Dawson,12137,Write-In,399
General_2019,City Council,FEDERAL WAY,Pos. 3,974,< 25%,5183,Susan Honda,11066,Rose O'Sharon (Sharry) Edwards,5883
General_2019,City Council,FEDERAL WAY,Pos. 5,974,> 50%,495,Mark Koppang,8821,Jamila Taylor,8326
General_2019,City Council,FEDERAL WAY,Pos. 7,974,> 50%,824,Linda Kochmar,8940,Tony Pagliocco,8116
General_2019,City Council,FERNDALE,Pos. 1,51,< 25%,1624,Herb Porter,2934,Michael Cox,1310
General_2019,City Council,FERNDALE,Pos. 3,51,< 25%,1512,Erin Gunter,2908,Anya Milton,1396
General_2019,City Council,FERNDALE,Pos. 5,51,< 25%,2054,Ryan OLarey,3187,Gurpreet (Garry) Sandhu,1133
General_2019,City Council,FERNDALE,Pos. 7,51,< 25%,744,Ramon Llanos,2535,Maralise Fegan,1791
General_2019,City Council,FERNDALE,Pos. 2,51,> 50%,33,Ali Hawkinson,2205,Paul Bulanov,2172
General_2019,City Council,FERNDALE,Pos. 4,51,> 50%,1,Paul Shuey,1928,Teresa N. Taylor,1927
General_2019,City Council,FIFE,Pos. 1,54,< 25%,875,Bryan Yambe,918,Write-In,43
General_2019,City Council,FIFE,Pos. 4,54,< 25%,882,Pat Hulcey,904,Write-In,22
General_2019,City Council,FIFE,Pos. 5,54,< 25%,807,Kim Roscoe,853,Write-In,46
General_2019,City Council,FIFE,Pos. 2,54,> 50%,81,Dee-Dee Gethers,613,Sean (Joey) Murphy,532
General_2019,City Council,FIRCREST,Pos. 3,42,< 25%,1692,Brett L. Wittner,1733,Write-In,41
General_2019,City Council,FIRCREST,Pos. 4,42,< 25%,411,Joe Barrentine,1312,Jason Medley,901
General_2019,City Council,FIRCREST,Pos. 5,42,< 25%,1719,Hunter T. George,1765,Write-In,46
General_2019,City Council,FORD,Pos. 3,2,< 25%,98,Clint Stevenson,105,Write-In,7
General_2019,City Council,FORD,Pos. 4,2,< 25%,85,Micki L. Harnois,95,Write-In,10
General_2019,City Council,FORD,Pos. 5,2,< 25%,100,William (Bill) Benson,104,Write-In,4
General_2019,City Council,FORKS,Pos. 1,2,< 25%,456,Juanita Weissenfels,463,Write-In,7
General_2019,City Council,FORKS,Pos. 4,2,< 25%,464,Jeff Gingell,470,Write-In,6
General_2019,City Council,FORKS,Pos. 5,2,< 25%,83,Mike Gilstrap,345,Danny Smith,262
General_2019,City Council,FRIDAY HARBOR,Pos. 1,4,< 25%,435,Stephen Hushebeck,435,Write-In,0
General_2019,City Council,FRIDAY HARBOR,Pos. 2,4,< 25%,441,Noel Monin,441,Write-In,0
General_2019,City Council,FRIDAY HARBOR,Pos. 5,4,< 25%,459,Barbara Starr,459,Write-In,0
General_2019,City Council,GARFIELD,Pos. 1,0,< 25%,57,Neal Leon,115,Max Hathaway,58
General_2019,City Council,GARFIELD,Pos. 2,0,< 25%,18,Josh Kelnhofer,96,Connie Schaut,78
General_2019,City Council,GARFIELD,Pos. 3,0,< 25%,132,Terri Linderman,138,Write-In,6
General_2019,City Council,GEORGE,Pos. 1,0,< 25%,48,Hector Oliva,48,Write-In,0
General_2019,City Council,GEORGE,Pos. 5,0,< 25%,15,Patricia (Patty) Neff,33,Write-In,18
General_2019,City Council,GIG HARBOR,Pos. 4,96,< 25%,3094,Tracie Markley,3156,Write-In,62
General_2019,City Council,GIG HARBOR,Pos. 5,96,< 25%,1220,Robyn Denson,2682,Michelle Matheson,1462
General_2019,City Council,GIG HARBOR,Pos. 6,96,< 25%,631,Le Rodenberg,2261,John Picinich,1630
General_2019,City Council,GOLD BAR,Pos. 1,1,< 25%,335,Demi Hall,343,Write-In,8
General_2019,City Council,GOLD BAR,Pos. 4,1,< 25%,147,Kendall Wallace,298,James Jay Prueher,151
General_2019,City Council,GOLD BAR,Pos. 5,1,< 25%,350,Jordan M. Sears,362,Write-In,12
General_2019,City Council,GOLDENDALE,Pos. 1,1,< 25%,569,Andy Halm,586,Write-In,17
General_2019,City Council,GOLDENDALE,Pos. 2,1,< 25%,478,Filiberto (FIL) Ontiveros,504,Write-In,26
General_2019,City Council,GOLDENDALE,Pos. 3,1,< 25%,533,Guy R. Theriault,550,Write-In,17
General_2019,City Council,GOLDENDALE,Pos. 5,1,< 25%,522,Jane Roberts,535,Write-In,13
General_2019,City Council,GRAND COULEE,Pos. 3,2,< 25%,162,Gary Carriere,168,Write-In,6
General_2019,City Council,GRAND COULEE,Pos. 5,2,< 25%,95,Alan Cain,152,"Tracy ""Justice"" Wright",57
General_2019,City Council,GRANDVIEW,Pos. 3,2,< 25%,609,Diana R. Jennings,619,Write-In,10
General_2019,City Council,GRANDVIEW,Pos. 4,2,< 25%,120,Gaylord Brewer,422,Joseph W. Jensen,302
General_2019,City Council,GRANDVIEW,Pos. 5,2,< 25%,633,Bill Moore,635,Write-In,2
General_2019,City Council,GRANDVIEW,Pos. 6,2,< 25%,607,David S. D√≠az,618,Write-In,11
General_2019,City Council,GRANDVIEW,Pos. 7,2,< 25%,561,Michael (Mike) Everett,577,Write-In,16
General_2019,City Council,GRANGER,Pos. 4,1,< 25%,211,Juan G. Isiordia,217,Write-In,6
General_2019,City Council,GRANGER,Pos. 5,1,< 25%,26,Hilda Guzm√°n,150,Israel Bustamante Luevano,124
General_2019,City Council,GRANITE FALLS,Pos. 4,16,< 25%,126,Erin Hogan,438,Michael Hagglund,312
General_2019,City Council,GRANITE FALLS,Pos. 5,16,< 25%,626,Matt Hartman,648,Write-In,22
General_2019,City Council,HARRAH,Pos. 3,0,< 25%,48,Christina Cordova-Rodriguez,48,Write-In,0
General_2019,City Council,HARRAH,Pos. 4,0,< 25%,50,Avelina Garcia,50,Write-In,0
General_2019,City Council,HARRAH,Pos. 5,0,< 25%,49,Kathryn Henry,49,Write-In,0
General_2019,City Council,HARRINGTON,Pos. 1,0,< 25%,144,Justin Slack,144,Write-In,0
General_2019,City Council,HARRINGTON,Pos. 2,0,< 25%,15,Cherie MacClellan,83,David Buddrius,68
General_2019,City Council,HARRINGTON,Pos. 3,0,< 25%,143,Nathan Luck,143,Write-In,0
General_2019,City Council,HARRINGTON,Pos. 4,0,< 25%,134,Peter B. Davenport,134,Write-In,0
General_2019,City Council,HARRINGTON,Pos. 5,0,< 25%,56,Levi W. Schenk,104,Denisa Holling,48
General_2019,City Council,HARTLINE,Pos. 3,0,< 25%,1,Write-In,44,Jacob Johnson,43
General_2019,City Council,HARTLINE,Pos. 4,0,< 25%,46,Andrew Allsbrook,59,Write-In,13
General_2019,City Council,HARTLINE,Pos. 1,0,< 25%,54,Paul H. Walker,63,Write-In,9
General_2019,City Council,HARTLINE,Pos. 5,0,< 25%,0,Matthew Baergen,42,Write-In,42
General_2019,City Council,HATTON,Pos. 1,0,< 25%,6,Justine Pherigo,6,Write-In,0
General_2019,City Council,HATTON,Pos. 2,0,< 25%,5,Terri Case,5,Write-In,0
General_2019,City Council,HATTON,Pos. 3,0,< 25%,6,Terry Quandt,6,Write-In,0
General_2019,City Council,HATTON,Pos. 5,0,< 25%,1,James Winebarger,2,Write-In,1
General_2019,City Council,HOQUIAM,Pos. 1,3,< 25%,241,Dave Wilson SR,247,Write-In,6
General_2019,City Council,HOQUIAM,Pos. 3,3,< 25%,184,Steven J Puvogel,188,Write-In,4
General_2019,City Council,HOQUIAM,Pos. 5,3,< 25%,268,Shannon Patterson,269,Write-In,1
General_2019,City Council,HOQUIAM,Pos. 8,3,< 25%,129,Al Dick,266,Jamie C. Brand,137
General_2019,City Council,HOQUIAM,Pos. 9,3,< 25%,216,Brenda Carlstrom,221,Write-In,5
General_2019,City Council,HOQUIAM,Pos. 11,3,< 25%,208,Dave Hinchen,210,Write-In,2
General_2019,City Council,HOQUIAM,Pos. 12,3,< 25%,202,Elizabeth Reid,206,Write-In,4
General_2019,City Council,HUNTS POINT,Pos. 2,11,< 25%,133,Ernest Norehad,136,Write-In,3
General_2019,City Council,HUNTS POINT,Pos. 4,11,< 25%,130,Patrick Finnelly,134,Write-In,4
General_2019,City Council,ILWACO,Pos. 1,0,< 25%,99,David R. (Dave) Cundiff,168,James Berglund,69
General_2019,City Council,ILWACO,Pos. 3,0,< 25%,189,Jonathan Quittner,195,Write-In,6
General_2019,City Council,ILWACO,Pos. 4,0,< 25%,202,Matt Lessnau,208,Write-In,6
General_2019,City Council,ILWACO,Pos. 5,0,< 25%,190,Kristen Mathison,196,Write-In,6
General_2019,City Council,INDEX,Pos. 2,2,< 25%,41,J.P. Brastad,44,Write-In,3
General_2019,City Council,INDEX,Pos. 4,2,< 25%,50,Chuck Davis,52,Write-In,2
General_2019,City Council,INDEX,Pos. 5,2,< 25%,53,Kem Hunter,54,Write-In,1
General_2019,City Council,ISSAQUAH,Pos. 2,369,< 25%,1649,Zach Hall,5299,Michele Kemper,3650
General_2019,City Council,ISSAQUAH,Pos. 4,369,< 25%,6648,Lindsey Walsh,6708,Write-In,60
General_2019,City Council,ISSAQUAH,Pos. 6,369,< 25%,6634,Victoria Hunt,6702,Write-In,68
General_2019,City Council,ISSAQUAH,Pos. 3,369,> 50%,378,Barbara de Michele,4705,Tim Flood,4327
General_2019,City Council,KAHLOTUS,Pos. 4,0,< 25%,30,Jim Hagans,30,Write-In,0
General_2019,City Council,KAHLOTUS,Pos. 5,0,< 25%,22,James D. Herron,26,Write-In,4
General_2019,City Council,KAHLOTUS,Pos. 6,0,< 25%,25,Shirley L. Ayers,30,Write-In,5
General_2019,City Council,KALAMA,Pos. 3,2,< 25%,147,Wendy Conradi,546,Sara Hutchinson,399
General_2019,City Council,KALAMA,Pos. 4,2,< 25%,275,Steve Kallio,606,John Flynn,331
General_2019,City Council,KALAMA,Pos. 5,2,< 25%,91,Matthew Merz,514,Tanaja Gravina,423
General_2019,City Council,KELSO,Pos. 4,23,< 25%,213,David Futcher,1103,Kelburn Koontz,890
General_2019,City Council,KELSO,Pos. 5,23,< 25%,381,Keenan A. Harvey,1192,Jim Hill,811
General_2019,City Council,KELSO,Pos. 6,23,< 25%,573,Lisa Knight Alexander,1273,Thomas J. Loren,700
General_2019,City Council,KELSO,Pos. 7,23,< 25%,410,Nancy Malone,1188,Christopher (Chris) Jenkins,778
General_2019,City Council,KENMORE,Pos. 3,220,< 25%,4310,Milton Curtis,4504,Write-In,194
General_2019,City Council,KENMORE,Pos. 5,220,< 25%,4631,David Baker,4763,Write-In,132
General_2019,City Council,KENMORE,Pos. 7,220,< 25%,1127,Corina Pfeil,3774,Van Sperry,2647
General_2019,City Council,KENMORE,Pos. 1,220,25-50%,772,Melanie O'Cain,3608,Suzanne Greathouse,2836
General_2019,City Council,KENNEWICK,Pos. 6,303,< 25%,4213,Brad Beauchamp,8922,Ed Pacheco,4709
General_2019,City Council,KENNEWICK,Pos. 5,303,> 50%,245,Chuck Torelli,6911,Chariss Warner,6666
General_2019,City Council,KENNEWICK,Pos. 7,303,> 50%,524,James (Jim) Millbauer,7039,Russel Del Gesso,6515
General_2019,City Council,KENT,Pos. 1,2582,> 50%,2515,Marli Larimer,12121,Todd Minor,9606
General_2019,City Council,KENT,Pos. 3,2582,> 50%,1006,Les Thomas,11663,Hira Singh Bhullar,10657
General_2019,City Council,KENT,Pos. 7,2582,> 50%,3623,Zandria Michaud,12507,Awale A. Farah,8884
General_2019,City Council,KENT,Pos. 5,2582,25-50%,7027,Bill Boyce,14617,Mizan Rahman,7590
General_2019,City Council,KETTLE FALLS,Pos. 2,1,< 25%,273,John Andrew,282,Write-In,9
General_2019,City Council,KETTLE FALLS,Pos. 4,1,< 25%,277,Dale M. Drake,288,Write-In,11
General_2019,City Council,KETTLE FALLS,Pos. 5,1,< 25%,285,Michael Weatherman,295,Write-In,10
General_2019,City Council,KIRKLAND,Pos. 2,1345,< 25%,15788,Kelli Curtis,16039,Write-In,251
General_2019,City Council,KIRKLAND,Pos. 4,1345,< 25%,7000,Toby Nixon,13617,David Schwartz,6617
General_2019,City Council,KIRKLAND,Pos. 5,1345,< 25%,8583,Neal Black,14784,Martin Morgan,6201
General_2019,City Council,KIRKLAND,Pos. 6,1345,< 25%,11236,Amy E. Falcone,16105,Jory Hamilton,4869
General_2019,City Council,KITTITAS,Pos. 2,1,< 25%,201,Pete Schuetz,202,Write-In,1
General_2019,City Council,KITTITAS,Pos. 3,1,< 25%,187,Holly Padjen-Downey,191,Write-In,4
General_2019,City Council,KITTITAS,Pos. 4,1,< 25%,192,William Coleman,192,Write-In,0
General_2019,City Council,KITTITAS,Pos. 5,1,< 25%,199,LOU WHITFORD,200,Write-In,1
General_2019,City Council,KRUPP,Pos. 2,0,< 25%,11,Paul Friend,13,Write-In,2
General_2019,City Council,KRUPP,Pos. 3,0,< 25%,10,PAULA HORTON,12,Write-In,2
General_2019,City Council,KRUPP,Pos. 4,0,< 25%,14,Patricia Friend,14,Write-In,0
General_2019,City Council,LA CENTER,Pos. 4,18,< 25%,582,Tom Strobehn,592,Write-In,10
General_2019,City Council,LA CENTER,Pos. 5,18,< 25%,281,Elizabeth M. Cerveny,547,Linda Tracy,266
General_2019,City Council,LA CONNER,Pos. 1,3,< 25%,268,Jacques Brunisholz,268,Write-In,0
General_2019,City Council,LA CONNER,Pos. 5,3,< 25%,285,Mary Wohleb,285,Write-In,0
General_2019,City Council,LACEY,Pos. 1,143,< 25%,2039,Malcolm Miller,6431,Sarah Jean Morris,4392
General_2019,City Council,LACEY,Pos. 2,143,< 25%,747,Lenny Greenstein,5677,Harald Jones,4930
General_2019,City Council,LACEY,Pos. 3,143,> 50%,78,Ed Kunkel,5499,Lynda N. Zeman,5421
General_2019,City Council,LACROSSE,Pos. 1,0,< 25%,85,Tom Cauley,94,Write-In,9
General_2019,City Council,LACROSSE,Pos. 2,0,< 25%,98,Lana Thomas,101,Write-In,3
General_2019,City Council,LAKE FOREST PARK,Pos. 2,79,< 25%,681,Lorri Bodi,3011,Catherine Stanford,2330
General_2019,City Council,LAKE FOREST PARK,Pos. 4,79,< 25%,2824,Phillippa Kassover,3982,Brett Newsham,1158
General_2019,City Council,LAKE FOREST PARK,Pos. 6,79,< 25%,430,Tom French,2802,Tracy Furutani,2372
General_2019,City Council,LAKE STEVENS,Pos. 3,213,> 50%,353,Shawn Frederick,3896,Steve Ewing,3543
General_2019,City Council,LAKE STEVENS,Pos. 5,213,> 50%,281,Anji Jorstad,3877,Rauchel McDaniel,3596
General_2019,City Council,LAKE STEVENS,Pos. 4,213,25-50%,472,Mary Dickinson,4023,Todd Welch,3551
General_2019,City Council,LAKEWOOD,Pos. 4,95,< 25%,8434,Don Anderson,8688,Write-In,254
General_2019,City Council,LAKEWOOD,Pos. 6,95,< 25%,2881,Linda Farmer,6695,Ken Witkoe,3814
General_2019,City Council,LAKEWOOD,Pos. 7,95,< 25%,5992,Paul Bocchi,8102,Siabhon Ayuso,2110
General_2019,City Council,LANGLEY,Pos. 3,4,< 25%,392,Thomas E. Gill,401,Write-In,9
General_2019,City Council,LANGLEY,Pos. 4,4,< 25%,363,Craig Cyr,509,R. Bruce Allen,146
General_2019,City Council,LATAH,Pos. 2,0,< 25%,36,Larry La Bolle,52,Adam Papini,16
General_2019,City Council,LATAH,Pos. 3,0,< 25%,22,Carole Meissner,43,Brianne Howe,21
General_2019,City Council,LATAH,Pos. 4,0,< 25%,52,Curtis Loucks,54,Write-In,2
General_2019,City Council,LATAH,Pos. 5,0,< 25%,50,Michael D. VanHeel,52,Write-In,2
General_2019,City Council,LEAVENWORTH,Pos. 1,1,< 25%,216,Jason Lundgren,560,Lynn O Watson,344
General_2019,City Council,LEAVENWORTH,Pos. 2,1,< 25%,472,Craig Hess,524,Write-In,52
General_2019,City Council,LEAVENWORTH,Pos. 3,1,< 25%,640,Anne Hessburg,654,Write-In,14
General_2019,City Council,LEAVENWORTH,Pos. 7,1,< 25%,84,Mia Bretz,480,Zeke Reister,396
General_2019,City Council,LIBERTY LAKE,Pos. 1,15,< 25%,288,Phil Folyer,1782,Dg Garcia,1494
General_2019,City Council,LIBERTY LAKE,Pos. 3,15,< 25%,219,Dan Dunne,1706,Holly Woodruff,1487
General_2019,City Council,LIBERTY LAKE,Pos. 5,15,< 25%,629,Annie Kurtz,1886,Robert (Bob) Moore,1257
General_2019,City Council,LIBERTY LAKE,Pos. 7,15,< 25%,723,Cristella (Cris) Kaminskas,1991,Tom Stanley,1268
General_2019,City Council,LIND,Pos. 4,0,< 25%,122,Myra Horton,129,Write-In,7
General_2019,City Council,LIND,Pos. 5,0,< 25%,98,James Dworshak,109,Write-In,11
General_2019,City Council,LONG BEACH,Pos. 1,1,< 25%,195,Susan (Sue) Svendsen,334,Donald E. McGuire Jr.,139
General_2019,City Council,LONG BEACH,Pos. 2,1,< 25%,324,Tina McGuire,337,Write-In,13
General_2019,City Council,LONG BEACH,Pos. 3,1,< 25%,299,Del R Murry,313,Write-In,14
General_2019,City Council,LONGVIEW,Pos. 2,31,< 25%,586,Hillary Strobel,4855,Scott Vydra,4269
General_2019,City Council,LONGVIEW,Pos. 3,31,< 25%,462,Christine Schott,4904,Spencer Boudreau,4442
General_2019,City Council,LONGVIEW,Pos. 4,31,< 25%,212,Ruth Kendall,4730,Don Jensen,4518
General_2019,City Council,LONGVIEW,Pos. 1,31,25-50%,108,Mike Wallin,4749,John M. Melink,4641
General_2019,City Council,LYMAN,Pos. 3,0,< 25%,65,Mike Swanson,65,Write-In,0
General_2019,City Council,LYMAN,Pos. 4,0,< 25%,66,Mike Couch,66,Write-In,0
General_2019,City Council,LYMAN,Pos. 5,0,< 25%,61,Ron Hodgin,61,Write-In,0
General_2019,City Council,LYNDEN,Pos. 1,6,< 25%,3353,Gary L. Bode,4567,Nikki Turner,1214
General_2019,City Council,LYNDEN,Pos. 2,6,< 25%,73,Ronald DeValois,2874,Darren Johnson,2801
General_2019,City Council,LYNDEN,Pos. 3,6,< 25%,1428,Gerald (Jerry) Kuiken,3304,Jesse DeMooy,1876
General_2019,City Council,LYNDEN,Pos. 4,6,< 25%,3467,Brent Lenssen,4559,Jen Marion,1092
General_2019,City Council,LYNNWOOD,Pos. 4,1614,> 50%,1554,Jim Smith,4476,Van AuBuchon,2922
General_2019,City Council,LYNNWOOD,Pos. 5,1614,> 50%,1221,Julieta Altamirano-Crosby,4326,David Schirle,3105
General_2019,City Council,LYNNWOOD,Pos. 6,1614,> 50%,1143,George Hurst,4214,Nick Coelho,3071
General_2019,City Council,LYNNWOOD,Pos. 7,1614,> 50%,1655,Shannon Sessions,4534,Shirley Sutton,2879
General_2019,City Council,MABTON,Pos. 3,1,< 25%,54,Mark Gourneau,79,Write-In,25
General_2019,City Council,MABTON,Pos. 4,1,< 25%,82,Vera Zavala,94,Write-In,12
General_2019,City Council,MABTON,Pos. 5,1,< 25%,88,Arturo De La Fuente,97,Write-In,9
General_2019,City Council,MALDEN,Pos. 1,1,< 25%,8,Scott Hokonson,40,Colleen Cross,32
General_2019,City Council,MALDEN,Pos. 4,1,< 25%,38,Robert Law,47,Write-In,9
General_2019,City Council,MALDEN,Pos. 5,1,< 25%,51,Lori Dickinson,55,Write-In,4
General_2019,City Council,MANSFIELD,Pos. 1,0,< 25%,84,Clint Wall,92,Write-In,8
General_2019,City Council,MANSFIELD,Pos. 3,0,< 25%,80,Betty Wilsey,85,Write-In,5
General_2019,City Council,MANSFIELD,Pos. 5,0,< 25%,88,Luke Hall,94,Write-In,6
General_2019,City Council,MAPLE VALLEY,Pos. 1,181,< 25%,4615,Sean P. Kelly,4848,Write-In,233
General_2019,City Council,MAPLE VALLEY,Pos. 3,181,< 25%,1190,Les Burberry,3759,Victoria Schroff,2569
General_2019,City Council,MAPLE VALLEY,Pos. 5,181,< 25%,2606,Syd Dawson,4398,Richard Axtell,1792
General_2019,City Council,MAPLE VALLEY,Pos. 7,181,< 25%,4623,Linda Johnson,4752,Write-In,129
General_2019,City Council,MARCUS,Pos. 2,0,< 25%,43,Sharon (Shari) DePaulo,46,Write-In,3
General_2019,City Council,MARCUS,Pos. 3,0,< 25%,27,Mark T. Redler,42,Carolyn Worden,15
General_2019,City Council,MARCUS,Pos. 5,0,< 25%,32,Janet Worden,36,Write-In,4
General_2019,City Council,MARYSVILLE,Pos. 6,310,< 25%,4896,Stephen C. Muller,9002,Katherine E. Iverson,4106
General_2019,City Council,MARYSVILLE,Pos. 7,310,< 25%,10560,Kamille Norton,10835,Write-In,275
General_2019,City Council,MARYSVILLE,Pos. 5,310,25-50%,682,Kelly J. Richards,7003,Jeff Seibert,6321
General_2019,City Council,MATTAWA,Pos. 1,0,< 25%,71,Sun Hwang,71,Write-In,0
General_2019,City Council,MATTAWA,Pos. 2,0,< 25%,70,Brian E Berghout,70,Write-In,0
General_2019,City Council,MATTAWA,Pos. 5,0,< 25%,78,Alexander Heredia,78,Write-In,0
General_2019,City Council,MATTAWA,Pos. 6,0,< 25%,80,Maggie Celaya,81,Write-In,1
General_2019,City Council,MCCLEARY,Pos. 1,0,< 25%,198,Jenna Amsbury,273,Synthicy (Syn) Omega,75
General_2019,City Council,MCCLEARY,Pos. 2,0,< 25%,307,Brycen Huff,320,Write-In,13
General_2019,City Council,MEDICAL LAKE,Pos. 1,2,< 25%,723,Donald Kennedy,755,Write-In,32
General_2019,City Council,MEDICAL LAKE,Pos. 2,2,< 25%,719,Elizabeth Rosenbeck,755,Write-In,36
General_2019,City Council,MEDICAL LAKE,Pos. 5,2,< 25%,153,Arthur Kulibert,525,Mitch Hardin,372
General_2019,City Council,MEDICAL LAKE,Pos. 6,2,< 25%,718,Heather Starr,747,Write-In,29
General_2019,City Council,MEDICAL LAKE,Pos. 7,2,< 25%,718,Jessica Roberts,740,Write-In,22
General_2019,City Council,MEDINA,Pos. 2,24,< 25%,279,Harini Gokul,719,Mehrdad Naeini,440
General_2019,City Council,MEDINA,Pos. 4,24,< 25%,776,Cynthia F. Adkins,795,Write-In,19
General_2019,City Council,MEDINA,Pos. 6,24,< 25%,167,Bob Zook,671,Sheree Wen,504
General_2019,City Council,MERCER ISLAND,Pos. 4,149,< 25%,1149,Lisa A. Anderl,5375,Patrick Allcorn,4226
General_2019,City Council,MERCER ISLAND,Pos. 1,149,> 50%,40,Dave Rosenbaum,4808,Daniel Thompson,4768
General_2019,City Council,MERCER ISLAND,Pos. 3,149,25-50%,565,Wendy Weiker,5086,Jon Hanlon,4521
General_2019,City Council,MERCER ISLAND,Pos. 5,149,25-50%,526,Craig W. Reynolds,5056,Heather Jordan Cartwright,4530
General_2019,City Council,MERCER ISLAND,Pos. 7,149,25-50%,343,Jake Jacobson,5038,Debbie Bertlin,4695
General_2019,City Council,MESA,Pos. 1,1,< 25%,23,Jim Cronenwett,32,Chiloe Chervenell,9
General_2019,City Council,MESA,Pos. 2,1,< 25%,34,Agustin Garcia Valdovinos,35,Write-In,1
General_2019,City Council,MESA,Pos. 3,1,< 25%,35,Elizabeth Castro,36,Write-In,1
General_2019,City Council,MESA,Pos. 4,1,< 25%,37,Merlin Giesbrecht,37,Write-In,0
General_2019,City Council,METALINE,Pos. 1,0,< 25%,24,William Bisson,40,Write-In,16
General_2019,City Council,METALINE,Pos. 4,0,< 25%,38,Tom Hough,46,Write-In,8
General_2019,City Council,METALINE,Pos. 2,0,< 25%,71,John Kinney,73,Write-In,2
General_2019,City Council,METALINE,Pos. 3,0,< 25%,51,Sam McGeorge,56,Write-In,5
General_2019,City Council,METALINE,Pos. 5,0,< 25%,60,Jerry Weaver,64,Write-In,4
General_2019,City Council,MILL CREEK,Pos. 2,217,< 25%,3829,Stephanie Vignal,3910,Write-In,81
General_2019,City Council,MILL CREEK,Pos. 5,217,< 25%,1247,Vincent J. Cavaleri,3156,Carmen Fisher,1909
General_2019,City Council,MILL CREEK,Pos. 6,217,< 25%,3699,Mike Todd,3818,Write-In,119
General_2019,City Council,MILL CREEK,Pos. 7,217,< 25%,3341,Mark Bond,3520,Write-In,179
General_2019,City Council,MILL CREEK,Pos. 1,217,> 50%,397,John Steckler,2704,Adam Morgan,2307
General_2019,City Council,MILLWOOD,Pos. 3,0,< 25%,163,Mary (Kate) McLachlan,324,Ed Mack,161
General_2019,City Council,MILLWOOD,Pos. 4,0,< 25%,97,Andrew Van Hees,296,Jay Molitor,199
General_2019,City Council,MILLWOOD,Pos. 5,0,< 25%,375,Shaun Culler,385,Write-In,10
General_2019,City Council,MILTON,Pos. 4,12,< 25%,148,Jim Gillespie,1021,Mary Tompkins,873
General_2019,City Council,MILTON,Pos. 6,12,< 25%,192,Phil Linden,1024,Mark E. Hutson,832
General_2019,City Council,MILTON,Pos. 7,12,< 25%,1361,Robert (Bob) Whalen,1413,Write-In,52
General_2019,City Council,MILTON,Pos. 1,12,> 50%,10,Timothy Morrison,41,Billy Fisher,31
General_2019,City Council,MILTON,Pos. 2,12,> 50%,8,Travis M. Patrick,46,Theresa Boots,38
General_2019,City Council,MILTON,Pos. 3,12,> 50%,18,Lisa R. Johnson,50,Dean H Vandiver,32
General_2019,City Council,MILTON,Pos. 5,12,25-50%,39,Geoff Perkins,48,Patrick Benjamin,9
General_2019,City Council,MONROE,Pos. 4,85,< 25%,2513,Heather K. Rousey,2562,Write-In,49
General_2019,City Council,MONROE,Pos. 5,85,< 25%,1520,Ed Davis,2248,Delma Silva,728
General_2019,City Council,MONROE,Pos. 6,85,< 25%,2119,Jason Gamble,2210,Write-In,91
General_2019,City Council,MONTESANO,Pos. 4,1,< 25%,146,Dave Skaramuca,605,Brooke Chapman-Hoiness,459
General_2019,City Council,MONTESANO,Pos. 5,1,< 25%,790,Megan M. Valentine,800,Write-In,10
General_2019,City Council,MONTESANO,Pos. 7,1,< 25%,810,Dan Wood,829,Write-In,19
General_2019,City Council,MORTON,Pos. 1,0,< 25%,58,Kevin Dunlap Jr.,179,Jessica Scogin,121
General_2019,City Council,MORTON,Pos. 4,0,< 25%,10,Travis Cooper,151,Amanda West,141
General_2019,City Council,MOSES LAKE,Pos. 3,36,< 25%,2338,Don Myers,2404,Write-In,66
General_2019,City Council,MOSES LAKE,Pos. 6,36,< 25%,2352,David P Eck,2413,Write-In,61
General_2019,City Council,MOSES LAKE,Pos. 7,36,< 25%,2363,Dean Hankins,2426,Write-In,63
General_2019,City Council,MOSSYROCK,Pos. 2,1,< 25%,66,Beatrice C. Minnear,67,Write-In,1
General_2019,City Council,MOSSYROCK,Pos. 3,1,< 25%,65,Kathleen Brown,66,Write-In,1
General_2019,City Council,MOSSYROCK,Pos. 4,1,< 25%,64,Jeffrey Bellino,66,Write-In,2
General_2019,City Council,MOSSYROCK,Pos. 5,1,< 25%,70,Teresa Quinlan,71,Write-In,1
General_2019,City Council,MOUNT VERNON,Ward 1 Pos. 1,37,< 25%,1907,Erin Moberg,4342,Shelley Acero,2435
General_2019,City Council,MOUNT VERNON,Ward 2 Pos. 1,37,< 25%,4617,Mark Hulst,4617,Write-In,0
General_2019,City Council,MOUNT VERNON,Ward 3 Pos. 1,37,< 25%,4614,Mary Hudson,4614,Write-In,0
General_2019,City Council,MOUNTLAKE TERRACE,Pos. 2,231,< 25%,3871,Steven P. Woodard,3955,Write-In,84
General_2019,City Council,MOUNTLAKE TERRACE,Pos. 5,231,< 25%,3811,Bryan Wahl,3894,Write-In,83
General_2019,City Council,MOUNTLAKE TERRACE,Pos. 6,231,< 25%,3810,Laura Sonmore,3893,Write-In,83
General_2019,City Council,MOUNTLAKE TERRACE,Pos. 7,231,< 25%,1671,Erin Murray,3244,Crystal Gamon,1573
General_2019,City Council,MOXEE,Pos. 3,7,< 25%,63,David S. Mullen,252,Maravell A. Gonsioroski,189
General_2019,City Council,MOXEE,Pos. 4,7,< 25%,389,David Roy,402,Write-In,13
General_2019,City Council,MOXEE,Pos. 5,7,< 25%,372,Larry Frank,390,Write-In,18
General_2019,City Council,MUKILTEO,Pos. 6,239,< 25%,2269,Elisabeth L. Crawford,4687,Peter Zieve,2418
General_2019,City Council,MUKILTEO,Pos. 7,239,< 25%,2084,Joe Marine,4516,Kristina O. Melnichenko,2432
General_2019,City Council,MUKILTEO,Pos. 5,239,> 50%,218,Riaz Khan,3501,Christopher Maddux,3283
General_2019,City Council,MUKILTEO,Pos. 4,239,25-50%,866,Richard C. Emery,3769,Scott Whelpley,2903
General_2019,City Council,NACHES,Pos. 4,1,< 25%,139,Robert Weekes,145,Write-In,6
General_2019,City Council,NACHES,Pos. 5,1,< 25%,146,Suzi Williams,146,Write-In,0
General_2019,City Council,NAPAVINE,Pos. 1,0,< 25%,272,Donald Webster,278,Write-In,6
General_2019,City Council,NAPAVINE,Pos. 2,0,< 25%,282,Larry Stafford,286,Write-In,4
General_2019,City Council,NAPAVINE,Pos. 3,0,< 25%,251,LaVerne Haslett,261,Write-In,10
General_2019,City Council,NAPAVINE,Pos. 5,0,< 25%,249,Jim Haslett,263,Write-In,14
General_2019,City Council,NESPELEM,Pos. 1,0,< 25%,20,Dawn Ensminger,23,Write-In,3
General_2019,City Council,NESPELEM,Pos. 2,0,< 25%,25,Sally A Hutton,25,Write-In,0
General_2019,City Council,NESPELEM,Pos. 5,0,< 25%,22,Jama Van Brunt,23,Write-In,1
General_2019,City Council,NEWCASTLE,Pos. 1,117,< 25%,2196,Linda Newing,2260,Write-In,64
General_2019,City Council,NEWCASTLE,Pos. 2,117,< 25%,2264,Ariana Sherlock,2294,Write-In,30
General_2019,City Council,NEWCASTLE,Pos. 3,117,< 25%,801,Tom Griffin,1928,Allen Dauterman,1127
General_2019,City Council,NEWCASTLE,Pos. 4,117,< 25%,2487,Tony Ventrella,2517,Write-In,30
General_2019,City Council,NEWPORT,Pos. 1,1,< 25%,339,Kenneth H Smith,349,Write-In,10
General_2019,City Council,NEWPORT,Pos. 3,1,< 25%,49,Christian J. Meador,214,Troy Falardeau,165
General_2019,City Council,NEWPORT,Pos. 4,1,< 25%,351,MARK ZORICA,362,Write-In,11
General_2019,City Council,NEWPORT,Pos. 5,1,< 25%,374,Keith W. Campbell,380,Write-In,6
General_2019,City Council,NOOKSACK,Pos. 1,0,< 25%,318,Steve C. Neyens,322,Write-In,4
General_2019,City Council,NOOKSACK,Pos. 2,0,< 25%,284,Randy Relethford,288,Write-In,4
General_2019,City Council,NOOKSACK,Pos. 4,0,< 25%,282,Scott Bodven,290,Write-In,8
General_2019,City Council,NOOKSACK,Pos. 5,0,< 25%,298,Marshall Judy,302,Write-In,4
General_2019,City Council,NORMANDY PARK,Pos. 1,16,< 25%,1713,Earnest Thompson,2125,Dave Emert,412
General_2019,City Council,NORMANDY PARK,Pos. 3,16,< 25%,662,Shawn McEvoy,1685,Jonathan Chicquette,1023
General_2019,City Council,NORMANDY PARK,Pos. 5,16,< 25%,228,Michelle Sipes-Marvin,1433,Kathleen Sherry,1205
General_2019,City Council,NORMANDY PARK,Pos. 7,16,< 25%,642,Sue-Ann Hohimer,1666,Kathleen Waters,1024
General_2019,City Council,NORTH BEND,Pos. 1,31,< 25%,1336,Jonathan Rosen,1380,Write-In,44
General_2019,City Council,NORTH BEND,Pos. 5,31,< 25%,1429,Brenden Elwood,1470,Write-In,41
General_2019,City Council,NORTH BEND,Pos. 6,31,< 25%,1396,Chris Garcia,1441,Write-In,45
General_2019,City Council,NORTH BEND,Pos. 7,31,< 25%,559,Mary Miller,1335,Darren Glazier,776
General_2019,City Council,NORTH BEND,Pos. 3,31,25-50%,74,Heather Koellen,1060,Olivia G. Moe,986
General_2019,City Council,NORTH BONNEVILLE,Pos. 3,2,< 25%,189,Margie Lee,198,Write-In,9
General_2019,City Council,NORTH BONNEVILLE,Pos. 4,2,< 25%,165,John H. Acton,182,Write-In,17
General_2019,City Council,NORTH BONNEVILLE,Pos. 5,2,< 25%,124,Judie Whitcomb,182,Mike Riley,58
General_2019,City Council,NORTHPORT,Pos. 1,0,< 25%,74,Kathleen (Kathy) Thomas,74,Write-In,0
General_2019,City Council,NORTHPORT,Pos. 2,0,< 25%,73,Donna Godes,73,Write-In,0
General_2019,City Council,NORTHPORT,Pos. 4,0,< 25%,71,Seth Straayer,71,Write-In,0
General_2019,City Council,NORTHPORT,Pos. 5,0,< 25%,68,Greg Rieckers,69,Write-In,1
General_2019,City Council,OAK HARBOR,Pos. 1,22,< 25%,379,Tara Hizon,2162,Michael Crawford,1783
General_2019,City Council,OAK HARBOR,Pos. 2,22,< 25%,2985,Beth Munns,3095,Write-In,110
General_2019,City Council,OAK HARBOR,Pos. 3,22,< 25%,200,Jeffrey Mack,1964,Joseph Busig,1764
General_2019,City Council,OAKESDALE,Pos. 1,0,< 25%,128,Al Evans,131,Write-In,3
General_2019,City Council,OAKESDALE,Pos. 2,0,< 25%,133,Dolores R. Haley,134,Write-In,1
General_2019,City Council,OAKESDALE,Pos. 3,0,< 25%,139,Thomas J. Crooks,139,Write-In,0
General_2019,City Council,OAKVILLE,Pos. 1,0,< 25%,95,Thomas Sims,103,Write-In,8
General_2019,City Council,OAKVILLE,Pos. 2,0,< 25%,107,Traci D. Fallow,110,Write-In,3
General_2019,City Council,OAKVILLE,Pos. 3,0,< 25%,103,Dan Martin,105,Write-In,2
General_2019,City Council,OAKVILLE,Pos. 4,0,< 25%,2,Julie Zehe,62,Allen Werth,60
General_2019,City Council,OCEAN SHORES,Pos. 2,2,< 25%,475,Kathryn L. Sprigg,1632,Michael Darling,1157
General_2019,City Council,OCEAN SHORES,Pos. 3,2,< 25%,218,Frank Elduen,1491,Richard Wills,1273
General_2019,City Council,OCEAN SHORES,Pos. 4,2,< 25%,53,Jon Martin,1422,Lorraine Hardin,1369
General_2019,City Council,OCEAN SHORES,Pos. 6,2,< 25%,499,Bob Peterson,1618,Chuck Anderson,1119
General_2019,City Council,OCEAN SHORES,Pos. 7,2,< 25%,148,Eric Noble,1434,David Linn,1286
General_2019,City Council,ODESSA,Pos. 1,0,< 25%,26,Victoria S. Iverson,181,Tami Smith,155
General_2019,City Council,ODESSA,Pos. 2,0,< 25%,129,Amy J. Hunt,233,Joe Schlomer,104
General_2019,City Council,ODESSA,Pos. 5,0,< 25%,178,Marlene K. Kramer,251,William (Bill) Pichon,73
General_2019,City Council,OKANOGAN,Pos. 1,2,< 25%,309,Lisa Bauer,313,Write-In,4
General_2019,City Council,OKANOGAN,Pos. 4,2,< 25%,320,Wayne L. Turner,323,Write-In,3
General_2019,City Council,OKANOGAN,Pos. 5,2,< 25%,305,Greg Oyler,310,Write-In,5
General_2019,City Council,OKANOGAN,Pos. 6,2,< 25%,308,Denise Varner,314,Write-In,6
General_2019,City Council,OKANOGAN,Pos. 7,2,< 25%,288,Patricia Stanton,296,Write-In,8
General_2019,City Council,OLYMPIA,Pos. 2,371,< 25%,5229,Jessica Bateman,10486,Phyllis Booth,5257
General_2019,City Council,OLYMPIA,Pos. 3,371,< 25%,6498,Dani Madrone,11001,Matt Goldenberg,4503
General_2019,City Council,OMAK,Pos. 4,3,< 25%,648,David Womack,680,Write-In,32
General_2019,City Council,OMAK,Pos. 5,3,< 25%,635,Barry Wayne Freel,664,Write-In,29
General_2019,City Council,OMAK,Pos. 6,3,< 25%,621,Stephen D. Clark,652,Write-In,31
General_2019,City Council,OMAK,Pos. 7,3,< 25%,623,Walter Womack,656,Write-In,33
General_2019,City Council,OROVILLE,Pos. 2,1,< 25%,227,Michael H. Marthaller (Mike),228,Write-In,1
General_2019,City Council,OROVILLE,Pos. 3,1,< 25%,229,"David ""Mac"" McElheran",231,Write-In,2
General_2019,City Council,OROVILLE,Pos. 4,1,< 25%,245,Walter A Hart III,248,Write-In,3
General_2019,City Council,OROVILLE,Pos. 5,1,< 25%,233,Kolo Moser,238,Write-In,5
General_2019,City Council,ORTING,Pos. 4,22,< 25%,437,John Williams,1164,Joachim (Joe) Pestinger,727
General_2019,City Council,ORTING,Pos. 6,22,< 25%,337,Gregory Hogan,1085,Irina Check,748
General_2019,City Council,ORTING,Pos. 5,22,> 50%,28,Gregg E. Bradshaw,936,Richard H. Mordini,908
General_2019,City Council,OTHELLO,Pos. 4,4,< 25%,65,Jonathan (Jon) Erickson,433,Eugene Bain,368
General_2019,City Council,OTHELLO,Pos. 5,4,< 25%,646,Maria Quezada,662,Write-In,16
General_2019,City Council,OTHELLO,Pos. 6,4,< 25%,702,Mark Snyder,711,Write-In,9
General_2019,City Council,OTHELLO,Pos. 7,4,< 25%,640,Angel Garza,666,Write-In,26
General_2019,City Council,PACIFIC,Pos. 3,42,< 25%,173,Joshua Putnam,670,Brice Erickson,497
General_2019,City Council,PACIFIC,Pos. 6,42,< 25%,186,David B. Storaasli,645,Aarron Fahrenkrug,459
General_2019,City Council,PACIFIC,Pos. 1,42,> 50%,26,Katherine V. Garberding,590,Jaylynn Markwald,564
General_2019,City Council,PALOUSE,Pos. 1,0,< 25%,270,Mary (Welcome) Rothlisberger,281,Write-In,11
General_2019,City Council,PALOUSE,Pos. 2,0,< 25%,284,Bill Slinkard,288,Write-In,4
General_2019,City Council,PALOUSE,Pos. 5,0,< 25%,2,William Perry,146,Travis Tonn,144
General_2019,City Council,PALOUSE,Pos. 6,0,< 25%,284,Steve Alred,287,Write-In,3
General_2019,City Council,PALOUSE,Pos. 7,0,< 25%,274,Catherine (Katie) Cooper,282,Write-In,8
General_2019,City Council,PASCO,Pos. 7,57,< 25%,1736,Zahra Roach,5300,Patrick Guettner,3564
General_2019,City Council,PASCO,,57,< 25%,310,Ruben Alvarado,312,Write-In,2
General_2019,City Council,PASCO,,57,< 25%,905,David Milne,1947,Isaac (Ike) Myhrum,1042
General_2019,City Council,PATEROS,Pos. 2,1,< 25%,79,Holly Bange,85,Write-In,6
General_2019,City Council,PATEROS,Pos. 3,1,< 25%,59,George L. Brady,75,Write-In,16
General_2019,City Council,PATEROS,Pos. 4,1,< 25%,76,Michael Harding,82,Write-In,6
General_2019,City Council,PATEROS,Pos. 5,1,< 25%,85,Megan Sherrard,88,Write-In,3
General_2019,City Council,PE ELL,Pos. 3,1,< 25%,92,Robert (Bobby) Cox,141,Clifford (Cliff) Haley,49
General_2019,City Council,PE ELL,Pos. 4,1,< 25%,42,Kristi A. Milanowski,118,Don Webster,76
General_2019,City Council,PE ELL,Pos. 5,1,< 25%,19,Christopher Dodd,105,Marjorie (Midge) Church,86
General_2019,City Council,PORT ANGELES,Pos. 5,16,< 25%,2537,Charlie McCaughan,3726,Richard W. Robinson,1189
General_2019,City Council,PORT ANGELES,Pos. 7,16,< 25%,229,Brendan Meyer,2583,Martha Cunningham,2354
General_2019,City Council,PORT ANGELES,Pos. 6,16,> 50%,3,Navarra Carr,2532,Nina Napiontek,2529
General_2019,City Council,PORT ORCHARD,At-Large,36,< 25%,2179,Jay Rosapepe,2240,Write-In,61
General_2019,City Council,PORT ORCHARD,Pos. 1,36,< 25%,2145,Shawn Cucciardi,2210,Write-In,65
General_2019,City Council,PORT ORCHARD,Pos. 4,36,< 25%,1178,John Clauson,1885,Cody Morgan,707
General_2019,City Council,PORT ORCHARD,Pos. 5,36,< 25%,2128,Cindy Lucarelli,2197,Write-In,69
General_2019,City Council,PORT TOWNSEND,Pos. 3,9,< 25%,611,Monica MickHager,2538,Deborah Stinson,1927
General_2019,City Council,PORT TOWNSEND,Pos. 4,9,< 25%,2753,Owen Rowe,2753,Write-In,0
General_2019,City Council,PORT TOWNSEND,Pos. 6,9,< 25%,2018,Amy Howard,3086,Bernie Arthur,1068
General_2019,City Council,PORT TOWNSEND,Pos. 7,9,< 25%,1909,David J. Faber,2741,Tyler Myles Vega,832
General_2019,City Council,POULSBO,Pos. 1,29,< 25%,371,Andrew J.L. Phillips,1581,Dawn DeSalvo,1210
General_2019,City Council,POULSBO,Pos. 2,29,< 25%,2265,Connie Lord,2316,Write-In,51
General_2019,City Council,POULSBO,Pos. 3,29,< 25%,1568,Britt Livdahl,2249,Ricky D. Moon,681
General_2019,City Council,POULSBO,Pos. 4,29,< 25%,2268,Jeffrey McGinty,2303,Write-In,35
General_2019,City Council,POULSBO,Pos. 7,29,< 25%,2258,Gary McVey,2287,Write-In,29
General_2019,City Council,PRESCOTT,Pos. 3,0,< 25%,64,"Douglas (Doug) Venn, Sr.",69,Write-In,5
General_2019,City Council,PRESCOTT,Pos. 4,0,< 25%,78,Kathleen (Katie) Oliver,78,Write-In,0
General_2019,City Council,PRESCOTT,Pos. 5,0,< 25%,68,Brent Potts,72,Write-In,4
General_2019,City Council,PROSSER,Pos. 4,1,< 25%,222,Robert Elder,597,Robert McGraw,375
General_2019,City Council,PROSSER,Pos. 5,1,< 25%,712,Mary Ruth Edwards,744,Write-In,32
General_2019,City Council,PROSSER,Pos. 6,1,< 25%,725,Steven W Becken,753,Write-In,28
General_2019,City Council,PROSSER,Pos. 7,1,< 25%,709,Stephanie Groom,742,Write-In,33
General_2019,City Council,PULLMAN,Pos. 2,94,< 25%,480,Nathan Weller,489,Write-In,9
General_2019,City Council,PULLMAN,Pos. 3,94,< 25%,538,Pat Wright,551,Write-In,13
General_2019,City Council,PULLMAN,Pos. 6,94,> 50%,131,Eileen (mac) Macoll,2105,Francis A Benjamin,1974
General_2019,City Council,PULLMAN,Pos. 1,94,> 50%,93,Ann Parks,1438,Chris Johnson,1345
General_2019,City Council,PUYALLUP,Pos. 1,381,> 50%,174,Robin Farris,1662,Curtis Thiel,1488
General_2019,City Council,PUYALLUP,Pos. 1,381,> 50%,239,John Palmer,1980,Paul Herrera,1741
General_2019,City Council,PUYALLUP,At-Large,381,> 50%,69,Dean Johnson,5246,Heather Shadko,5177
General_2019,City Council,PUYALLUP,Pos. 1,381,25-50%,1051,Ned Witting,2325,Curt Gimmestad,1274
General_2019,City Council,QUINCY,Pos. 1,2,< 25%,569,Josey Ferguson,582,Write-In,13
General_2019,City Council,QUINCY,Pos. 3,2,< 25%,523,Thomas Lee Harris,550,Write-In,27
General_2019,City Council,QUINCY,Pos. 6,2,< 25%,541,Sonia O. Padron,562,Write-In,21
General_2019,City Council,QUINCY,Pos. 7,2,< 25%,538,"Christopher ""Dylan"" Kling",550,Write-In,12
General_2019,City Council,RAINIER,Pos. 2,6,< 25%,385,George Johnson,401,Write-In,16
General_2019,City Council,RAINIER,Pos. 4,6,< 25%,62,Ron Kemp,260,Write-In,198
General_2019,City Council,RAYMOND,Pos. 3,1,< 25%,455,Colby Rogers,479,Write-In,24
General_2019,City Council,RAYMOND,Pos. 6,1,< 25%,482,Ian Farrell,497,Write-In,15
General_2019,City Council,RAYMOND,Pos. 7,1,< 25%,461,Pam Nogueira Maneman,487,Write-In,26
General_2019,City Council,REARDAN,Pos. 1,0,< 25%,149,Gail E. Daniels,149,Write-In,0
General_2019,City Council,REARDAN,Pos. 2,0,< 25%,117,Clayton Soliday,145,Ted Hull,28
General_2019,City Council,REARDAN,Pos. 4,0,< 25%,154,Shad D. Vincent,154,Write-In,0
General_2019,City Council,REDMOND,Pos. 1,1561,> 50%,66,Varisha M. Khan,6666,Hank Myers,6600
General_2019,City Council,REDMOND,Pos. 3,1561,> 50%,1242,Jessica Forsythe,7164,Dayle 'Hank' Margeson,5922
General_2019,City Council,REDMOND,Pos. 7,1561,> 50%,821,David Carson,6858,Carlos Jimenez,6037
General_2019,City Council,REDMOND,Pos. 5,1561,25-50%,5524,Vanessa Kritzer,9311,Eugene Zakhareyev,3787
General_2019,City Council,RENTON,Pos. 4,1321,< 25%,7188,Ryan McIrvin,12787,Maria Spasikova,5599
General_2019,City Council,RENTON,Pos. 5,1321,< 25%,14430,Ed Prince,14685,Write-In,255
General_2019,City Council,RENTON,Pos. 7,1321,< 25%,5850,Kim-Khanh Van,12237,Thomas Trautmann,6387
General_2019,City Council,RENTON,Pos. 3,1321,> 50%,418,Valerie O'Halloran,9605,James Alberson,9187
General_2019,City Council,REPUBLIC,Pos. 1,2,< 25%,237,Loni Simone,242,Write-In,5
General_2019,City Council,REPUBLIC,Pos. 2,2,< 25%,22,April Drennan,150,Aaron R Agent,128
General_2019,City Council,RICHLAND,Pos. 2,223,< 25%,1529,Brad Anderson,8044,Shir Regev,6515
General_2019,City Council,RICHLAND,Pos. 5,223,< 25%,4281,Phillip R. Lemley,9545,Lisa Thomas,5264
General_2019,City Council,RICHLAND,Pos. 6,223,< 25%,1872,Terry Christensen,8076,Kyle Palmer,6204
General_2019,City Council,RICHLAND,Pos. 5,223,< 25%,2852,David M Fetto,2926,Write-In,74
General_2019,City Council,RICHLAND,Pos. 6,223,< 25%,2899,Fred Brink,2956,Write-In,57
General_2019,City Council,RICHLAND,Pos. 7,223,> 50%,422,Kate Moran,2188,Ken Stoker,1766
General_2019,City Council,RICHLAND,Pos. 1,223,25-50%,463,Bob Thompson,7589,Lillian (Randy) Slovic,7126
General_2019,City Council,RIDGEFIELD,Pos. 2,55,< 25%,393,Dana Ziemer,1254,Matt Swindell,861
General_2019,City Council,RIDGEFIELD,Pos. 3,55,< 25%,1466,Lee E. Wells,1518,Write-In,52
General_2019,City Council,RIDGEFIELD,Pos. 6,55,< 25%,1521,Jennifer Lindsay,1556,Write-In,35
General_2019,City Council,RIDGEFIELD,Pos. 7,55,< 25%,1208,Sandra Day,1641,Ronald Rowan,433
General_2019,City Council,RIDGEFIELD,Pos. 5,55,25-50%,208,Rob Aichele,1159,Darren Wertz,951
General_2019,City Council,RITZVILLE,Ward 1,0,< 25%,343,Dede Rawlings,359,Write-In,16
General_2019,City Council,RITZVILLE,Ward 2,0,< 25%,385,Debbie Chapman,395,Write-In,10
General_2019,City Council,RITZVILLE,Ward 4,0,< 25%,365,Dennis R. Chamberlain,384,Write-In,19
General_2019,City Council,RIVERSIDE,Pos. 4,1,< 25%,51,Sandra Schneider,51,Write-In,0
General_2019,City Council,ROCK ISLAND,Pos. 1,1,< 25%,77,Tara Whaley,89,Write-In,12
General_2019,City Council,ROCK ISLAND,Pos. 5,1,< 25%,83,Carmen Andonaegui,93,Write-In,10
General_2019,City Council,ROSALIA,Pos. 2,0,< 25%,115,John Hale,126,Write-In,11
General_2019,City Council,ROSALIA,Pos. 4,0,< 25%,42,Janet Meier Strohl,109,Robert Ward,67
General_2019,City Council,ROSLYN,Pos. 1,0,< 25%,103,Derek Gruber,248,Jim G Guerci,145
General_2019,City Council,ROSLYN,Pos. 2,0,< 25%,187,Geoff Scherer,269,Dave Tylor,82
General_2019,City Council,ROSLYN,Pos. 4,0,< 25%,111,Cathy Cook,262,Jennifer Basterrechea-Atela,151
General_2019,City Council,ROSLYN,Pos. 6,0,< 25%,15,Tom Missel,210,Doug Kilgore,195
General_2019,City Council,ROSLYN,Pos. 7,0,< 25%,247,Nolan Walter Weis,268,Write-In,21
General_2019,City Council,ROY,Pos. 2,4,< 25%,501,JAMES R. FUCHS,519,Write-In,18
General_2019,City Council,ROY,Pos. 3,4,< 25%,532,ADAM HODGES,538,Write-In,6
General_2019,City Council,ROY,Pos. 1,4,< 25%,558,K. MIKE CASSETTO,564,Write-In,6
General_2019,City Council,ROY,Pos. 2,4,< 25%,108,Yvonne Starks,118,Write-In,10
General_2019,City Council,ROY,Pos. 3,4,< 25%,108,Shane Crisler,117,Write-In,9
General_2019,City Council,ROY,Pos. 4,4,< 25%,112,Harvey L. Gilchrist,119,Write-In,7
General_2019,City Council,ROY,Pos. 2,4,< 25%,81,Perla M Garcia,81,Write-In,0
General_2019,City Council,ROY,Pos. 3,4,< 25%,79,Hector Rodriguez,79,Write-In,0
General_2019,City Council,ROY,Pos. 4,4,< 25%,84,Mackenzee Brown Anderson,85,Write-In,1
General_2019,City Council,RUSTON,Pos. 3,4,< 25%,255,James Hedrick,278,Write-In,23
General_2019,City Council,RUSTON,Pos. 5,4,< 25%,250,Lynn Syler,272,Write-In,22
General_2019,City Council,SAMMAMISH,Pos. 2,908,< 25%,5259,Christie Malchow,11760,Karen McKnight,6501
General_2019,City Council,SAMMAMISH,Pos. 6,908,< 25%,4653,Ken Gamblin,11596,Rituja Indapure,6943
General_2019,City Council,SAMMAMISH,Pos. 4,908,25-50%,3048,Kent Treen,10627,Karen Howe,7579
General_2019,City Council,SEATAC,Pos. 1,1163,> 50%,155,Senayet Negusse,2721,Tony Anderson,2566
General_2019,City Council,SEATAC,Pos. 3,1163,> 50%,665,Peter Kwon,2961,Damiana Merryweather,2296
General_2019,City Council,SEATAC,Pos. 5,1163,> 50%,277,Takele Gobena,2785,Stan Tombs,2508
General_2019,City Council,SEATAC,Pos. 7,1163,> 50%,777,Erin Sitterley,3036,Mohamed Ali Egal,2259
General_2019,City Council,SEATTLE,District 1,8052,> 50%,4246,Lisa Herbold,20033,Phil Tavel,15787
General_2019,City Council,SEATTLE,District 2,8052,> 50%,5793,Tammy Morales,16379,Mark Solomon,10586
General_2019,City Council,SEATTLE,District 3,8052,> 50%,1775,Kshama Sawant,22263,Egan Orion,20488
General_2019,City Council,SEATTLE,District 4,8052,> 50%,1386,Alex Pedersen,16954,Shaun Scott,15568
General_2019,City Council,SEATTLE,District 5,8052,> 50%,6944,Debora Juarez,19532,Ann Davison Sattler,12588
General_2019,City Council,SEATTLE,District 6,8052,> 50%,5069,Dan Strauss,23868,Heidi Wills,18799
General_2019,City Council,SEATTLE,District 7,8052,> 50%,2214,Andrew J. Lewis,18336,Jim Pugel,16122
General_2019,City Council,SEDRO-WOOLLEY,Ward 1,5,< 25%,39,Brendan McGoffin,159,Dave Bates,120
General_2019,City Council,SEDRO-WOOLLEY,Ward 4,5,< 25%,80,Glenn Allen,264,Pola Kelley,184
General_2019,City Council,SEDRO-WOOLLEY,Ward 5,5,< 25%,118,Charles (Chuck) Owen,327,Corrin Hamburg,209
General_2019,City Council,SELAH,Pos. 1,9,< 25%,1122,Kevin Wickenhagen,1141,Write-In,19
General_2019,City Council,SELAH,Pos. 3,9,< 25%,1127,Jeremy Burke,1145,Write-In,18
General_2019,City Council,SELAH,Pos. 4,9,< 25%,352,Clifford Peterson,875,Buffy Ibach,523
General_2019,City Council,SELAH,Pos. 5,9,< 25%,575,Roger L. Bell,999,Ellen Overby,424
General_2019,City Council,SELAH,Pos. 6,9,< 25%,1110,Dave Kearby,1138,Write-In,28
General_2019,City Council,SELAH,Pos. 7,9,< 25%,656,Russell Carlson,1023,Crispin Garza,367
General_2019,City Council,SEQUIM,Pos. 1,19,< 25%,2002,William Armacost,2038,Write-In,36
General_2019,City Council,SEQUIM,Pos. 2,19,< 25%,1496,Jennifer States,1844,Write-In,348
General_2019,City Council,SEQUIM,Pos. 6,19,< 25%,1983,Troy Tenneson,2016,Write-In,33
General_2019,City Council,SEQUIM,Pos. 7,19,< 25%,1912,Tom Ferrell,1947,Write-In,35
General_2019,City Council,SHELTON,Pos. 1,20,< 25%,121,James Boad,836,George W. Blush,715
General_2019,City Council,SHELTON,Pos. 2,20,< 25%,167,Kathy McDowell,897,Dean Jewett,730
General_2019,City Council,SHELTON,Pos. 5,20,< 25%,1227,Deidre Peterson,1270,Write-In,43
General_2019,City Council,SHORELINE,Pos. 2,580,< 25%,6110,Keith Patrick Scully,11427,Vivian Collica,5317
General_2019,City Council,SHORELINE,Pos. 6,580,< 25%,9065,Betsy Robertson,12848,Luis Berbesi,3783
General_2019,City Council,SHORELINE,Pos. 4,580,> 50%,391,Doris McConnell,8794,David Chen,8403
General_2019,City Council,SKYKOMISH,Pos. 1,0,< 25%,45,Todd Brunner,49,Write-In,4
General_2019,City Council,SKYKOMISH,Pos. 3,0,< 25%,53,Larry Johnson,56,Write-In,3
General_2019,City Council,SKYKOMISH,Pos. 5,0,< 25%,51,Gene A. Egan,55,Write-In,4
General_2019,City Council,SNOHOMISH,Pos. 1,227,< 25%,1183,Donna Ray,1794,Marc Crawford,611
General_2019,City Council,SNOHOMISH,Pos. 3,227,< 25%,1970,Jason Sanders,2012,Write-In,42
General_2019,City Council,SNOHOMISH,Pos. 2,227,25-50%,479,Judith Kuleta,1513,Elizabeth Larsen,1034
General_2019,City Council,SNOQUALMIE,Pos. 6,160,< 25%,650,Sean Sundwall,2215,William E. Donaldson,1565
General_2019,City Council,SNOQUALMIE,Pos. 4,160,> 50%,145,James Mayhew,1987,Fuzzy Fletcher,1842
General_2019,City Council,SNOQUALMIE,Pos. 2,160,25-50%,389,Katherine Ross,2080,Elaine Armstrong,1691
General_2019,City Council,SOAP LAKE,Pos. 1,2,< 25%,9,William (Marshall Signs),189,Megan Gould,180
General_2019,City Council,SOAP LAKE,Pos. 2,2,< 25%,30,Douglas Bill Bratton,207,Kat Sanderson,177
General_2019,City Council,SOAP LAKE,Pos. 5,2,< 25%,30,Andrew Arnold,198,Steve Wellein,168
General_2019,City Council,SOAP LAKE,Pos. 6,2,< 25%,266,Michelle R Agliano,281,Write-In,15
General_2019,City Council,SOAP LAKE,Pos. 7,2,> 50%,2,JoAnn Rushton,190,Judith Gorman,188
General_2019,City Council,SOUTH,Pos. 1,0,< 25%,85,Wyatt Kuiken,292,Daryle Buchanan,207
General_2019,City Council,SOUTH,Pos. 2,0,< 25%,319,Darren Manlow,413,Craig Spredeman,94
General_2019,City Council,SOUTH,Pos. 1,0,< 25%,72,Anthony (Tony) Caldwell,84,Write-In,12
General_2019,City Council,SOUTH,Pos. 2,0,< 25%,86,Carolyn Norris,91,Write-In,5
General_2019,City Council,SOUTH,Pos. 3,0,< 25%,76,Timothy Trent,81,Write-In,5
General_2019,City Council,SOUTH,Pos. 4,0,< 25%,80,Barbara A. Wigton,87,Write-In,7
General_2019,City Council,SPANGLE,Pos. 3,0,< 25%,37,Dana Pendergrass,46,Write-In,9
General_2019,City Council,SPANGLE,Pos. 4,0,< 25%,66,Clyde J. Sample,69,Write-In,3
General_2019,City Council,SPANGLE,Pos. 5,0,< 25%,60,Steven Anderson,63,Write-In,3
General_2019,City Council,SPOKANE,District 2,708,< 25%,9670,Lori Kinnear,17849,Tony Kiepe,8179
General_2019,City Council,SPOKANE,District 1,708,> 50%,852,Michael Cathcart,6445,Tim Benn,5593
General_2019,City Council,SPOKANE,District 3,708,> 50%,434,Karen J. Stratton,11921,Andy Rathbun,11487
General_2019,City Council,SPOKANE,President,708,> 50%,957,Breean L. Beggs,33595,Cindy Wendle,32638
General_2019,City Council,SPOKANE,Pos. 2,708,> 50%,426,Brandi Peetz,11247,Michelle Rasmussen,10821
General_2019,City Council,SPOKANE,Pos. 6,708,> 50%,1244,Tim Hattenburg,11695,Bo Tucker,10451
General_2019,City Council,SPOKANE,Pos. 3,708,25-50%,2215,Arne Woodard,12029,Lance Gurel,9814
General_2019,City Council,SPRAGUE,Pos. 3,1,< 25%,108,Rose (Rocky) Henson,108,Write-In,0
General_2019,City Council,SPRAGUE,Pos. 4,1,< 25%,103,Dustin Monen,103,Write-In,0
General_2019,City Council,SPRAGUE,Pos. 5,1,< 25%,91,Trace DeGarmo,91,Write-In,0
General_2019,City Council,SPRINGDALE,Pos. 2,4,< 25%,42,Kathryn Fraley,47,Write-In,5
General_2019,City Council,SPRINGDALE,Pos. 3,4,< 25%,45,Elisanne McCutchen,49,Write-In,4
General_2019,City Council,SPRINGDALE,Pos. 4,4,< 25%,17,Harold Love,41,Jeff Burris,24
General_2019,City Council,SPRINGDALE,Pos. 5,4,< 25%,52,Royce M. Lynch,53,Write-In,1
General_2019,City Council,ST.,Pos. 1,0,< 25%,178,Lydia Smith,180,Write-In,2
General_2019,City Council,ST.,Pos. 2,0,< 25%,193,Denny Hinds,194,Write-In,1
General_2019,City Council,STANWOOD,Pos. 3,24,< 25%,1348,Elizabeth Callaghan,1375,Write-In,27
General_2019,City Council,STANWOOD,Pos. 4,24,< 25%,1354,Timothy Pearce,1377,Write-In,23
General_2019,City Council,STANWOOD,Pos. 5,24,< 25%,355,Steve Shepro,1064,Lawrence (Larry) A. Sather,709
General_2019,City Council,STANWOOD,Pos. 6,24,< 25%,543,Sid Roberts,1157,Marcus Metz,614
General_2019,City Council,STARBUCK,Pos. 1,0,< 25%,44,Zonia Dedloff,46,Write-In,2
General_2019,City Council,STARBUCK,Pos. 3,0,< 25%,21,Write-In,37,Chariety Lynn Chamberlain,16
General_2019,City Council,STARBUCK,Pos. 5,0,< 25%,45,Denard Harstad,48,Write-In,3
General_2019,City Council,STARBUCK,Pos. 2,0,< 25%,38,Deb Cade,40,Write-In,2
General_2019,City Council,STEILACOOM,Pos. 4,12,< 25%,1796,Nancy E. Henderson,1832,Write-In,36
General_2019,City Council,STEILACOOM,Pos. 5,12,< 25%,1716,Fred Crumley,1757,Write-In,41
General_2019,City Council,STEVENSON,Pos. 3,2,< 25%,275,Paul Hendricks,292,Write-In,17
General_2019,City Council,STEVENSON,Pos. 4,2,< 25%,292,Annie McHale,308,Write-In,16
General_2019,City Council,STEVENSON,Pos. 5,2,< 25%,273,Matthew Knudsen,289,Write-In,16
General_2019,City Council,SULTAN,Pos. 2,23,< 25%,131,Stephanie Aldrich,627,Marianne Naslund,496
General_2019,City Council,SULTAN,Pos. 4,23,< 25%,181,Calei Vaughn,652,Kenneth Marshall,471
General_2019,City Council,SULTAN,Pos. 5,23,< 25%,827,Joe Neigel,853,Write-In,26
General_2019,City Council,SULTAN,Pos. 7,23,< 25%,820,"Jeffrey Beeler, Sr.",848,Write-In,28
General_2019,City Council,SUMAS,Pos. 5,3,< 25%,42,Jesse Clawson,190,Gary DeBont,148
General_2019,City Council,SUMAS,Pos. 3,3,< 25%,0,Deborah Morgan,176,Todd Daniels,176
General_2019,City Council,SUMNER,Pos. 4,16,< 25%,1632,Patrick Reed,1684,Write-In,52
General_2019,City Council,SUMNER,Pos. 5,16,< 25%,1603,Cindi Hochstatter,1660,Write-In,57
General_2019,City Council,SUMNER,Pos. 6,16,< 25%,1624,Curt Brown,1671,Write-In,47
General_2019,City Council,SUMNER,Pos. 7,16,> 50%,7,Charla Rae Neuman,1095,Earle Stuard,1088
General_2019,City Council,SUNNYSIDE,Pos. 6,13,< 25%,783,James (Jim) A. Restucci,822,Write-In,39
General_2019,City Council,SUNNYSIDE,Pos. 7,13,< 25%,138,Craig Hicks,596,Betty Lynn Garza,458
General_2019,City Council,SUNNYSIDE,Pos. 5,13,> 50%,1,Mike Farmer,539,Julia Hart,538
General_2019,City Council,TACOMA,Pos. 7,695,< 25%,17032,Conor McCarthy,29931,Courtney Love,12899
General_2019,City Council,TACOMA,Pos. 8,695,< 25%,8095,Kristina Walker,25323,John O'Loughlin,17228
General_2019,City Council,TACOMA,Distict 1,695,> 50%,440,John Hines,6672,Nathe Lawver,6232
General_2019,City Council,TACOMA,Distict 3,695,25-50%,2018,Keith Blocker,4476,David Combs,2458
General_2019,City Council,TEKOA,Pos. 1,0,< 25%,181,Mary LaSalle,187,Write-In,6
General_2019,City Council,TEKOA,Pos. 2,0,< 25%,159,Alyssa Heagy,167,Write-In,8
General_2019,City Council,TEKOA,Pos. 3,0,< 25%,5,John Jaeger,127,Bethany Fletcher,122
General_2019,City Council,TEKOA,Pos. 5,0,< 25%,30,B.J. Sperber,136,Pete Martin,106
General_2019,City Council,TEKOA,Pos. 7,0,< 25%,195,David Tysz,201,Write-In,6
General_2019,City Council,TENINO,Pos. 2,8,< 25%,337,David Watterson,345,Write-In,8
General_2019,City Council,TENINO,Pos. 5,8,< 25%,320,Rachel L. Davidson,331,Write-In,11
General_2019,City Council,TIETON,Pos. 4,0,< 25%,72,Amy Oberrender,81,Write-In,9
General_2019,City Council,TIETON,Pos. 5,0,< 25%,80,Jacqueline Williams,81,Write-In,1
General_2019,City Council,TOLEDO,Pos. 1,0,< 25%,132,Emily Morgan,137,Write-In,5
General_2019,City Council,TOLEDO,Pos. 2,0,< 25%,154,Ron Neumann,154,Write-In,0
General_2019,City Council,TOLEDO,Pos. 3,0,< 25%,53,Carol A. Hill,115,Gary Reboin,62
General_2019,City Council,TOLEDO,Pos. 4,0,< 25%,140,Glenda Forga,143,Write-In,3
General_2019,City Council,TOLEDO,Pos. 5,0,< 25%,139,Guy Spratt,142,Write-In,3
General_2019,City Council,TONASKET,Pos. 2,1,< 25%,89,Jeff McMillan,164,Deanna Swallom,75
General_2019,City Council,TONASKET,Pos. 4,1,< 25%,29,Alisa Weddle,142,George Hill,113
General_2019,City Council,TONASKET,Pos. 5,1,< 25%,157,Marylou Kriner,174,Write-In,17
General_2019,City Council,TOPPENISH,Pos. 5,5,< 25%,591,George J. Garcia,601,Write-In,10
General_2019,City Council,TOPPENISH,Pos. 6,5,< 25%,211,Naila Prieto-Duval,455,Randy Taylor,244
General_2019,City Council,TOPPENISH,Pos. 7,5,< 25%,597,Loren O. Belton,611,Write-In,14
General_2019,City Council,TUKWILA,Pos. 2,938,> 50%,942,Kathy Hougardy,2094,Nancy J. Manos,1152
General_2019,City Council,TUKWILA,Pos. 4,938,> 50%,503,Cynthia Delostrinos Johnson,1903,Dennis Martinez,1400
General_2019,City Council,TUKWILA,Pos. 6,938,> 50%,271,Kate Kruller,1749,Tosh Sharp,1478
General_2019,City Council,TUMWATER,Pos. 1,47,< 25%,1859,Leatta Dahlhoff,4006,Pamela J. Hanson,2147
General_2019,City Council,TUMWATER,Pos. 2,47,< 25%,4707,Tom Oliva,4846,Write-In,139
General_2019,City Council,TUMWATER,Pos. 3,47,< 25%,1125,Joan Cathey,3704,Michael Pavlich,2579
General_2019,City Council,TUMWATER,Pos. 7,47,< 25%,789,Charles (Charlie) Schneider,3525,Neil A. McClanahan,2736
General_2019,City Council,TWISP,Pos. 1,0,< 25%,252,Hannah Cordes,255,Write-In,3
General_2019,City Council,TWISP,Pos. 3,0,< 25%,183,Alan Caswell,281,Leone C. Edson,98
General_2019,City Council,TWISP,Pos. 4,0,< 25%,164,Mark Easton,267,Kevin K. Hickman,103
General_2019,City Council,TWISP,Pos. 5,0,< 25%,265,Hans Smith,273,Write-In,8
General_2019,City Council,UNION GAP,Pos. 4,2,< 25%,533,Jack Galloway,539,Write-In,6
General_2019,City Council,UNION GAP,Pos. 6,2,< 25%,513,Julie Schilling,532,Write-In,19
General_2019,City Council,UNION GAP,Pos. 5,2,> 50%,2,David O. Hansen,308,David W. Matson,306
General_2019,City Council,UNIONTOWN,Pos. 1,0,< 25%,43,Mike Shore,81,John G Jacobs,38
General_2019,City Council,UNIONTOWN,Pos. 2,0,< 25%,97,Brian Davies,100,Write-In,3
General_2019,City Council,UNIONTOWN,Pos. 5,0,< 25%,30,Sam Kimble,74,Ray Heitstuman,44
General_2019,City Council,UNIONTOWN,Pos. 4,0,< 25%,0,Jack Espy,57,Jonathan Musson,57
General_2019,City Council,UNIVERSITY PLACE,Pos. 2,236,< 25%,2813,Kent D. Keel,5697,Betsy Tainer,2884
General_2019,City Council,UNIVERSITY PLACE,Pos. 7,236,< 25%,2276,Caroline Belleci,5262,Rebecca Clark,2986
General_2019,City Council,UNIVERSITY PLACE,Pos. 6,236,> 50%,299,Stan Flemming,4484,Edward A. Wood,4185
General_2019,City Council,VADER,Pos. 1,2,< 25%,23,Donna Rogers,82,Kevin Flynn,59
General_2019,City Council,VADER,Pos. 5,2,< 25%,96,Samantha Lovelady,105,Write-In,9
General_2019,City Council,VADER,Pos. 4,2,25-50%,7,Mike Parsons,74,Janet M. Charlton,67
General_2019,City Council,VANCOUVER,Pos. 2,947,< 25%,14147,Erik Paulsen,21905,Maureen McGoldrick,7758
General_2019,City Council,VANCOUVER,Pos. 4,947,< 25%,21782,Bart Hansen,22480,Write-In,698
General_2019,City Council,VANCOUVER,Pos. 5,947,< 25%,8668,Ty Stober,19502,David Regan,10834
General_2019,City Council,VANCOUVER,Pos. 6,947,< 25%,10603,Sarah Fox,20414,Jeanne E. Stewart,9811
General_2019,City Council,WALLA WALLA,Pos. 4,26,< 25%,727,G (Ted) Koehler,3459,James Powell,2732
General_2019,City Council,WALLA WALLA,Pos. 5,26,< 25%,771,Susan Smiley-Nakonieczny,3462,Sharon Kay Schiller,2691
General_2019,City Council,WALLA WALLA,Pos. 6,26,< 25%,5029,Tom Scribner,5155,Write-In,126
General_2019,City Council,WALLA WALLA,Pos. 7,26,< 25%,2508,Steve Moss,4588,Julian Saturno,2080
General_2019,City Council,WAPATO,Pos. 1,5,< 25%,214,Chuck Stephens,270,Timothy James Roa,56
General_2019,City Council,WAPATO,Pos. 2,5,< 25%,149,Jesse Farias,239,Edwin Andrade,90
General_2019,City Council,WAPATO,Pos. 4,5,< 25%,76,Margaret Estrada,206,Doug Milne,130
General_2019,City Council,WAPATO,Pos. 6,5,< 25%,115,Judith Owens-Canapo,221,"Rosemary ""Rosie"" Reyes",106
General_2019,City Council,WAPATO,Pos. 7,5,< 25%,22,Caroline Solis,174,Karina M. Lara,152
General_2019,City Council,WAPATO,Pos. 5,5,> 50%,1,Frances M. Ayres,163,Tony Guzm√°n,162
General_2019,City Council,WARDEN,Pos. 1,0,< 25%,120,Amalia (Emily) Campos,121,Write-In,1
General_2019,City Council,WARDEN,Pos. 3,0,< 25%,114,Omar Pruneda,115,Write-In,1
General_2019,City Council,WARDEN,Pos. 4,0,< 25%,119,Rosaelia (Rosie) Martinez,120,Write-In,1
General_2019,City Council,WARDEN,Pos. 5,0,< 25%,114,Lori Watson-Esparza,115,Write-In,1
General_2019,City Council,WASHOUGAL,Pos. 2,41,< 25%,2264,Michelle C. Wagner,2326,Write-In,62
General_2019,City Council,WASHOUGAL,Pos. 4,41,< 25%,2132,Alexandra Yost,2223,Write-In,91
General_2019,City Council,WASHOUGAL,Pos. 5,41,< 25%,1636,Ray Kutch,2348,Denise Korhonen,712
General_2019,City Council,WASHOUGAL,Pos. 7,41,< 25%,2187,Ernie Suggs,2263,Write-In,76
General_2019,City Council,WASHTUCNA,Pos. 1,0,< 25%,62,Carol Thompson,62,Write-In,0
General_2019,City Council,WASHTUCNA,Pos. 2,0,< 25%,42,Catherine Blankenship,48,Write-In,6
General_2019,City Council,WASHTUCNA,Pos. 4,0,< 25%,44,Frederic A. Blauert,50,Write-In,6
General_2019,City Council,WATERVILLE,Pos. 1,0,< 25%,343,Michael J. Davies,353,Write-In,10
General_2019,City Council,WATERVILLE,Pos. 3,0,< 25%,76,Cody Preugschat,273,Joanne Fragner,197
General_2019,City Council,WATERVILLE,Pos. 4,0,< 25%,259,Jammie Peterson,306,Write-In,47
General_2019,City Council,WATERVILLE,Pos. 5,0,< 25%,350,Joyce Huber,355,Write-In,5
General_2019,City Council,WAVERLY,Pos. 1,0,< 25%,20,Cliff Curtis,24,Write-In,4
General_2019,City Council,WAVERLY,Pos. 3,0,< 25%,24,Devin Billington,28,Write-In,4
General_2019,City Council,WAVERLY,Pos. 5,0,< 25%,19,Breeanna Killstrom,22,Write-In,3
General_2019,City Council,WENATCHEE,Pos. 1,36,< 25%,2145,John D. Sterk,2177,Write-In,32
General_2019,City Council,WENATCHEE,Pos. 2,36,< 25%,2115,Harry Raab,2155,Write-In,40
General_2019,City Council,WENATCHEE,Pos. 5,36,< 25%,2082,Shayne L. Magdoff,2108,Write-In,26
General_2019,City Council,WENATCHEE,Pos. 6,36,< 25%,750,Christine Johnson,1709,Marl Kane,959
General_2019,City Council,WENATCHEE,At-Large,36,< 25%,1493,Linda Herald,4349,Jorge R. Chac√≥n,2856
General_2019,City Council,WENATCHEE,District 5,36,< 25%,1287,Mark Kulaas,1311,Write-In,24
General_2019,City Council,WENATCHEE,District 1,36,25-50%,122,Jose Luis Cuevas,311,Roberto Vargas-Mata,189
General_2019,City Council,WENATCHEE,District 4,36,25-50%,121,Travis Hornby,523,Melanie Wachholder,402
General_2019,City Council,WESTPORT,Pos. 2,1,< 25%,377,Robert N. Parnell,390,Write-In,13
General_2019,City Council,WESTPORT,Pos. 5,1,< 25%,48,Rose Jensen,266,Kathryn Franzen,218
General_2019,City Council,WHITE SALMON,Pos. 1,2,< 25%,443,Ashley Post,461,Write-In,18
General_2019,City Council,WHITE SALMON,Pos. 2,2,< 25%,465,David Lindley,476,Write-In,11
General_2019,City Council,WILBUR,Pos. 1,0,< 25%,115,Nichole Curtis,219,David L. Wells,104
General_2019,City Council,WILBUR,Pos. 3,0,< 25%,186,John Hanon,255,Stephanie M. Wells,69
General_2019,City Council,WILBUR,Pos. 4,0,< 25%,298,Roy Scheibner,298,Write-In,0
General_2019,City Council,WILBUR,Pos. 5,0,< 25%,284,Kent Anderson,284,Write-In,0
General_2019,City Council,WILKESON,Pos. 1,0,< 25%,104,Jennifer Kramer,110,Write-In,6
General_2019,City Council,WILKESON,Pos. 4,0,< 25%,99,Bill Summers,108,Write-In,9
General_2019,City Council,WILKESON,Pos. 5,0,< 25%,116,Rick Sellers,119,Write-In,3
General_2019,City Council,WILSON,Pos. 1,0,< 25%,52,Keith Jensen,57,Write-In,5
General_2019,City Council,WILSON,Pos. 2,0,< 25%,46,Debbie Moore,52,Write-In,6
General_2019,City Council,WINLOCK,Pos. 1,3,< 25%,126,Brandon Svenson,206,Paul Mc Millan,80
General_2019,City Council,WINLOCK,Pos. 2,3,< 25%,62,Eric Contreras,183,Jeramy Allman,121
General_2019,City Council,WINLOCK,Pos. 3,3,< 25%,76,Lonnie J. Dowell,195,Jodie Curtis,119
General_2019,City Council,WINLOCK,Pos. 5,3,< 25%,220,Anne Randt,248,Write-In,28
General_2019,City Council,WINTHROP,Pos. 3,0,< 25%,148,Ben Nelson,154,Write-In,6
General_2019,City Council,WINTHROP,Pos. 4,0,< 25%,150,William Kilby,155,Write-In,5
General_2019,City Council,WINTHROP,Pos. 5,0,< 25%,161,William McAdow,165,Write-In,4
General_2019,City Council,WOODINVILLE,Pos. 2,384,< 25%,2210,Les Rubstello,2274,Write-In,64
General_2019,City Council,WOODINVILLE,Pos. 4,384,< 25%,2374,Elaine Cook,2427,Write-In,53
General_2019,City Council,WOODINVILLE,Pos. 6,384,> 50%,23,Al Taylor,1667,Nicolas Duchastel,1644
General_2019,City Council,WOODINVILLE,Pos. 7,384,> 50%,37,Gary Harris,1682,Paul Hagen,1645
General_2019,City Council,WOODLAND,Pos. 4,9,< 25%,166,Karl Chapman,661,Keith Bellisle,495
General_2019,City Council,WOODLAND,Pos. 5,9,< 25%,114,DeeAnna Holland,674,Scott Peabody,560
General_2019,City Council,WOODLAND,Pos. 7,9,< 25%,834,Monte Smith,874,Write-In,40
General_2019,City Council,WOODWAY,Pos. 2,11,< 25%,410,Mike Quinn,414,Write-In,4
General_2019,City Council,WOODWAY,Pos. 3,11,< 25%,394,Brian Bogen,399,Write-In,5
General_2019,City Council,WOODWAY,Pos. 4,11,< 25%,55,Andrew DeDonker,265,Thomas Howard,210
General_2019,City Council,WOODWAY,Pos. 5,11,< 25%,385,Elizabeth Mitchell,393,Write-In,8
General_2019,City Council,YACOLT,Pos. 1,1,< 25%,129,Amy Boget,169,Write-In,40
General_2019,City Council,YACOLT,Pos. 2,1,< 25%,125,Michelle Dawson,189,Write-In,64
General_2019,City Council,YACOLT,Pos. 4,1,< 25%,199,Herbert Noble,212,Write-In,13
General_2019,City Council,YACOLT,Pos. 5,1,< 25%,139,Marina Viray,200,Rhonda Rowe-Tice,61
General_2019,City Council,YAKIMA,District 7,161,< 25%,1399,Holly N. Cousens,2110,Sarah Towell,711
General_2019,City Council,YAKIMA,District 1,161,> 50%,27,Eliana Macias,380,Kenton Gartrell,353
General_2019,City Council,YAKIMA,District 3,161,25-50%,337,Patricia Byers,1170,Thomas B. Sund,833
General_2019,City Council,YAKIMA,District 5,161,25-50%,362,Soneya Lund,1339,Liz Hallock,977
General_2019,City Council,YARROW POINT,Pos. 2,8,< 25%,288,Carl Scandella,291,Write-In,3
General_2019,City Council,YARROW POINT,Pos. 4,8,< 25%,286,Andrew Valaas,289,Write-In,3
General_2019,City Council,YELM,Pos. 2,18,< 25%,597,Molly Carmody,955,Cameron (Calamity) Jayne,358
General_2019,City Council,YELM,Pos. 6,18,< 25%,404,Joe DePinto,881,Matthew McLellan,477
General_2019,City Council,YELM,Pos. 1,18,> 50%,30,James Blair,693,Ej Curry,663
General_2019,City Council,ZILLAH,Pos. 3,1,< 25%,482,Douglas Stewart,485,Write-In,3
General_2019,City Council,ZILLAH,Pos. 4,1,< 25%,463,Janice Gonzales,466,Write-In,3
General_2019,City Council,ZILLAH,Pos. 5,1,< 25%,476,Beth Husted,477,Write-In,1
General_2017,City Council,ABERDEEN,Pos. 2,11,< 25%,56,Tawni Andrews,184,Dick Murchy,128
General_2017,City Council,ABERDEEN,Pos. 4,11,< 25%,219,John J. Maki,219,,0
General_2017,City Council,ABERDEEN,Pos. 5,11,< 25%,334,Tim Alstrom,334,,0
General_2017,City Council,ABERDEEN,Pos. 7,11,< 25%,330,Karen Rowe,475,Janae M. Chhith,145
General_2017,City Council,ABERDEEN,Pos. 11,11,< 25%,234,Frank Gordon,234,,0
General_2017,City Council,ABERDEEN,Pos. 10,11,> 50%,2,Robert Jerrick Rodgers,75,Alan Richrod,73
General_2017,City Council,AIRWAY HEIGHTS,Pos. 1,15,< 25%,431,Kevin Richey,431,,0
General_2017,City Council,AIRWAY HEIGHTS,Pos. 2,15,< 25%,427,Steven Lawrence,427,,0
General_2017,City Council,AIRWAY HEIGHTS,Pos. 4,15,< 25%,101,James (Sonny) Weathers,289,Jared Lacambra,188
General_2017,City Council,AIRWAY HEIGHTS,Pos. 6,15,< 25%,428,Doyle Inman,428,,0
General_2017,City Council,ALBION,Pos. 3,0,< 25%,25,Rhonda J Anderson,67,Sandra Arbini,42
General_2017,City Council,ALBION,Pos. 4,0,< 25%,4,Crystle L Morgan,57,Bruce Kenoyer II,53
General_2017,City Council,ALGONA,Pos. 2,10,< 25%,274,Lynda L. Osborn,274,,0
General_2017,City Council,ALGONA,Pos. 4,10,< 25%,264,Dawn M. Dofelmire,264,,0
General_2017,City Council,ALMIRA,Pos. 3,0,< 25%,95,Marvin Clinesmith,95,,0
General_2017,City Council,ALMIRA,Pos. 4,0,< 25%,92,Jason Evers,92,,0
General_2017,City Council,ALMIRA,Pos. 5,0,< 25%,10,C. Payne-Ferris,53,Gene Scammon,43
General_2017,City Council,ANACORTES,Pos. 4,23,< 25%,990,Matt Miller,3218,Sara Holahan,2228
General_2017,City Council,ANACORTES,Pos. 5,23,< 25%,3161,Bruce McDougall,4101,John W. Schryvers,940
General_2017,City Council,ANACORTES,Pos. 6,23,< 25%,4091,Elizabeth (Liz) Lovelett,4091,,0
General_2017,City Council,ANACORTES,Pos. 7,23,< 25%,3964,Anthony Young,3964,,0
General_2017,City Council,ARLINGTON,Pos. 1,52,< 25%,276,Jesica Stickles,1629,Craig Christianson,1353
General_2017,City Council,ARLINGTON,Pos. 2,52,< 25%,1216,Joshua Roundy,2037,Chris Raezer,821
General_2017,City Council,ARLINGTON,Pos. 3,52,< 25%,2425,Debora Nelson,2425,,0
General_2017,City Council,ARLINGTON,Pos. 7,52,< 25%,2316,Jan Schuette,2316,,0
General_2017,City Council,ASOTIN,Pos. 3,0,< 25%,219,George Tucker,219,,0
General_2017,City Council,ASOTIN,Pos. 4,0,< 25%,230,Mervin A. Schneider,230,,0
General_2017,City Council,ASOTIN,Pos. 5,0,< 25%,238,Joe Appleton,238,,0
General_2017,City Council,AUBURN,Pos. 2,999,< 25%,8832,Claude DaCorsi,8832,,0
General_2017,City Council,AUBURN,Pos. 4,999,< 25%,8644,Yolanda C. Trout,8644,,0
General_2017,City Council,AUBURN,Pos. 6,999,25-50%,2971,Larry Brown,7084,Mike Kahler,4113
General_2017,City Council,BAINBRIDGE ISLAND,Pos. 3,33,< 25%,1479,Matthew Tirman,5078,Theodore (Ted) Jones,3599
General_2017,City Council,BAINBRIDGE ISLAND,Pos. 5,33,< 25%,1487,Rasham Nassar,5253,Wayne Roth,3766
General_2017,City Council,BAINBRIDGE ISLAND,Pos. 7,33,< 25%,2755,Joe Deets,5808,Kevin Fetterly,3053
General_2017,City Council,BATTLE GROUND,Pos. 1,22,< 25%,1519,Brian D. Munson,1519,,0
General_2017,City Council,BATTLE GROUND,Pos. 4,22,< 25%,1557,Adrian E. Cortes,1557,,0
General_2017,City Council,BATTLE GROUND,Pos. 5,22,< 25%,1568,Mike Dalesandro,1568,,0
General_2017,City Council,BATTLE GROUND,Pos. 6,22,< 25%,1570,Cherish DesRochers,1570,,0
General_2017,City Council,BEAUX ARTS,Pos. 1,3,< 25%,108,Aletha Howes,108,,0
General_2017,City Council,BEAUX ARTS,Pos. 3,3,< 25%,104,Tom Stowe,104,,0
General_2017,City Council,BEAUX ARTS,Pos. 5,3,< 25%,108,Hans W. Juhle,108,,0
General_2017,City Council,BELLEVUE,Pos. 2,1827,< 25%,10480,Conrad Lee,20190,Randy Grein,9710
General_2017,City Council,BELLEVUE,Pos. 4,1827,> 50%,1184,Jared Nieuwenhuis,15486,Karol Brown,14302
General_2017,City Council,BELLEVUE,Pos. 5,1827,25-50%,6555,Janice Zahn,18119,Phillip Yin,11564
General_2017,City Council,BELLEVUE,Pos. 6,1827,25-50%,4277,Lynne Robinson,16893,Steven Fricke,12616
General_2017,City Council,BELLINGHAM,At-Large,292,< 25%,14697,Roxanne Murphy,19466,Eric Bostrom,4769
General_2017,City Council,BELLINGHAM,Ward 2,292,< 25%,18500,Gene Knutson,18500,,0
General_2017,City Council,BELLINGHAM,Ward 4,292,< 25%,18598,Pinky Vargas,18598,,0
General_2017,City Council,BELLINGHAM,Ward 6,292,< 25%,11158,Michael Lilliquist,17074,Quenby Peterson,5916
General_2017,City Council,BENTON CITY,Pos. 1,3,< 25%,111,Lisa Stade,291,Grant Pratt,180
General_2017,City Council,BENTON CITY,Pos. 2,3,< 25%,108,Mary Lettau,285,David A. Press,177
General_2017,City Council,BINGEN,Pos. 3,0,< 25%,82,Phil Jones,82,,0
General_2017,City Council,BINGEN,Pos. 5,0,< 25%,81,Catherine Kiewit,81,,0
General_2017,City Council,BLACK DIAMOND,Pos. 2,26,< 25%,483,Melissa C. Oglesbee,952,Michelle Young,469
General_2017,City Council,BLACK DIAMOND,Pos. 4,26,< 25%,416,Erin Rose Stout,924,Ed Hanrahan,508
General_2017,City Council,BLAINE,Pos. 7,59,< 25%,300,Alicia Rule,887,Harry Robinson,587
General_2017,City Council,BLAINE,Ward 1 Pos. 2,59,< 25%,1130,Bonnie Onyon,1130,,0
General_2017,City Council,BLAINE,Ward 2 Pos. 4,59,> 50%,76,Charles Hawkins,595,Justin Ledesma,519
General_2017,City Council,BLAINE,Ward 3 Pos. 6,59,25-50%,171,Eric Davidson,759,H. Paul Greenough,588
General_2017,City Council,BONNEY LAKE,Pos. 1,78,< 25%,2255,Randy McKibbin,2255,,0
General_2017,City Council,BONNEY LAKE,Pos. 3,78,< 25%,2322,Dan Swatman,2322,,0
General_2017,City Council,BONNEY LAKE,Pos. 6,78,25-50%,158,Terry Carter,1543,Pablo Monroy,1385
General_2017,City Council,BOTHELL,Pos. 1,1263,< 25%,7050,Jeanne Zornes,7050,,0
General_2017,City Council,BOTHELL,Pos. 3,1263,> 50%,644,Rosemary McAuliffe,4825,Vicki Somppi,4181
General_2017,City Council,BOTHELL,Pos. 7,1263,> 50%,718,Thomas E. Agnew,4740,Aaron Moreau-Cook,4022
General_2017,City Council,BOTHELL,Pos. 5,1263,25-50%,3512,Liam Olsen,6107,Jeremy B. Michel,2595
General_2017,City Council,BREMERTON,District 3,71,< 25%,374,Kevin Gorman,893,Adam C. Brockus,519
General_2017,City Council,BREMERTON,District 7,71,< 25%,744,Eric Younger,744,,0
General_2017,City Council,BREMERTON,District 1,71,> 50%,134,Patricia (Pat) Sullivan,572,Suzanne Griffith,438
General_2017,City Council,BREMERTON,District 5,71,25-50%,154,Michael Goodnow,412,Melissa Kinzer,258
General_2017,City Council,BREWSTER,Pos. 1,1,< 25%,126,Jan May,126,,0
General_2017,City Council,BREWSTER,Pos. 3,1,< 25%,126,John Marcus Housden,126,,0
General_2017,City Council,BREWSTER,Pos. 2,1,25-50%,3,Emmanuel Hurtado,66,Ramiro Villagrana,63
General_2017,City Council,BRIDGEPORT,Pos. 1,0,< 25%,103,Matthew Schuh,103,,0
General_2017,City Council,BRIDGEPORT,Pos. 3,0,< 25%,102,Jacqueline (Jackie) Hentges,102,,0
General_2017,City Council,BRIER,Pos. 1,44,< 25%,1356,Bob Thorpe,1356,,0
General_2017,City Council,BRIER,Pos. 2,44,< 25%,799,Martin Krienke,1186,Kevin Davis,387
General_2017,City Council,BRIER,Pos. 3,44,< 25%,1315,Mike Gallagher,1315,,0
General_2017,City Council,BRIER,At-Large,44,< 25%,1331,John Joplin,1331,,0
General_2017,City Council,BUCKLEY,Pos. 1,6,< 25%,278,Ron Smith,607,Nora (Lyn) Rose,329
General_2017,City Council,BUCKLEY,Pos. 2,6,< 25%,336,Connie Bender,614,Cristi Boyle Barrett,278
General_2017,City Council,BUCKLEY,Pos. 7,6,< 25%,746,Sandy Burkett,746,,0
General_2017,City Council,BUCKLEY,Pos. 3,6,> 50%,1,Luke Wilbanks,455,Chuck Helmer,454
General_2017,City Council,BUCODA,Pos. 2,0,< 25%,12,Steven Lyle,73,Michael Vanderhoof,61
General_2017,City Council,BUCODA,Pos. 3,0,< 25%,129,Gary Givens,129,,0
General_2017,City Council,BUCODA,Pos. 4,0,< 25%,124,Alan Vanell,124,,0
General_2017,City Council,BUCODA,Pos. 5,0,< 25%,125,Robert F. Gordon,125,,0
General_2017,City Council,BURIEN,Pos. 1,530,> 50%,252,Pedro E. Olguin,5586,Joel Manning,5334
General_2017,City Council,BURIEN,Pos. 3,530,> 50%,368,Jimmy Matta,5672,Debi Wagner,5304
General_2017,City Council,BURIEN,Pos. 7,530,> 50%,669,Krystal Marx,5754,Patty Janssen,5085
General_2017,City Council,BURIEN,Pos. 5,530,25-50%,1836,Nancy Tosta,6390,Darla Green,4554
General_2017,City Council,BURLINGTON,Ward 4,7,< 25%,323,James Stavig,674,Tonya Bieche,351
General_2017,City Council,BURLINGTON,Ward 5,7,< 25%,796,Chris Loving,796,,0
General_2017,City Council,BURLINGTON,Ward 6,7,< 25%,775,Bill Aslett,775,,0
General_2017,City Council,BURLINGTON,At-Large,7,< 25%,540,Joe DeGloria,798,T. Rye Fogle,258
General_2017,City Council,CAMAS,Ward 1 Pos. 2,171,< 25%,1204,Melissa Smith,2323,Emilia Brasier,1119
General_2017,City Council,CAMAS,Ward 2 Pos. 2,171,< 25%,2881,Steven C. Hogan,2881,,0
General_2017,City Council,CAMAS,Ward 3 Pos. 2,171,< 25%,2890,Shannon Turk,2890,,0
General_2017,City Council,CARBONADO,Pos. 1,0,< 25%,57,John (Rick) Pries III,96,Rebecca L. Baker,39
General_2017,City Council,CARBONADO,Pos. 2,0,< 25%,109,Kevin M. Vesey,109,,0
General_2017,City Council,CARBONADO,Pos. 4,0,< 25%,126,Tom Argo,126,,0
General_2017,City Council,CARNATION,Pos. 2,32,< 25%,325,Jim Ribail,325,,0
General_2017,City Council,CARNATION,Pos. 4,32,< 25%,307,Kimberly Lisk,307,,0
General_2017,City Council,CASHMERE,Pos. 1,5,< 25%,363,Daniel Scott,363,,0
General_2017,City Council,CASHMERE,Pos. 2,5,< 25%,373,James Fletcher,373,,0
General_2017,City Council,CASHMERE,Pos. 3,5,< 25%,184,David Erickson,317,Myra Roy,133
General_2017,City Council,CASTLE ROCK,Pos. 1,5,< 25%,316,Arthur Lee,316,,0
General_2017,City Council,CASTLE ROCK,Pos. 2,5,< 25%,316,Leon (Lee) Kessler,316,,0
General_2017,City Council,CASTLE ROCK,Pos. 4,5,< 25%,303,Paul Simonsen,303,,0
General_2017,City Council,CATHLAMET,Pos. 3,1,< 25%,106,Sue Cameron,106,,0
General_2017,City Council,CATHLAMET,Pos. 4,1,< 25%,16,Tanya R. Waller,88,Bernadette Goodroe,72
General_2017,City Council,CATHLAMET,Pos. 5,1,< 25%,56,Laurel A. Waller,99,Write-In: Constance (Jean) Burnham,43
General_2017,City Council,CHELAN,Pos. 2,6,< 25%,858,Erin McCardle,858,,0
General_2017,City Council,CHELAN,Pos. 5,6,< 25%,864,Servando Robledo,864,,0
General_2017,City Council,CHELAN,Pos. 6,6,< 25%,72,Tim Hollingsworth,649,Cameron Skip Morehouse,577
General_2017,City Council,CHELAN,Pos. 7,6,< 25%,34,Ty Witt,596,Rachael Goldie,562
General_2017,City Council,CHENEY,Pos. 1,27,< 25%,186,Paul Schmidt,682,Tim Gainer,496
General_2017,City Council,CHENEY,Pos. 3,27,< 25%,943,John Taves,943,,0
General_2017,City Council,CHENEY,Pos. 4,27,< 25%,945,Teresa Overhauser,945,,0
General_2017,City Council,CHEWELAH,Pos. 1,0,< 25%,98,Nicole Norvell,462,John H Kabosky,364
General_2017,City Council,CHEWELAH,Pos. 2,0,< 25%,129,Cori Wuesthoff,469,Dee Henderson,340
General_2017,City Council,CHEWELAH,Pos. 3,0,< 25%,202,Payton Norvell,508,Justin Roach,306
General_2017,City Council,CHEWELAH,At-Large,0,< 25%,252,John H Wight,514,Ron Kheel (Bicycle Ron),262
General_2017,City Council,CLARKSTON,Pos. 1,0,< 25%,66,John Murray,699,Melyssa D. Andrews,633
General_2017,City Council,CLARKSTON,Pos. 2,0,< 25%,1026,Brian Kolstad,1026,,0
General_2017,City Council,CLARKSTON,Pos. 3,0,< 25%,261,Pat Holman,807,Kelly Blackmon,546
General_2017,City Council,CLARKSTON,Pos. 4,0,< 25%,309,Russ Evans,806,Richard Hayward,497
General_2017,City Council,CLE ELUM,Pos. 1,6,< 25%,339,John Glondo,339,,0
General_2017,City Council,CLE ELUM,Pos. 3,6,< 25%,124,Beth Williams,263,Cole Basterrechea,139
General_2017,City Council,CLE ELUM,Pos. 4,6,< 25%,301,Mickey Holz,301,,0
General_2017,City Council,CLE ELUM,Pos. 5,6,< 25%,318,Steve Harper,318,,0
General_2017,City Council,CLE ELUM,Pos. 6,6,< 25%,292,Tom Hastings,292,,0
General_2017,City Council,CLE ELUM,Pos. 7,6,< 25%,50,Ron Spears,222,Todd N. Tressler,172
General_2017,City Council,CLE ELUM,Pos. 1,6,< 25%,101,Dave Allenbaugh,101,,0
General_2017,City Council,CLE ELUM,Pos. 2,6,< 25%,92,John L Williams,92,,0
General_2017,City Council,CLE ELUM,Pos. 3,6,< 25%,91,Steve Sowers,91,,0
General_2017,City Council,CLE ELUM,Pos. 5,6,< 25%,99,Lynn Cooke,99,,0
General_2017,City Council,CLYDE HILL,Pos. 1,43,< 25%,624,Marianne Klaas,624,,0
General_2017,City Council,CLYDE HILL,Pos. 3,43,< 25%,620,Chris Baker,620,,0
General_2017,City Council,CLYDE HILL,Pos. 5,43,< 25%,620,Bruce J. Dodds,620,,0
General_2017,City Council,COLFAX,Pos. 1,1,< 25%,477,Blaine Golden,477,,0
General_2017,City Council,COLFAX,Pos. 2,1,< 25%,474,Crystn Guenthner,474,,0
General_2017,City Council,COLFAX,Pos. 3,1,< 25%,489,Crystal Christopherson,489,,0
General_2017,City Council,COLFAX,Pos. 4,1,< 25%,496,Sarah McKnight,496,,0
General_2017,City Council,COLLEGE,Pos. 1,0,< 25%,994,Jerry Lee Bobbitt,994,,0
General_2017,City Council,COLLEGE,Pos. 2,0,< 25%,967,Michael Cleveland,967,,0
General_2017,City Council,COLLEGE,Pos. 3,0,< 25%,310,Marge Nyhagen,726,Kisna A. Toruno,416
General_2017,City Council,COLLEGE,Pos. 5,0,< 25%,936,Melodie Selby,936,,0
General_2017,City Council,COLTON,Pos. 2,0,< 25%,124,Kyle White,124,,0
General_2017,City Council,COLTON,Pos. 5,0,< 25%,106,Laci Hubbard-Mattix,106,,0
General_2017,City Council,COLVILLE,At-Large,2,< 25%,53,Missy Stalp,552,Doug Kyle,499
General_2017,City Council,CONCONULLY,Pos. 1,0,< 25%,23,Christene Scott,46,Andrew Denham,23
General_2017,City Council,CONCONULLY,Pos. 2,0,< 25%,49,Cheryl A. Russell,49,,0
General_2017,City Council,CONCONULLY,Pos. 3,0,< 25%,53,Geno Zinani,53,,0
General_2017,City Council,CONCRETE,Pos. 2,0,< 25%,91,Elizabeth Easterday,91,,0
General_2017,City Council,CONCRETE,Pos. 3,0,< 25%,91,Michael P Bartel,91,,0
General_2017,City Council,CONCRETE,Pos. 5,0,< 25%,93,Ginger Kyritsis,93,,0
General_2017,City Council,CONNELL,Pos. 2,1,< 25%,309,John White,309,,0
General_2017,City Council,CONNELL,Pos. 3,1,< 25%,311,Patricia Barrera,311,,0
General_2017,City Council,CONNELL,Pos. 4,1,< 25%,310,Joe Escalera,310,,0
General_2017,City Council,COSMOPOLIS,Pos. 4,2,< 25%,137,Debra Moran,276,Paul Chrt,139
General_2017,City Council,COSMOPOLIS,Pos. 5,2,< 25%,16,Dale Andrews,214,Richard(Dick) Kellar,198
General_2017,City Council,COULEE,Pos. 1,0,< 25%,97,ShirleyRae Maes,97,,0
General_2017,City Council,COULEE,Pos. 4,0,< 25%,98,Anita Paulsson,98,,0
General_2017,City Council,COULEE,Pos. 5,0,< 25%,99,Vaughn Jordan,99,,0
General_2017,City Council,COULEE DAM,Pos. 1,2,< 25%,81,Fred Netzel,174,David Schmidt,93
General_2017,City Council,COULEE DAM,Pos. 2,2,< 25%,225,Bob Poch,225,,0
General_2017,City Council,COULEE DAM,Pos. 3,2,< 25%,119,Marcia Warnecke,170,Bruce Bartoo,51
General_2017,City Council,COUPEVILLE,Pos. 4,4,< 25%,82,Christine Crowell,299,Brett W. Rebischke-Smith,217
General_2017,City Council,COUPEVILLE,Pos. 5,4,< 25%,389,Patricia B. Powell,389,,0
General_2017,City Council,COVINGTON,Pos. 4,249,< 25%,1190,"Joseph T. Cimaomo, Jr.",2081,David Lucavish,891
General_2017,City Council,COVINGTON,Pos. 6,249,< 25%,2304,Fran Hollums,2304,,0
General_2017,City Council,COVINGTON,Pos. 2,249,> 50%,43,Paul Selland,1581,Jennifer Harjehausen,1538
General_2017,City Council,CRESTON,Pos. 2,0,< 25%,69,Grady Houger,69,,0
General_2017,City Council,CRESTON,Pos. 3,0,< 25%,59,Robert Goetz,59,,0
General_2017,City Council,CRESTON,Pos. 5,0,< 25%,60,Ronald Gadbois,60,,0
General_2017,City Council,CUSICK,Pos. 1,0,< 25%,5,DUANE SCHOFIELD,19,Write-In: BARBARA S. MURRAY,14
General_2017,City Council,CUSICK,Pos. 2,0,< 25%,40,ROGER R. BROWN,40,,0
General_2017,City Council,CUSICK,Pos. 5,0,< 25%,35,LINDA MONFORT,35,,0
General_2017,City Council,DARRINGTON,Pos. 1,0,< 25%,182,Gary Willis,182,,0
General_2017,City Council,DARRINGTON,Pos. 2,0,< 25%,143,Richard Osenbrock,143,,0
General_2017,City Council,DAVENPORT,Pos. 3,1,< 25%,374,Lance Strite,374,,0
General_2017,City Council,DAVENPORT,Pos. 4,1,< 25%,377,Theresa Telford,377,,0
General_2017,City Council,DAVENPORT,Pos. 6,1,< 25%,354,Cory Hollis,354,,0
General_2017,City Council,DAVENPORT,At-Large,1,< 25%,373,Patrick R. Katz,373,,0
General_2017,City Council,DAYTON,Pos. 1,1,< 25%,485,DELPHINE BAILEY,485,,0
General_2017,City Council,DAYTON,Pos. 3,1,< 25%,478,MICHAEL L PARIS,478,,0
General_2017,City Council,DAYTON,Pos. 5,1,< 25%,67,KATHY A BERG,370,KYLE ANDERSON,303
General_2017,City Council,DAYTON,Pos. 7,1,< 25%,468,MATT WIENS,468,,0
General_2017,City Council,DEER PARK,Pos. 1,9,< 25%,787,Mary Babb,787,,0
General_2017,City Council,DEER PARK,Pos. 3,9,< 25%,667,Richard Schut,667,,0
General_2017,City Council,DES MOINES,Pos. 5,528,> 50%,742,Traci Buxton,3281,Harry Steinmetz,2539
General_2017,City Council,DES MOINES,Pos. 1,528,25-50%,1317,Matt Pina,3600,Anthony Martinelli,2283
General_2017,City Council,DES MOINES,Pos. 3,528,25-50%,1836,Vic Pennington,3730,JC Harris,1894
General_2017,City Council,DES MOINES,Pos. 7,528,25-50%,1213,Matt Mahoney,3464,Chad Harper,2251
General_2017,City Council,DUPONT,Pos. 1,16,< 25%,526,Chris Barnes,1070,Luis Jimenez,544
General_2017,City Council,DUPONT,Pos. 2,16,< 25%,1020,Shawna Gasak,1020,,0
General_2017,City Council,DUPONT,Pos. 7,16,< 25%,183,Leo R. Gruba,903,Kevin Andre White,720
General_2017,City Council,DUPONT,Pos. 3,16,25-50%,42,Rex Bruce,836,Patty Moore,794
General_2017,City Council,DUVALL,Pos. 2,65,< 25%,1769,Matthew Eyer,1769,,0
General_2017,City Council,DUVALL,Pos. 3,65,< 25%,544,Amy McHenry,1403,Chantel Thurman,859
General_2017,City Council,DUVALL,Pos. 5,65,< 25%,1730,Michelle Hogg,1730,,0
General_2017,City Council,DUVALL,Pos. 6,65,< 25%,563,Jennifer Knaplund,1503,Will Ibershof,940
General_2017,City Council,DUVALL,Pos. 1,65,25-50%,225,Dianne Brudnicki,1261,Richard Wilson,1036
General_2017,City Council,EATONVILLE,Pos. 1,6,< 25%,282,Jennie Hannah,282,,0
General_2017,City Council,EATONVILLE,Pos. 2,6,< 25%,287,Bob Walter,287,,0
General_2017,City Council,EATONVILLE,Pos. 4,6,< 25%,262,Bill Dunn,262,,0
General_2017,City Council,EDGEWOOD,Pos. 3,42,< 25%,1803,Tyron J. Christopherson,1803,,0
General_2017,City Council,EDGEWOOD,Pos. 4,42,< 25%,1819,Rosanne Tomyn,1819,,0
General_2017,City Council,EDGEWOOD,Pos. 5,42,< 25%,581,John C. West,1455,Allison Pincas,874
General_2017,City Council,EDGEWOOD,Pos. 6,42,25-50%,156,Stephanie Shook,1224,Lucy A. Lowry,1068
General_2017,City Council,EDMONDS,Pos. 1,352,< 25%,2713,Kristiana Johnson,6846,Josh Thompson,4133
General_2017,City Council,EDMONDS,Pos. 2,352,< 25%,9243,Mike Nelson,9243,,0
General_2017,City Council,EDMONDS,Pos. 3,352,< 25%,5347,Adrienne Fraley-Monillas,8206,Alvin A. Rutledge,2859
General_2017,City Council,ELECTRIC,Pos. 4,0,< 25%,140,Carol Nordine,140,,0
General_2017,City Council,ELECTRIC,Pos. 1,0,< 25%,163,Aaron Derr,163,,0
General_2017,City Council,ELLENSBURG,Pos. 1,26,< 25%,1842,Nancy N. Lillquist,1842,,0
General_2017,City Council,ELLENSBURG,Pos. 2,26,< 25%,814,Nancy R. Goodloe,1674,James E. (Jim) Johnson,860
General_2017,City Council,ELLENSBURG,Pos. 3,26,< 25%,1515,Mary L Morgan,2040,Larry Nickel,525
General_2017,City Council,ELLENSBURG,Pos. 7,26,< 25%,621,Nicole Klauss,1525,Derek Flint,904
General_2017,City Council,ELMA,Pos. 1,2,< 25%,414,Pat Miller,414,,0
General_2017,City Council,ELMA,Pos. 2,2,< 25%,127,David Blackett,300,Elroy Papke,173
General_2017,City Council,ELMA,Pos. 3,2,< 25%,389,Tom Boling,389,,0
General_2017,City Council,ELMER,Pos. 1,0,< 25%,51,Joaquin Marchand,51,,0
General_2017,City Council,ELMER,Pos. 3,0,< 25%,48,Clara Carson,48,,0
General_2017,City Council,ENDICOTT,Pos. 2,0,< 25%,70,B J Johnson,70,,0
General_2017,City Council,ENTIAT,Pos. 1,0,< 25%,186,Robert Anderson,243,Norman Stenberg,57
General_2017,City Council,ENTIAT,Pos. 2,0,< 25%,13,John Alt,155,Ryan McDonald,142
General_2017,City Council,ENTIAT,Pos. 3,0,< 25%,133,Marie Stenberg,133,,0
General_2017,City Council,ENTIAT,Pos. 4,0,< 25%,265,David Swearingen,265,,0
General_2017,City Council,ENUMCLAW,Pos. 1,5,< 25%,125,Tony Binion,1410,Steven Cadematori,1285
General_2017,City Council,ENUMCLAW,Pos. 3,5,< 25%,180,Kael Johnson,1441,Anthony Wright,1261
General_2017,City Council,ENUMCLAW,Pos. 5,5,< 25%,1152,Kyle Jacobson,1877,Blain Thomas,725
General_2017,City Council,ENUMCLAW,Pos. 7,5,< 25%,118,Hoke Overland,1413,Jean Hoiland,1295
General_2017,City Council,EPHRATA,Pos. 1,3,< 25%,828,Justin Kooy,828,,0
General_2017,City Council,EPHRATA,Pos. 2,3,< 25%,835,Mark Wanke,835,,0
General_2017,City Council,EPHRATA,Pos. 3,3,< 25%,859,Matt Moore,859,,0
General_2017,City Council,EVERETT,Pos. 2,1359,> 50%,855,Jeff Moore,8677,Alex Lark,7822
General_2017,City Council,EVERETT,Pos. 1,1359,25-50%,4576,Paul Roberts,10492,Leland (Lee) Dart,5916
General_2017,City Council,EVERETT,Pos. 3,1359,25-50%,4938,Scott D. Murphy,10628,Jennifer A. Hesse,5690
General_2017,City Council,EVERSON,Pos. 1,7,< 25%,367,Jaleen M. Pratt,367,,0
General_2017,City Council,EVERSON,Pos. 2,7,< 25%,402,Jennifer Lautenbach,402,,0
General_2017,City Council,EVERSON,Pos. 3,7,< 25%,389,Matthew Goering,389,,0
General_2017,City Council,EVERSON,Pos. 5,7,< 25%,89,Travis J. Remy,206,Thomas (Tag) Mills,117
General_2017,City Council,FAIRFIELD,Pos. 1,0,< 25%,24,Melissa L Lunsford,100,Angela Warner-Harvey,76
General_2017,City Council,FAIRFIELD,Pos. 2,0,< 25%,156,Darcie Sainsbury,156,,0
General_2017,City Council,FARMINGTON,Pos. 1,0,< 25%,18,Lavon Erickson,33,Marcy Goossen,15
General_2017,City Council,FARMINGTON,Pos. 2,0,< 25%,45,Jaime Lopez,45,,0
General_2017,City Council,FARMINGTON,Pos. 4,0,< 25%,37,Brian Oliver,37,,0
General_2017,City Council,FARMINGTON,Pos. 5,0,< 25%,21,W Mark Hellinger,35,Jason Brausen,14
General_2017,City Council,FEDERAL WAY,Pos. 2,974,> 50%,929,Jesse Johnson,7685,Bob Celski,6756
General_2017,City Council,FEDERAL WAY,Pos. 4,974,> 50%,831,Hoang Tran,7485,Diana Noble-Gulliford,6654
General_2017,City Council,FEDERAL WAY,Pos. 6,974,> 50%,1119,Martin A. Moore,7534,Roger Flygare,6415
General_2017,City Council,FERNDALE,Pos. 5,51,< 25%,1118,Cathy Watson,1979,Derrick Watson,861
General_2017,City Council,FERNDALE,Pos. 6,51,< 25%,220,Kate Hansen,1537,Connie Faria,1317
General_2017,City Council,FERNDALE,Pos. 7,51,< 25%,2240,Fred Kennedy,2240,,0
General_2017,City Council,FIFE,Pos. 3,54,< 25%,406,Doug Fagundes,406,,0
General_2017,City Council,FIFE,Pos. 6,54,< 25%,503,Lisa McClellan,503,,0
General_2017,City Council,FIFE,Pos. 7,54,< 25%,493,Lew Wolfrom,493,,0
General_2017,City Council,FIRCREST,Pos. 2,42,< 25%,229,Shannon Reynolds,959,Jenny Stryker,730
General_2017,City Council,FIRCREST,Pos. 6,42,< 25%,316,Dennis Waltier,1005,Gerald W. (Jerry) Jackson,689
General_2017,City Council,FIRCREST,Pos. 7,42,< 25%,1311,Jamie Nixon,1311,,0
General_2017,City Council,FIRCREST,Pos. 1,42,> 50%,59,David M. Viafore,940,Matthew P. Jolibois,881
General_2017,City Council,FORD,Pos. 1,2,< 25%,72,Timothy Fricke,72,,0
General_2017,City Council,FORD,Pos. 2,2,< 25%,70,Brian Laude,70,,0
General_2017,City Council,FORKS,Pos. 2,2,< 25%,500,John D. Hillcar,500,,0
General_2017,City Council,FORKS,Pos. 3,2,< 25%,113,Joe Soha,371,Mike Gilstrap,258
General_2017,City Council,FORKS,Pos. 4,2,< 25%,271,Bill Brager,458,Bridgette Soha,187
General_2017,City Council,FRIDAY HARBOR,Pos. 3,4,< 25%,477,Anna Maria de Freitas,477,,0
General_2017,City Council,FRIDAY HARBOR,Pos. 4,4,< 25%,383,Tim Daniels,383,,0
General_2017,City Council,GARFIELD,Pos. 4,0,< 25%,41,Cande Hasenoehrl,141,David Jones,100
General_2017,City Council,GARFIELD,Pos. 5,0,< 25%,61,Tom Tevlin,152,Kevin Pickron,91
General_2017,City Council,GEORGE,Pos. 2,0,< 25%,21,Katie Schooler,21,,0
General_2017,City Council,GEORGE,Pos. 3,0,< 25%,22,Terry R Nelson,22,,0
General_2017,City Council,GEORGE,Pos. 4,0,< 25%,21,Julia Schooler,21,,0
General_2017,City Council,GIG HARBOR,Pos. 1,96,< 25%,409,Jeni Woock,1863,Rick Offner,1454
General_2017,City Council,GIG HARBOR,Pos. 2,96,< 25%,2241,Robert (Bob) Himes,2691,Scott Gray,450
General_2017,City Council,GIG HARBOR,Pos. 3,96,< 25%,670,Jim Franich,1963,Peter Norman,1293
General_2017,City Council,GIG HARBOR,Pos. 7,96,< 25%,504,Spencer Abersold,1825,Randy Mueller,1321
General_2017,City Council,GOLD BAR,Pos. 2,1,< 25%,284,Steven Yarbrough,284,,0
General_2017,City Council,GOLD BAR,Pos. 3,1,< 25%,287,Florence (Davi) Martin,287,,0
General_2017,City Council,GOLD BAR,Pos. 5,1,< 25%,272,Brian Diaz,272,,0
General_2017,City Council,GOLDENDALE,Pos. 4,1,< 25%,521,Miland Walling,521,,0
General_2017,City Council,GOLDENDALE,Pos. 5,1,< 25%,531,Carmen Knopes,531,,0
General_2017,City Council,GOLDENDALE,Pos. 6,1,< 25%,519,Shannon Middleton,519,,0
General_2017,City Council,GOLDENDALE,Pos. 7,1,< 25%,212,Justin D. Leigh,437,Terry R. Luth,225
General_2017,City Council,GRAND COULEE,Pos. 1,2,< 25%,137,Tammara J. Byers,137,,0
General_2017,City Council,GRAND COULEE,Pos. 4,2,< 25%,122,Mike Horne,122,,0
General_2017,City Council,GRAND COULEE,Pos. 2,2,< 25%,143,Thomas L Poplawski,143,,0
General_2017,City Council,GRANITE FALLS,Pos. 1,16,< 25%,509,Steven A. Glenn,509,,0
General_2017,City Council,GRANITE FALLS,Pos. 2,16,< 25%,510,Bruce Straughn,510,,0
General_2017,City Council,GRANITE FALLS,Pos. 3,16,< 25%,143,Tom FitzGerald,325,Jen Koenig,182
General_2017,City Council,HARRINGTON,Pos. 1,0,< 25%,103,Jeremy Sewall,103,,0
General_2017,City Council,HARRINGTON,Pos. 2,0,< 25%,110,Michael Cronrath,110,,0
General_2017,City Council,HARTLINE,Pos. 2,0,< 25%,33,Robert J Sieg,33,,0
General_2017,City Council,HATTON,Pos. 4,0,< 25%,10,James Earl Van Patten JR.,10,,0
General_2017,City Council,HOQUIAM,Pos. 2,3,< 25%,185,Paul McMillan,185,,0
General_2017,City Council,HOQUIAM,Pos. 4,3,< 25%,122,Jim George,122,,0
General_2017,City Council,HOQUIAM,Pos. 6,3,< 25%,88,Bill Nelson,169,Richard Sinclair,81
General_2017,City Council,HOQUIAM,Pos. 7,3,< 25%,225,Greg Grun,225,,0
General_2017,City Council,HOQUIAM,Pos. 10,3,< 25%,149,Denise Anderson,149,,0
General_2017,City Council,HOQUIAM,Pos. 12,3,< 25%,129,Angela Forkum,129,,0
General_2017,City Council,HUNTS POINT,Pos. 1,11,< 25%,150,Ken Fisher,150,,0
General_2017,City Council,HUNTS POINT,Pos. 3,11,< 25%,149,Ted Frantz,149,,0
General_2017,City Council,HUNTS POINT,Pos. 5,11,> 50%,2,Dan Temkin,88,Ernest Norehad,86
General_2017,City Council,ILWACO,Pos. 1,0,< 25%,200,Jared Oakes,200,,0
General_2017,City Council,ILWACO,Pos. 2,0,< 25%,188,Missy Bageant,188,,0
General_2017,City Council,ILWACO,Pos. 3,0,< 25%,166,Fred Marshall,166,,0
General_2017,City Council,ILWACO,Pos. 4,0,< 25%,205,Matthew Lessnau,205,,0
General_2017,City Council,INDEX,Pos. 1,2,< 25%,65,Robert (Bert) Shepardson,65,,0
General_2017,City Council,INDEX,Pos. 4,2,< 25%,62,Leigh Christianson,62,,0
General_2017,City Council,INDEX,Pos. 3,2,25-50%,7,Bruce Albert,42,J.P. Brastad,35
General_2017,City Council,IONE,Pos. 1,0,< 25%,81,JOHN REDINGER,81,,0
General_2017,City Council,IONE,Pos. 2,0,< 25%,66,KEN TIMMRECK,66,,0
General_2017,City Council,IONE,Pos. 5,0,< 25%,75,JESSICA PEARSON,75,,0
General_2017,City Council,ISSAQUAH,Pos. 2,369,< 25%,2756,Mariah Bettise,4950,Richard Swanson,2194
General_2017,City Council,ISSAQUAH,Pos. 3,369,< 25%,5215,Justin Walsh,5215,,0
General_2017,City Council,ISSAQUAH,Pos. 5,369,< 25%,5395,Stacy Goodman,5395,,0
General_2017,City Council,ISSAQUAH,Pos. 7,369,< 25%,5156,Tola Marts,5156,,0
General_2017,City Council,ISSAQUAH,Pos. 1,369,25-50%,1128,Christopher Reh,4117,Bryan Weinstein,2989
General_2017,City Council,KAHLOTUS,Pos. 2,0,< 25%,18,Michael Robitaille,20,Write-In: Sharee Beckner,2
General_2017,City Council,KAHLOTUS,Pos. 3,0,< 25%,30,J. Chris Thomas,30,,0
General_2017,City Council,KAHLOTUS,Pos. 4,0,< 25%,2,Robert Hagans,19,Chadwick Davis,17
General_2017,City Council,KAHLOTUS,Pos. 5,0,< 25%,28,Marcia A. Robitaille,28,,0
General_2017,City Council,KALAMA,Pos. 1,2,< 25%,628,Mike Truesdell,628,,0
General_2017,City Council,KALAMA,Pos. 2,2,< 25%,625,Sandra Macias-Hughes,625,,0
General_2017,City Council,KELSO,Pos. 2,23,< 25%,307,Michael Karnofski,884,Lisa (Knight) Alexander,577
General_2017,City Council,KELSO,Pos. 3,23,< 25%,273,Kimberly Lefebvre,842,Gary Edward Archer,569
General_2017,City Council,KELSO,Pos. 1,23,25-50%,54,Jeffrey A. McAllister,714,Dan Vannelli,660
General_2017,City Council,KENMORE,Pos. 4,220,< 25%,1519,Nigel Herbig,3549,Patrick O'Brien,2030
General_2017,City Council,KENMORE,Pos. 6,220,< 25%,1700,Debra Srebnik,3637,Carol Baker,1937
General_2017,City Council,KENMORE,Pos. 2,220,25-50%,742,Joe Marshall,3161,Suzanne Greathouse,2419
General_2017,City Council,KENNEWICK,Ward 1,303,< 25%,5411,Don Britain,9118,Lindy Verhei,3707
General_2017,City Council,KENNEWICK,Ward 2,303,< 25%,1806,Steve Lee,7169,Gregory A. Jones,5363
General_2017,City Council,KENNEWICK,Ward 3,303,< 25%,10144,John H. Trumbo,10144,,0
General_2017,City Council,KENNEWICK,Pos. 4,303,> 50%,393,Bill McKay,6821,Christy Watts,6428
General_2017,City Council,KENT,Pos. 2,2582,> 50%,2715,Satwinder Kaur,10320,Paul Addis,7605
General_2017,City Council,KENT,Pos. 4,2582,> 50%,4641,Toni Troutner,11045,Tye Whitfield,6404
General_2017,City Council,KENT,Pos. 6,2582,25-50%,8201,Brenda Fincher,12654,Russell L. Hanscom,4453
General_2017,City Council,KETTLE FALLS,Pos. 1,1,< 25%,347,Steve Hedrick,347,,0
General_2017,City Council,KETTLE FALLS,Pos. 2,1,< 25%,330,John Andrew,330,,0
General_2017,City Council,KETTLE FALLS,Pos. 3,1,< 25%,331,Jesse L. Garrett,331,,0
General_2017,City Council,KETTLE FALLS,Pos. 5,1,< 25%,330,Deborah Gaskin,330,,0
General_2017,City Council,KIRKLAND,Pos. 1,1345,< 25%,7836,Jay Arnold,14140,Martin Morgan,6304
General_2017,City Council,KIRKLAND,Pos. 2,1345,< 25%,15944,Tom Neir,15944,,0
General_2017,City Council,KIRKLAND,Pos. 3,1345,< 25%,15909,Penny Sweet,15909,,0
General_2017,City Council,KIRKLAND,Pos. 5,1345,< 25%,7940,Amy Walen,14335,Jory Hamilton,6395
General_2017,City Council,KIRKLAND,Pos. 7,1345,< 25%,9577,Jon Pascal,15272,Uzma Butte,5695
General_2017,City Council,KITTITAS,Pos. 1,1,< 25%,141,John Camarata,141,,0
General_2017,City Council,KITTITAS,Pos. 2,1,< 25%,146,Jasen R. Carlson,146,,0
General_2017,City Council,KITTITAS,Pos. 5,1,< 25%,109,Lou Whitford,135,Write-In: Robert Richey,26
General_2017,City Council,KRUPP,Pos. 5,0,< 25%,14,Lori Friend,14,,0
General_2017,City Council,LA CENTER,Pos. 1,18,< 25%,478,Doug Boff,607,Linda Tracy,129
General_2017,City Council,LA CENTER,Pos. 2,18,< 25%,97,Jon Stimmel,397,Larry Lewton,300
General_2017,City Council,LA CENTER,Pos. 3,18,< 25%,573,T. R. (Randy) Williams,573,,0
General_2017,City Council,LA CONNER,Pos. 2,3,< 25%,213,John Leaver,213,,0
General_2017,City Council,LA CONNER,Pos. 3,3,< 25%,206,Bill Stokes,206,,0
General_2017,City Council,LA CONNER,Pos. 4,3,< 25%,229,MaryLee Chamberlain,229,,0
General_2017,City Council,LACEY,Pos. 3,143,< 25%,6242,Rachel Young,6242,,0
General_2017,City Council,LACEY,Pos. 4,143,< 25%,6239,Cynthia Pratt,6239,,0
General_2017,City Council,LACEY,Pos. 5,143,< 25%,6196,Andy Ryder,6196,,0
General_2017,City Council,LACEY,Pos. 6,143,< 25%,2784,Michael R. Steadman,5162,Robert Motzer,2378
General_2017,City Council,LACEY,Pos. 7,143,< 25%,773,Carolyn H. Cox,4357,Ken Balsley,3584
General_2017,City Council,LACROSSE,Pos. 2,0,< 25%,96,Lana Thomas,96,,0
General_2017,City Council,LACROSSE,Pos. 3,0,< 25%,94,Roger Downing,94,,0
General_2017,City Council,LACROSSE,Pos. 4,0,< 25%,91,Jacob Wigen,91,,0
General_2017,City Council,LACROSSE,Pos. 5,0,< 25%,25,Donna Wigen,71,Melody Wise,46
General_2017,City Council,LAKE FOREST PARK,Pos. 1,79,< 25%,3135,Semra Riddle,3135,,0
General_2017,City Council,LAKE FOREST PARK,Pos. 5,79,< 25%,3157,Mark Phillips,3157,,0
General_2017,City Council,LAKE FOREST PARK,Pos. 7,79,< 25%,2977,John Resha,2977,,0
General_2017,City Council,LAKE FOREST PARK,Pos. 3,79,> 50%,94,John Wright,2155,Benjamin Gonzalez O'Brien,2061
General_2017,City Council,LAKE STEVENS,Pos. 1,213,< 25%,1451,Kim Daughtry,3124,Michele Hampton,1673
General_2017,City Council,LAKE STEVENS,Pos. 2,213,< 25%,4036,Gary Petershagen,4036,,0
General_2017,City Council,LAKE STEVENS,Pos. 6,213,< 25%,3692,Brett Gailey,3692,,0
General_2017,City Council,LAKE STEVENS,Pos. 7,213,< 25%,3652,Marcus Tageant,3652,,0
General_2017,City Council,LAKEWOOD,Pos. 2,95,< 25%,680,Mike Brandstetter,4080,Malcolm Russell,3400
General_2017,City Council,LAKEWOOD,Pos. 3,95,< 25%,6270,Jason Whalen,6270,,0
General_2017,City Council,LAKEWOOD,Pos. 5,95,< 25%,2548,John Simpson,5003,Ria J. Johnson-Covington,2455
General_2017,City Council,LAKEWOOD,Pos. 1,95,> 50%,149,Mary B. Moss,3934,Paul Wagemann,3785
General_2017,City Council,LAMONT,Pos. 4,0,< 25%,12,Catherine (Cathy) Ulrich,12,,0
General_2017,City Council,LANGLEY,Pos. 1,4,< 25%,312,Christy Korrow,443,Burt Beusch,131
General_2017,City Council,LANGLEY,Pos. 2,4,< 25%,340,Dominique Emerson,456,Bill Nesbeitt,116
General_2017,City Council,LANGLEY,Pos. 5,4,< 25%,284,Peter Morton,429,Thomas E. Gill,145
General_2017,City Council,LATAH,Pos. 1,0,< 25%,27,Jennifer Embry,48,Patricia Neumann,21
General_2017,City Council,LATAH,Pos. 3,0,< 25%,64,Carole Meissner,64,,0
General_2017,City Council,LATAH,Pos. 4,0,< 25%,7,Melanie J Meagher,30,Steve Leitz,23
General_2017,City Council,LATAH,Pos. 5,0,< 25%,19,Michael VanHeel,45,Daniel (Dan) Keller,26
General_2017,City Council,LEAVENWORTH,Pos. 4,1,< 25%,25,Carolyn A. Wilson,380,Jason Lundgren,355
General_2017,City Council,LEAVENWORTH,Pos. 5,1,< 25%,316,Sharon Faye Waters,527,Gary Planagan,211
General_2017,City Council,LEAVENWORTH,Pos. 6,1,< 25%,246,Clint Strand,488,Tibor Lak,242
General_2017,City Council,LEAVENWORTH,Pos. 7,1,< 25%,560,Elmer Larsen,560,,0
General_2017,City Council,LIBERTY LAKE,Pos. 2,15,< 25%,1698,Hugh D. Severs,1698,,0
General_2017,City Council,LIBERTY LAKE,Pos. 4,15,< 25%,326,Odin Langford,1274,Jeanette Nall,948
General_2017,City Council,LIBERTY LAKE,Pos. 6,15,< 25%,1195,Mike T. Kennedy,1630,Dylan McGuire,435
General_2017,City Council,LIND,Pos. 1,0,< 25%,129,Rosemary Elkington,129,,0
General_2017,City Council,LIND,Pos. 2,0,< 25%,138,Kathy White,138,,0
General_2017,City Council,LIND,Pos. 3,0,< 25%,105,Richard Baldwin,105,,0
General_2017,City Council,LIND,Pos. 5,0,< 25%,106,Jim Dworshak,106,,0
General_2017,City Council,LONG BEACH,Pos. 2,1,< 25%,337,Tina McGuire,337,,0
General_2017,City Council,LONG BEACH,Pos. 4,1,< 25%,63,Kevin (Isa) Cline,209,John Nechvatal,146
General_2017,City Council,LONG BEACH,Pos. 5,1,< 25%,178,Holli Kemmer,291,Mark Perez,113
General_2017,City Council,LONGVIEW,Pos. 5,31,< 25%,2442,MaryAlice L. Wallis,4866,Megan Richie,2424
General_2017,City Council,LONGVIEW,Pos. 6,31,< 25%,1576,Chet Makinster,4451,Dianne Quast,2875
General_2017,City Council,LONGVIEW,Pos. 7,31,< 25%,1048,Steve Moon,4144,Amber Rosewood,3096
General_2017,City Council,LYMAN,Pos. 1,0,< 25%,55,Mark J Harris,55,,0
General_2017,City Council,LYMAN,Pos. 2,0,< 25%,55,Jeremy Mast,55,,0
General_2017,City Council,LYNDEN,Pos. 5,6,< 25%,3136,Nick H. Laninga,3136,,0
General_2017,City Council,LYNDEN,Pos. 6,6,< 25%,1613,Kyle Strengholt,2616,Jack Lathrop,1003
General_2017,City Council,LYNDEN,Pos. 7,6,< 25%,322,Mark H. Wohlrab,1990,David Burns,1668
General_2017,City Council,LYNNWOOD,Pos. 1,1614,> 50%,309,Christine Frizzell,3286,Van AuBuchon,2977
General_2017,City Council,LYNNWOOD,Pos. 2,1614,> 50%,565,Ian Cotton,3409,Shanon Tysland,2844
General_2017,City Council,LYNNWOOD,Pos. 3,1614,> 50%,121,Ruth Ross,3165,Rosamaria Graziani,3044
General_2017,City Council,MALDEN,Pos. 2,1,< 25%,11,Tamra VanDyke,31,Colleen Cross,20
General_2017,City Council,MALDEN,Pos. 3,1,< 25%,38,Dan Harwood,38,,0
General_2017,City Council,MALDEN,Pos. 4,1,< 25%,38,Robert Law,38,,0
General_2017,City Council,MALDEN,Pos. 5,1,< 25%,40,Lori Dickinson,40,,0
General_2017,City Council,MANSFIELD,Pos. 2,0,< 25%,76,Adam Foged,76,,0
General_2017,City Council,MANSFIELD,Pos. 4,0,< 25%,50,Gerald Poole,50,,0
General_2017,City Council,MAPLE VALLEY,Pos. 2,181,< 25%,4051,Linda Olson,4051,,0
General_2017,City Council,MAPLE VALLEY,Pos. 4,181,< 25%,1571,Erin M. Weaver,3298,William Prince,1727
General_2017,City Council,MAPLE VALLEY,Pos. 6,181,< 25%,1606,Dana C. Parnello,3289,Richard Axtell,1683
General_2017,City Council,MARCUS,Pos. 1,0,< 25%,46,Dana DePaulo,46,,0
General_2017,City Council,MARCUS,Pos. 4,0,< 25%,49,Jean L. Leland,49,,0
General_2017,City Council,MARYSVILLE,Pos. 1,310,< 25%,3166,Jeffrey D. Vaughan,6604,Robert (Bob) Weiss,3438
General_2017,City Council,MARYSVILLE,Pos. 2,310,< 25%,1909,Mark James,6142,Donna M. Wright,4233
General_2017,City Council,MARYSVILLE,Pos. 3,310,< 25%,1314,Tom King,5722,Jeff Seibert,4408
General_2017,City Council,MARYSVILLE,Pos. 4,310,< 25%,6803,Michael Stevens,8339,Elijah Olson,1536
General_2017,City Council,MATTAWA,Pos. 1,0,< 25%,50,Sun Hwang,50,,0
General_2017,City Council,MATTAWA,Pos. 4,0,< 25%,50,Ellen Hopkins,50,,0
General_2017,City Council,MATTAWA,Pos. 5,0,< 25%,47,Alexander Heredia,47,,0
General_2017,City Council,MATTAWA,Pos. 7,0,< 25%,55,Wendy Lopez,55,,0
General_2017,City Council,MATTAWA,Pos. 3,0,< 25%,54,Silvia Barajas,54,,0
General_2017,City Council,MCCLEARY,Pos. 2,0,< 25%,100,Brycen Huff,199,Gary Atkins,99
General_2017,City Council,MCCLEARY,Pos. 3,0,< 25%,70,Jaron Heller,175,Eric J. Hart,105
General_2017,City Council,MCCLEARY,Pos. 4,0,< 25%,121,Ben Blankenship,204,John Dunning,83
General_2017,City Council,MCCLEARY,Pos. 5,0,< 25%,259,Joy Iversen,259,,0
General_2017,City Council,MEDICAL LAKE,Pos. 1,2,< 25%,733,John R Paikuli,733,,0
General_2017,City Council,MEDICAL LAKE,Pos. 2,2,< 25%,125,John Merrick,528,Elizabeth Rosenbeck,403
General_2017,City Council,MEDICAL LAKE,Pos. 3,2,< 25%,764,Arthur (AJ) Burton,764,,0
General_2017,City Council,MEDICAL LAKE,Pos. 4,2,< 25%,15,Tony Harbolt,480,Don Kennedy,465
General_2017,City Council,MEDICAL LAKE,Pos. 5,2,< 25%,165,Theodore E. Olson,550,Gary J. Plumlee,385
General_2017,City Council,MEDINA,Pos. 1,24,< 25%,622,Jessica L. Rossman,622,,0
General_2017,City Council,MEDINA,Pos. 3,24,< 25%,589,Jennifer H. Garone,589,,0
General_2017,City Council,MEDINA,Pos. 5,24,< 25%,593,Roger Frey,593,,0
General_2017,City Council,MEDINA,Pos. 7,24,< 25%,612,Alex Morcos,612,,0
General_2017,City Council,MERCER ISLAND,Pos. 2,149,< 25%,5962,Salim Nice,5962,,0
General_2017,City Council,MERCER ISLAND,Pos. 4,149,< 25%,928,Tom Acker,4592,Joy Langley,3664
General_2017,City Council,MERCER ISLAND,Pos. 6,149,< 25%,2432,Benson D. Wong,5325,Mark Coen,2893
General_2017,City Council,MESA,Pos. 4,1,< 25%,22,Darrell Tarvin,22,,0
General_2017,City Council,MESA,Pos. 5,1,< 25%,25,Karen Sharp Bear,25,,0
General_2017,City Council,METALINE,Pos. 2,0,< 25%,50,Victoria (Tori) Reeve,50,,0
General_2017,City Council,METALINE,Pos. 1,0,< 25%,72,Tessin Maxwell,72,,0
General_2017,City Council,METALINE,Pos. 3,0,< 25%,69,Sam McGeorge,69,,0
General_2017,City Council,METALINE,Pos. 4,0,< 25%,66,Roger Aydelott,66,,0
General_2017,City Council,METALINE,Pos. 5,0,< 25%,64,Jerry Weaver,64,,0
General_2017,City Council,MILL CREEK,Pos. 1,217,< 25%,1606,Sean Kelly,2661,Carmen Fisher,1055
General_2017,City Council,MILL CREEK,Pos. 2,217,< 25%,3129,Jared M. Mead,3129,,0
General_2017,City Council,MILL CREEK,Pos. 3,217,< 25%,3051,Pam Pruitt,3051,,0
General_2017,City Council,MILL CREEK,Pos. 4,217,< 25%,3141,Brian Holtzclaw,3141,,0
General_2017,City Council,MILLWOOD,Pos. 1,0,< 25%,307,Shawna Beese,307,,0
General_2017,City Council,MILLWOOD,Pos. 2,0,< 25%,304,Daniel (Dan) Sander,304,,0
General_2017,City Council,MILTON,Pos. 1,12,< 25%,82,Steve Whitaker,812,Thomas (Tom) Boyle,730
General_2017,City Council,MILTON,Pos. 2,12,< 25%,558,Susan J.F. Johnson,1046,Laurie (Rose) Hatch,488
General_2017,City Council,MILTON,Pos. 3,12,< 25%,1029,Bryan W. Ott,1029,,0
General_2017,City Council,MILTON,Pos. 5,12,< 25%,1221,Todd Morton,1221,,0
General_2017,City Council,MILTON,Pos. 3,12,> 50%,19,Lisa R Johnson,19,,0
General_2017,City Council,MILTON,Pos. 4,12,> 50%,20,Scott Bates,20,,0
General_2017,City Council,MILTON,Pos. 5,12,> 50%,19,Michael Brockman,19,,0
General_2017,City Council,MONROE,Pos. 1,85,< 25%,469,Kevin Hanford,1480,R. Todd Fredrickson,1011
General_2017,City Council,MONROE,Pos. 2,85,< 25%,2097,Patsy Cudaback,2097,,0
General_2017,City Council,MONROE,Pos. 3,85,< 25%,416,Jeff Rasmussen,1461,Jacob Walker,1045
General_2017,City Council,MONROE,Pos. 7,85,< 25%,879,Kirk Scarboro,1666,Kevin McDowell,787
General_2017,City Council,MONTESANO,Pos. 1,1,< 25%,750,Clint Bryson,750,,0
General_2017,City Council,MONTESANO,Pos. 2,1,< 25%,159,Ian Cope,562,Barry Iverson,403
General_2017,City Council,MONTESANO,Pos. 3,1,< 25%,98,Kim Cristobal,524,Robert Hatley,426
General_2017,City Council,MONTESANO,Pos. 6,1,< 25%,74,Tyler Trimble,506,Ray Meyers,432
General_2017,City Council,MOSES LAKE,Pos. 1,36,< 25%,313,Michael Riggs,1532,Dean Hankins,1219
General_2017,City Council,MOSES LAKE,Pos. 2,36,< 25%,336,Karen Liebrecht,1610,Jason F Avila,1274
General_2017,City Council,MOSES LAKE,Pos. 5,36,< 25%,1124,David Curnel,1996,Nathaniel Pack,872
General_2017,City Council,MOSES LAKE,Pos. 4,36,25-50%,74,Daryl M Jackson,1031,Barry Lawson,957
General_2017,City Council,MOUNT VERNON,Ward 2 Pos. 2,37,< 25%,1111,Gary Molenaar,3191,Jorge Manzanera,2080
General_2017,City Council,MOUNT VERNON,Ward 3 Pos. 2,37,< 25%,3966,Melissa Beaton,3966,,0
General_2017,City Council,MOUNT VERNON,At-Large,37,< 25%,490,Richard Brocksmith,2923,Dale Ragan,2433
General_2017,City Council,MOUNT VERNON,Ward 1 Pos. 2,37,> 50%,52,Iris Car√≠as,2653,Ken Quam,2601
General_2017,City Council,MOUNTLAKE TERRACE,Pos. 1,231,< 25%,1264,Rick Ryan,2729,Stephen Barnes,1465
General_2017,City Council,MOUNTLAKE TERRACE,Pos. 3,231,< 25%,3375,Douglas B. McCardle,3375,,0
General_2017,City Council,MOUNTLAKE TERRACE,Pos. 2,231,25-50%,524,Jerry E. Smith,2340,Margaret Loiseau,1816
General_2017,City Council,MOUNTLAKE TERRACE,Pos. 4,231,25-50%,915,Kyoko Matsumoto Wright,2567,Seaun Richards,1652
General_2017,City Council,MUKILTEO,Pos. 1,239,< 25%,1014,Anna Rohrbough,3855,James Yoo,2841
General_2017,City Council,MUKILTEO,Pos. 2,239,< 25%,2303,Bob Champion,4637,Peter Zieve,2334
General_2017,City Council,MUKILTEO,Pos. 3,239,> 50%,341,Sarah L. Kneller,3460,Tony Markey,3119
General_2017,City Council,NEWCASTLE,Pos. 6,117,< 25%,742,Tamra Kammin,1636,Maggie Riley,894
General_2017,City Council,NEWCASTLE,Pos. 7,117,< 25%,1889,Tom Magers,1889,,0
General_2017,City Council,NEWCASTLE,Pos. 5,117,> 50%,76,Dave Mitchell,1318,Rich Crispo,1242
General_2017,City Council,NEWPORT,Pos. 2,1,< 25%,365,NANCY HAWKS-THOMPSON,365,,0
General_2017,City Council,NOOKSACK,Pos. 1,0,< 25%,248,Fritz Zemler,248,,0
General_2017,City Council,NOOKSACK,Pos. 2,0,< 25%,45,Daniel Bennett,167,Megan Shoemaker,122
General_2017,City Council,NOOKSACK,Pos. 3,0,< 25%,265,Tom Jones,265,,0
General_2017,City Council,NORMANDY PARK,Pos. 2,16,< 25%,1745,Susan J. West,1745,,0
General_2017,City Council,NORMANDY PARK,Pos. 4,16,< 25%,645,Mike Bishoff,1460,Kathleen Waters,815
General_2017,City Council,NORMANDY PARK,Pos. 6,16,< 25%,312,Patrick McDonald,1273,Kathleen Quong-Vermeire,961
General_2017,City Council,NORMANDY PARK,Pos. 7,16,< 25%,1689,Sue-Ann Hohimer,1689,,0
General_2017,City Council,NORMANDY PARK,Pos. 1,16,25-50%,41,Shawn McEvoy,1153,Earnest Thompson,1112
General_2017,City Council,NORTH BEND,Pos. 2,31,< 25%,547,Alan D. Gothelf,1008,Ryan Stothers,461
General_2017,City Council,NORTH BEND,Pos. 4,31,< 25%,193,Ross Loudenback,849,Rich Wiltshire,656
General_2017,City Council,NORTH BEND,Pos. 6,31,< 25%,1105,Jeanne Pettersen,1105,,0
General_2017,City Council,NORTH BONNEVILLE,Pos. 1,2,< 25%,169,Terry B. Norris,169,,0
General_2017,City Council,NORTH BONNEVILLE,Pos. 2,2,< 25%,169,Travis Randall,169,,0
General_2017,City Council,NORTHPORT,Pos. 3,0,< 25%,95,Darelynn J Brunette,95,,0
General_2017,City Council,NORTHPORT,Pos. 5,0,< 25%,74,Bertha Matteson,88,Luke Aaron Short,14
General_2017,City Council,OAK HARBOR,Pos. 4,22,< 25%,2214,Erica Wasinger,2214,,0
General_2017,City Council,OAK HARBOR,Pos. 5,22,< 25%,2191,Joel Servatius,2191,,0
General_2017,City Council,OAK HARBOR,Pos. 6,22,< 25%,2132,James (Jim) Woessner,2132,,0
General_2017,City Council,OAK HARBOR,Pos. 7,22,< 25%,2151,Bill Larsen,2151,,0
General_2017,City Council,OAKESDALE,Pos. 4,0,< 25%,125,Randy Robinson,125,,0
General_2017,City Council,OAKESDALE,Pos. 5,0,< 25%,128,Thomas D Johnson,128,,0
General_2017,City Council,OAKVILLE,Pos. 3,0,< 25%,85,Anthony Smith,85,,0
General_2017,City Council,OAKVILLE,Pos. 5,0,< 25%,99,John Ruymann,99,,0
General_2017,City Council,OCEAN SHORES,Pos. 1,2,< 25%,96,Susan Conniry,1128,John Lynn,1032
General_2017,City Council,OCEAN SHORES,Pos. 3,2,< 25%,140,Lisa Griebel,1083,Shannon Rubin,943
General_2017,City Council,OCEAN SHORES,Pos. 5,2,< 25%,256,Steve Ensley,1134,Randy D. Scott,878
General_2017,City Council,OCEAN SHORES,Pos. 7,2,< 25%,299,Robert Crumpacker,1161,Carlos Roldan,862
General_2017,City Council,ODESSA,Pos. 1,0,< 25%,231,Victoria S. Iverson,231,,0
General_2017,City Council,ODESSA,Pos. 3,0,< 25%,237,Landon Lobe,237,,0
General_2017,City Council,ODESSA,Pos. 4,0,< 25%,234,Kelly G. Watkins,234,,0
General_2017,City Council,OKANOGAN,Pos. 2,2,< 25%,276,Angelee Brown-Nanamkin,276,,0
General_2017,City Council,OKANOGAN,Pos. 3,2,< 25%,286,Cory D. Costello,286,,0
General_2017,City Council,OKANOGAN,Pos. 6,2,< 25%,304,Denise Varner,304,,0
General_2017,City Council,OLYMPIA,Pos. 4,371,< 25%,2882,Clark Gilman,8050,Max Brown,5168
General_2017,City Council,OLYMPIA,Pos. 5,371,< 25%,3265,Lisa Parshley,8280,Allen Miller,5015
General_2017,City Council,OLYMPIA,Pos. 7,371,< 25%,7350,Jim Cooper,10136,Daniel (Danny) Marsh,2786
General_2017,City Council,OLYMPIA,Pos. 6,371,25-50%,1012,Renata Rollins,7159,Jeannine Roe,6147
General_2017,City Council,OMAK,Pos. 1,3,< 25%,563,Michael Foth,563,,0
General_2017,City Council,OMAK,Pos. 2,3,< 25%,564,Michelle Gaines,564,,0
General_2017,City Council,OMAK,Pos. 3,3,< 25%,573,Nattalie Cariker,573,,0
General_2017,City Council,OMAK,Pos. 4,3,< 25%,574,David A. Womack,574,,0
General_2017,City Council,OROVILLE,Pos. 1,1,< 25%,231,Ed Naillon,231,,0
General_2017,City Council,OROVILLE,Pos. 2,1,< 25%,220,Anthony Calvin Koepke,220,,0
General_2017,City Council,OROVILLE,Pos. 5,1,< 25%,207,Robert Fuchs,207,,0
General_2017,City Council,ORTING,Pos. 1,22,< 25%,114,Tod Gunther,830,Gregory Hogan,716
General_2017,City Council,ORTING,Pos. 2,22,< 25%,1051,John Kelly,1051,,0
General_2017,City Council,ORTING,Pos. 7,22,< 25%,1227,Scott Drennen,1227,,0
General_2017,City Council,ORTING,Pos. 3,22,> 50%,21,Michelle Gehring,780,Douglas Bishop,759
General_2017,City Council,OTHELLO,Pos. 1,4,< 25%,450,Genna Dorow,450,,0
General_2017,City Council,OTHELLO,Pos. 2,4,< 25%,435,John G. Lallas,435,,0
General_2017,City Council,OTHELLO,Pos. 3,4,< 25%,427,Corey Everett,427,,0
General_2017,City Council,PACIFIC,Pos. 2,42,< 25%,490,Kerry Garberding,490,,0
General_2017,City Council,PACIFIC,Pos. 4,42,< 25%,503,Vic Kave,503,,0
General_2017,City Council,PACIFIC,Pos. 5,42,< 25%,501,Stacy May Oliveira,501,,0
General_2017,City Council,PACIFIC,Pos. 7,42,< 25%,500,Don Thomson,500,,0
General_2017,City Council,PALOUSE,Pos. 3,0,< 25%,226,Tim Sievers,226,,0
General_2017,City Council,PALOUSE,Pos. 4,0,< 25%,220,John S Snyder,220,,0
General_2017,City Council,PALOUSE,Pos. 7,0,< 25%,231,Bob Stout,231,,0
General_2017,City Council,PASCO,Pos. 7,57,< 25%,6667,Matt Watkins,6667,,0
General_2017,City Council,PASCO,District 3,57,< 25%,815,Saul Martinez,1659,Rick Rios,844
General_2017,City Council,PASCO,District 4,57,< 25%,238,Pete Serrano,853,Dan Hatch,615
General_2017,City Council,PASCO,District 5,57,< 25%,361,David Milne,1632,Rebecca Francik,1271
General_2017,City Council,PASCO,District 1,57,> 50%,64,Blanche Barajas,259,Marla Rico,195
General_2017,City Council,PASCO,District 2,57,> 50%,107,Ruben Alvarado,259,Al Yenney,152
General_2017,City Council,PASCO,District 6,57,> 50%,86,Craig Maloney,262,Bob Hoffmann,176
General_2017,City Council,PATEROS,Pos. 1,1,< 25%,55,Christine Perry,55,,0
General_2017,City Council,PATEROS,Pos. 4,1,< 25%,59,Michael L. Harding,59,,0
General_2017,City Council,PORT ANGELES,Pos. 1,16,< 25%,1346,James (Jim) Moran,2843,Todd Negus,1497
General_2017,City Council,PORT ANGELES,Pos. 2,16,< 25%,1865,Mike French,3229,Jacob Oppelt,1364
General_2017,City Council,PORT ANGELES,Pos. 3,16,< 25%,2020,Lindsey Schromen-Wawrin,3415,Artur Wojnowski,1395
General_2017,City Council,PORT ANGELES,Pos. 4,16,< 25%,301,Kate Dexter,2567,Travis Berglund,2266
General_2017,City Council,PORT ORCHARD,At-Large,36,< 25%,1084,Jay Rosapepe,1784,Clancy Donlin,700
General_2017,City Council,PORT ORCHARD,Pos. 2,36,< 25%,1936,Bek Ashby,1936,,0
General_2017,City Council,PORT ORCHARD,Pos. 3,36,< 25%,1891,Scott Diener,1891,,0
General_2017,City Council,PORT ORCHARD,Pos. 6,36,< 25%,759,Fred J. Chang,1673,Maureen Wheeler,914
General_2017,City Council,PORT TOWNSEND,Pos. 1,9,< 25%,2940,Michelle Sandoval,2940,,0
General_2017,City Council,PORT TOWNSEND,Pos. 2,9,< 25%,2881,Ariel J. Speser,2881,,0
General_2017,City Council,PORT TOWNSEND,Pos. 5,9,< 25%,2688,Pamela Adams,2688,,0
General_2017,City Council,POULSBO,Pos. 5,29,< 25%,2286,Ed Stern,2286,,0
General_2017,City Council,POULSBO,Pos. 6,29,< 25%,2008,David Musgrove,2008,,0
General_2017,City Council,POULSBO,Pos. 7,29,< 25%,1583,John R. Bukowsky,1583,,0
General_2017,City Council,PRESCOTT,Pos. 1,0,< 25%,54,William (Paul) Forney,54,,0
General_2017,City Council,PRESCOTT,Pos. 2,0,< 25%,52,Val Jacobson,52,,0
General_2017,City Council,PROSSER,Pos. 1,1,< 25%,789,Don Aubrey,789,,0
General_2017,City Council,PROSSER,Pos. 2,1,< 25%,732,Morgan Everett,732,,0
General_2017,City Council,PROSSER,Pos. 3,1,< 25%,766,Rob Siemens,766,,0
General_2017,City Council,PROSSER,Pos. 7,1,< 25%,749,Stephanie D Groom,749,,0
General_2017,City Council,PULLMAN,Pos. 2,94,> 50%,12,Dan Records,251,Garren Shannon,239
General_2017,City Council,PULLMAN,Pos. 3,94,> 50%,145,Brandon Chapman,414,Jeff Hawbaker,269
General_2017,City Council,PULLMAN,Pos. 1,94,25-50%,316,Al (Alan) Sorensen,1285,Eric Fejeran,969
General_2017,City Council,PUYALLUP,Pos. 2,381,> 50%,556,Jim Kastama,1396,John Hopkins,840
General_2017,City Council,PUYALLUP,Pos. 2,381,> 50%,13,Cynthia Jacobsen,1237,Heather Shadko,1224
General_2017,City Council,PUYALLUP,Pos. 2,381,25-50%,1136,Julie L. Door,1664,Jeremy Hamel,528
General_2017,City Council,QUINCY,Pos. 4,2,< 25%,711,Andrew Royer,711,,0
General_2017,City Council,QUINCY,Pos. 5,2,< 25%,670,David Day,670,,0
General_2017,City Council,QUINCY,Pos. 2,2,< 25%,226,Luke Garrison,492,Joel Martin,266
General_2017,City Council,RAINIER,Pos. 1,6,< 25%,268,Kristin Guizzetti,268,,0
General_2017,City Council,RAINIER,Pos. 2,6,< 25%,299,George Johnson,299,,0
General_2017,City Council,RAINIER,Pos. 3,6,< 25%,283,Tom Arnbrister,283,,0
General_2017,City Council,RAINIER,Pos. 5,6,< 25%,267,Everett O. Gage,267,,0
General_2017,City Council,RAYMOND,Pos. 1,1,< 25%,426,Ryan Porter,426,,0
General_2017,City Council,RAYMOND,Pos. 2,1,< 25%,188,Kaley Hanson,365,Lareina Garcia,177
General_2017,City Council,RAYMOND,Pos. 3,1,< 25%,421,Colby Rogers,421,,0
General_2017,City Council,RAYMOND,Pos. 4,1,< 25%,455,Chris Halpin,455,,0
General_2017,City Council,RAYMOND,Pos. 5,1,< 25%,396,Dee Roberts,396,,0
General_2017,City Council,REARDAN,Pos. 3,0,< 25%,137,Celeste Lewis,137,,0
General_2017,City Council,REARDAN,Pos. 5,0,< 25%,149,Leanne Merkel,149,,0
General_2017,City Council,REDMOND,Pos. 2,1561,> 50%,1265,Steve Fields,6328,Byron Shutz,5063
General_2017,City Council,REDMOND,Pos. 4,1561,> 50%,2819,Tanika Padhye,7194,Eugene Zakhareyev,4375
General_2017,City Council,REDMOND,Pos. 6,1561,25-50%,3623,Jeralee Anderson,7503,Jason Antonelli,3880
General_2017,City Council,RENTON,Pos. 1,1321,< 25%,8355,Randy Corman,10920,Neil Sheesley,2565
General_2017,City Council,RENTON,Pos. 2,1321,> 50%,2477,Armondo Pavone,8241,Diane Dobson,5764
General_2017,City Council,RENTON,Pos. 6,1321,> 50%,1841,Ruth Perez,7790,Jami Smith,5949
General_2017,City Council,REPUBLIC,Pos. 1,2,< 25%,239,Loni Simone,239,,0
General_2017,City Council,REPUBLIC,Pos. 3,2,< 25%,249,Rachel D. Siracuse,249,,0
General_2017,City Council,REPUBLIC,Pos. 4,2,< 25%,137,Marty Rugo,203,Wade Culp,66
General_2017,City Council,REPUBLIC,Pos. 5,2,< 25%,155,Jim Burnside,228,Jaina Bledsoe,73
General_2017,City Council,RICHLAND,Pos. 3,223,< 25%,4643,Sandra Kent,8463,Lloyd Becker,3820
General_2017,City Council,RICHLAND,Pos. 4,223,< 25%,1178,Ryan Lukson,6763,Ginger Wireman,5585
General_2017,City Council,RICHLAND,Pos. 7,223,< 25%,1549,Michael Alvarez,7021,Dori Luzzo Gilmour,5472
General_2017,City Council,RICHLAND,Pos. 2,223,< 25%,1094,Rich Buel,2382,Merle N Johnson,1288
General_2017,City Council,RICHLAND,Pos. 3,223,< 25%,933,Gail Brown,2287,Michelle Marcum,1354
General_2017,City Council,RICHLAND,Pos. 4,223,< 25%,2865,Richard Bloom,2865,,0
General_2017,City Council,RICHLAND,Pos. 6,223,> 50%,131,Fred Brink,1912,Kate Moran,1781
General_2017,City Council,RICHLAND,Pos. 1,223,25-50%,889,Bob Thompson,6651,Rhoda Williams,5762
General_2017,City Council,RICHLAND,Pos. 1,223,25-50%,453,John E. Smart,2061,Robert Perkes,1608
General_2017,City Council,RIDGEFIELD,Pos. 1,55,< 25%,1000,Ron Onslow,1000,,0
General_2017,City Council,RIDGEFIELD,Pos. 4,55,< 25%,1008,Don Stose,1008,,0
General_2017,City Council,RIDGEFIELD,Pos. 6,55,< 25%,984,John Main,984,,0
General_2017,City Council,RITZVILLE,At-Large,0,< 25%,319,Michelle Plumb,319,,0
General_2017,City Council,RITZVILLE,Ward 3,0,< 25%,384,Scott Yaeger,384,,0
General_2017,City Council,RITZVILLE,Ward 5,0,< 25%,287,Michael Schrag,287,,0
General_2017,City Council,RIVERSIDE,Pos. 1,1,< 25%,46,Margie Mefford,46,,0
General_2017,City Council,RIVERSIDE,Pos. 2,1,< 25%,36,Bill Bond,36,,0
General_2017,City Council,RIVERSIDE,Pos. 3,1,< 25%,44,Joshua Crofoot,44,,0
General_2017,City Council,ROCK ISLAND,Pos. 1,1,< 25%,10,Ray Pearson,46,Cameron Marchmonte,36
General_2017,City Council,ROCK ISLAND,Pos. 2,1,< 25%,66,Jessica Ochoa,66,,0
General_2017,City Council,ROCK ISLAND,Pos. 3,1,< 25%,63,Brad Hampton,63,,0
General_2017,City Council,ROCK ISLAND,Pos. 4,1,< 25%,9,Mariah Monesmith Kreider,42,Jana C Howard,33
General_2017,City Council,ROCK ISLAND,Pos. 5,1,< 25%,67,Carmen Andonaegui,67,,0
General_2017,City Council,ROSALIA,Pos. 1,0,< 25%,198,Matthew Floyd,198,,0
General_2017,City Council,ROSALIA,Pos. 3,0,< 25%,4,Bob Hill,119,Janet Meier Strohl,115
General_2017,City Council,ROSALIA,Pos. 5,0,< 25%,110,Eric Eilertson,169,Jacob Dickinson,59
General_2017,City Council,ROSLYN,Pos. 3,0,< 25%,52,Write-In: Leah Hadfield,179,Dustin Rand Auckland,127
General_2017,City Council,ROSLYN,Pos. 5,0,< 25%,57,Jeff Adams,218,Doug Kilgore,161
General_2017,City Council,ROSLYN,Pos. 6,0,< 25%,245,Bethany F. Spurrier,245,,0
General_2017,City Council,ROSLYN,Pos. 7,0,< 25%,267,Nolan Walter Weis,267,,0
General_2017,City Council,ROY,Pos. 3,4,< 25%,586,Adam Hodges,586,,0
General_2017,City Council,ROY,Pos. 4,4,< 25%,277,James Harris,450,Chere Resnick,173
General_2017,City Council,ROY,Pos. 5,4,< 25%,611,Susie Bowles,611,,0
General_2017,City Council,ROY,Pos. 1,4,< 25%,78,Jessie Ashman,78,,0
General_2017,City Council,ROY,Pos. 3,4,< 25%,88,Elton Poole,88,,0
General_2017,City Council,ROY,Pos. 4,4,< 25%,82,Harvey L. Gilchrist,82,,0
General_2017,City Council,ROY,Pos. 5,4,< 25%,89,Leon E. Garrison,89,,0
General_2017,City Council,ROY,Pos. 1,4,< 25%,61,Gary A Fanning,61,,0
General_2017,City Council,ROY,Pos. 5,4,< 25%,59,Tiffany Workinger,59,,0
General_2017,City Council,RUSTON,Pos. 1,4,< 25%,192,Lyle F. Hardin,192,,0
General_2017,City Council,RUSTON,Pos. 2,4,< 25%,197,Deborah Kristovich,197,,0
General_2017,City Council,RUSTON,Pos. 4,4,< 25%,185,Bradley Huson,185,,0
General_2017,City Council,SAMMAMISH,Pos. 7,908,< 25%,3971,Pam Stuart,9372,John Robinson,5401
General_2017,City Council,SAMMAMISH,Pos. 3,908,> 50%,972,Karen Moran,7864,Karen N. Howe,6892
General_2017,City Council,SAMMAMISH,Pos. 5,908,> 50%,849,Chris Ross,7989,Rituja Indapure,7140
General_2017,City Council,SAMMAMISH,Pos. 1,908,25-50%,2146,Jason Ritchie,8430,Mark Baughman,6284
General_2017,City Council,SEATAC,Pos. 2,1163,> 50%,209,Joel Wachtel,1786,Kathryn Campbell,1577
General_2017,City Council,SEATAC,Pos. 4,1163,> 50%,210,Clyde (Fuzz) Hill,1743,Pam Pollock,1533
General_2017,City Council,SEATAC,Pos. 6,1163,25-50%,2570,Pam Fernald,2570,,0
General_2017,City Council,SEATTLE,Pos. 8,8052,< 25%,39890,Teresa Mosqueda,121192,Jon Grant,81302
General_2017,City Council,SEATTLE,Pos. 9,8052,< 25%,85139,M. Lorena Gonz√°lez,143839,Pat Murakami,58700
General_2017,City Council,SEDRO-WOOLLEY,At-Large,5,< 25%,41,Jared W. Couch,800,Pola Kelley,759
General_2017,City Council,SEDRO-WOOLLEY,Ward 2,5,< 25%,187,Germaine Kornegay,187,,0
General_2017,City Council,SEDRO-WOOLLEY,Ward 3,5,< 25%,26,Brenda Kinzer,126,J. Dennis ONeil,100
General_2017,City Council,SEDRO-WOOLLEY,Ward 6,5,< 25%,97,Karl de Jong,185,Harold Beitler,88
General_2017,City Council,SEQUIM,Pos. 3,19,< 25%,1440,Ted Miller,1440,,0
General_2017,City Council,SEQUIM,Pos. 4,19,< 25%,1323,Dennis L. Smith,1323,,0
General_2017,City Council,SEQUIM,Pos. 5,19,< 25%,1377,Brandon Janisse,1377,,0
General_2017,City Council,SEQUIM,Pos. 6,19,< 25%,1407,Bob Lake,1407,,0
General_2017,City Council,SHORELINE,Pos. 3,580,< 25%,9766,Will Hall,9766,,0
General_2017,City Council,SHORELINE,Pos. 5,580,< 25%,7236,Susan Chang,10135,Carolyn Ahlgreen,2899
General_2017,City Council,SHORELINE,Pos. 7,580,< 25%,9715,Christopher Roberts,9715,,0
General_2017,City Council,SHORELINE,Pos. 1,580,25-50%,1295,Keith A. McGlashan,7299,Jin-Ah Kim,6004
General_2017,City Council,SKYKOMISH,Pos. 1,0,< 25%,43,Todd Brunner,43,,0
General_2017,City Council,SKYKOMISH,Pos. 2,0,< 25%,38,Shelly Farnham,38,,0
General_2017,City Council,SKYKOMISH,Pos. 4,0,< 25%,46,Frank Martin,46,,0
General_2017,City Council,SNOHOMISH,Pos. 3,227,< 25%,1202,Jason Sanders,2061,Daryl Ferguson,859
General_2017,City Council,SNOHOMISH,Pos. 4,227,> 50%,102,Tom Merrill,1545,R.C. (Swede) Johnson,1443
General_2017,City Council,SNOHOMISH,Pos. 5,227,> 50%,68,Linda Redmon,1511,Bob Dvorak,1443
General_2017,City Council,SNOHOMISH,Pos. 6,227,> 50%,287,Larry Countryman,1650,Eric Reyes,1363
General_2017,City Council,SNOHOMISH,Pos. 7,227,> 50%,328,Steve Dana,1648,Lisa Caldwell,1320
General_2017,City Council,SNOQUALMIE,Pos. 5,160,< 25%,1107,Matt Laase,2196,Terry Sorenson,1089
General_2017,City Council,SNOQUALMIE,Pos. 1,160,> 50%,259,Bob Jeans,1859,Cristie Coffing,1600
General_2017,City Council,SNOQUALMIE,Pos. 3,160,> 50%,278,Bryan Holloway,1807,Tom Wood,1529
General_2017,City Council,SNOQUALMIE,Pos. 6,160,> 50%,44,Sean Sundwall,1754,Monica Lowney,1710
General_2017,City Council,SNOQUALMIE,Pos. 7,160,> 50%,271,Peggy Shepard,1812,Kathi Prewitt,1541
General_2017,City Council,SNOQUALMIE,Pos. 2,160,25-50%,453,Katherine Ross,1943,Lesley Sheppard,1490
General_2017,City Council,SOAP LAKE,Pos. 3,2,< 25%,145,Dave Tweedy,209,Kandis (Kandi) Lair,64
General_2017,City Council,SOAP LAKE,Pos. 4,2,< 25%,34,Debra Parmeter Still,153,Robert L Brown,119
General_2017,City Council,SOUTH,Pos. 1,0,< 25%,1,Daryle Buchanan,199,Wyatt R. Kuiken,198
General_2017,City Council,SOUTH,Pos. 3,0,< 25%,96,Patricia (Pat) Neve,239,Joshua Martin,143
General_2017,City Council,SOUTH,Pos. 4,0,< 25%,28,Janice Hall Davis,214,Aaragon Markwell,186
General_2017,City Council,SOUTH,Pos. 5,0,< 25%,173,Dale Little,280,Thomas L. Giacoma,107
General_2017,City Council,SOUTH,Pos. 2,0,< 25%,63,Tim Trent,63,,0
General_2017,City Council,SOUTH,Pos. 3,0,< 25%,58,Joseph E. Mills,58,,0
General_2017,City Council,SOUTH,Pos. 5,0,< 25%,57,Janyce Twardoski,57,,0
General_2017,City Council,SPANGLE,Pos. 1,0,< 25%,54,Ron Cockle,54,,0
General_2017,City Council,SPANGLE,Pos. 2,0,< 25%,48,Rebecca Johnson,48,,0
General_2017,City Council,SPANGLE,Pos. 5,0,< 25%,60,Steven Anderson,60,,0
General_2017,City Council,SPOKANE,District 2,708,< 25%,2869,Breean L. Beggs,10434,Andy Dunau,7565
General_2017,City Council,SPOKANE,Pos. 5,708,< 25%,3471,Pamela Haley,9395,Angie Beem,5924
General_2017,City Council,SPOKANE,District 1,708,> 50%,1369,Kate Burke,4799,Tim Benn,3430
General_2017,City Council,SPOKANE,District 3,708,> 50%,965,Candace Mumm,8276,Matthew Howes,7311
General_2017,City Council,SPOKANE,Pos. 1,708,> 50%,269,Rod Higgins,8207,Chris Jackson,7938
General_2017,City Council,SPOKANE,Pos. 2,708,25-50%,2282,Brandi Peetz,9123,J. Caleb Collier,6841
General_2017,City Council,SPOKANE,Pos. 4,708,25-50%,2775,Ben Wick,9433,Ed Pace,6658
General_2017,City Council,SPOKANE,Pos. 7,708,25-50%,2050,Linda (Hatcher) Thompson,8967,Mike Munch,6917
General_2017,City Council,SPRAGUE,Pos. 1,1,< 25%,92,Jeff Smith,92,,0
General_2017,City Council,SPRAGUE,Pos. 2,1,< 25%,25,M. Shawn Coombs,78,Robert Simon,53
General_2017,City Council,SPRAGUE,Pos. 3,1,< 25%,98,Rose (Rocky) Henson,98,,0
General_2017,City Council,SPRINGDALE,Pos. 1,4,< 25%,40,Stefany Wickham Smith,40,,0
General_2017,City Council,SPRINGDALE,Pos. 2,4,< 25%,43,Rick L Church,43,,0
General_2017,City Council,ST.,Pos. 3,0,< 25%,161,Jeff Smick,161,,0
General_2017,City Council,ST.,Pos. 4,0,< 25%,162,Frank C Watson,162,,0
General_2017,City Council,ST.,Pos. 5,0,< 25%,165,Bryan Bezdicek,165,,0
General_2017,City Council,STANWOOD,Pos. 1,24,< 25%,1096,Rob Johnson,1096,,0
General_2017,City Council,STANWOOD,Pos. 2,24,> 50%,12,Dianne Warsinske White,660,Steve Shepro,648
General_2017,City Council,STANWOOD,Pos. 7,24,25-50%,55,Judy Williams,667,Mike Braley,612
General_2017,City Council,STARBUCK,Pos. 4,0,< 25%,15,Write-In: DARCY LINKLATER,38,LA DONNA BRABANT,23
General_2017,City Council,STEILACOOM,Pos. 1,12,< 25%,1440,Peter Franklin,1440,,0
General_2017,City Council,STEILACOOM,Pos. 2,12,< 25%,1280,Marion V. Smith,1280,,0
General_2017,City Council,STEILACOOM,Pos. 3,12,< 25%,122,Roger A. Neal,918,Paul (P.K.) Thumbi,796
General_2017,City Council,STEVENSON,Pos. 1,2,< 25%,247,Robert C. Muth,247,,0
General_2017,City Council,STEVENSON,Pos. 2,2,< 25%,87,Amy Weissfeld,214,Bradlee C. Seehafer,127
General_2017,City Council,SULTAN,Pos. 1,23,< 25%,140,Bob McCarty,377,Shaun Carr,237
General_2017,City Council,SULTAN,Pos. 2,23,< 25%,129,John Seehuus,476,Dustin Burdette,347
General_2017,City Council,SULTAN,Pos. 6,23,< 25%,325,Christina Sivewright,573,Marianne Naslund,248
General_2017,City Council,SULTAN,Pos. 3,23,25-50%,92,Rocky Walker,449,Jason Lee,357
General_2017,City Council,SUMAS,Pos. 1,3,< 25%,249,Bruce Bosch,249,,0
General_2017,City Council,SUMAS,Pos. 2,3,< 25%,253,Richard D. Postma,253,,0
General_2017,City Council,SUMAS,Pos. 4,3,< 25%,254,Joshua J. Clawson,254,,0
General_2017,City Council,SUMNER,Pos. 2,16,< 25%,1427,Kathy Hayden,1427,,0
General_2017,City Council,SUMNER,Pos. 1,16,> 50%,13,Melony Pederson,847,Ronald (Ron) Haines,834
General_2017,City Council,SUMNER,Pos. 3,16,25-50%,61,Barbara Bitetto,895,Steve Allsop,834
General_2017,City Council,TACOMA,Pos. 6,695,< 25%,5526,Lillian Hunter,19124,Meredith Neal,13598
General_2017,City Council,TACOMA,District 2,695,> 50%,348,Robert Thoms,4469,Philip Cowan,4121
General_2017,City Council,TACOMA,District 4,695,> 50%,1052,Catherine Ushka,2940,Kevin Grossman,1888
General_2017,City Council,TACOMA,District 4,695,> 50%,326,Chris Beale,2434,Brian Arnold,2108
General_2017,City Council,TEKOA,Pos. 1,0,< 25%,217,Carol Sturman,217,,0
General_2017,City Council,TEKOA,Pos. 3,0,< 25%,3,Jason C Fletcher,133,Alyssa Heagy,130
General_2017,City Council,TEKOA,Pos. 4,0,< 25%,222,Roy Schulz,222,,0
General_2017,City Council,TEKOA,Pos. 6,0,< 25%,19,Wendy L Sienknecht,142,Edward (Ted) Blaszak,123
General_2017,City Council,TENINO,Pos. 1,8,< 25%,216,Linda Gotovac,216,,0
General_2017,City Council,TENINO,Pos. 3,8,< 25%,208,John J. O'Callahan,208,,0
General_2017,City Council,TENINO,Pos. 4,8,< 25%,208,Jason Lawton,208,,0
General_2017,City Council,TONASKET,Pos. 1,1,< 25%,199,Christa (Teagan) Levine,199,,0
General_2017,City Council,TONASKET,Pos. 3,1,< 25%,214,Jill Ritter,214,,0
General_2017,City Council,TUKWILA,Pos. 3,938,> 50%,636,Thomas McLeod,1675,Mark M. Larson,1039
General_2017,City Council,TUKWILA,Pos. 5,938,> 50%,263,Zak Idan,1579,Dennis Martinez,1316
General_2017,City Council,TUKWILA,Pos. 7,938,> 50%,893,De'Sean Quinn,1887,Laura Ann Garris,994
General_2017,City Council,TUKWILA,Pos. 1,938,25-50%,2191,Verna Seal,2191,,0
General_2017,City Council,TUMWATER,Pos. 4,47,< 25%,3542,Eileen Swarthout,3542,,0
General_2017,City Council,TUMWATER,Pos. 5,47,< 25%,2068,Michael Althauser,3221,Chelsea Rustad,1153
General_2017,City Council,TUMWATER,Pos. 6,47,< 25%,1307,Debbie Sullivan,2816,Brian Tomlinson,1509
General_2017,City Council,TWISP,Pos. 2,0,< 25%,177,Aaron Studen,177,,0
General_2017,City Council,TWISP,Pos. 3,0,< 25%,190,Alan Caswell,190,,0
General_2017,City Council,UNIONTOWN,Pos. 3,0,< 25%,60,Dan Warner,60,,0
General_2017,City Council,UNIONTOWN,Pos. 4,0,< 25%,59,Daniel P Baker,59,,0
General_2017,City Council,UNIONTOWN,Pos. 5,0,< 25%,2,Write-In: Ray Heitstuman,38,Steve Kelly,36
General_2017,City Council,UNIVERSITY PLACE,Pos. 3,236,< 25%,994,Steve Worthington,3855,Ken Campbell,2861
General_2017,City Council,UNIVERSITY PLACE,Pos. 4,236,< 25%,2319,Ken J. Grassi,4634,Carl J. Mollnow,2315
General_2017,City Council,UNIVERSITY PLACE,Pos. 5,236,< 25%,5357,Denise McCluskey,5357,,0
General_2017,City Council,UNIVERSITY PLACE,Pos. 1,236,25-50%,667,Javier Figueroa,3751,Betsy Tainer,3084
General_2017,City Council,VANCOUVER,Pos. 1,947,< 25%,6800,Scott Campbell,17449,Maureen McGoldrick,10649
General_2017,City Council,VANCOUVER,Pos. 2,947,< 25%,16923,Alishia Topper,23063,Justin M. Forsman,6140
General_2017,City Council,VANCOUVER,Pos. 3,947,< 25%,9168,Linda Glover,18875,Michelle Beardshear,9707
General_2017,City Council,WALLA WALLA,Pos. 1,26,< 25%,790,Riley Clubb,3113,Jim Barrow,2323
General_2017,City Council,WALLA WALLA,Pos. 2,26,< 25%,287,Yazmin Bahena,2742,Marilee D. McQuarrie,2455
General_2017,City Council,WALLA WALLA,Pos. 3,26,< 25%,195,Myron Huie,2730,Devon Wootten,2535
General_2017,City Council,WARDEN,Pos. 2,0,< 25%,90,Byron Starkey,90,,0
General_2017,City Council,WASHOUGAL,Pos. 1,41,< 25%,2233,Brent Boger,2233,,0
General_2017,City Council,WASHOUGAL,Pos. 3,41,< 25%,2188,Paul Greenlee,2188,,0
General_2017,City Council,WASHOUGAL,Pos. 5,41,< 25%,2198,Raymond A. Kutch,2198,,0
General_2017,City Council,WASHOUGAL,Pos. 6,41,< 25%,224,Julie A. Russell,1512,Adam S. Philbin,1288
General_2017,City Council,WASHTUCNA,Pos. 2,0,< 25%,58,Judith A. Schafer,58,,0
General_2017,City Council,WASHTUCNA,Pos. 3,0,< 25%,30,Timothy Kelley,44,Marcia Gulley,14
General_2017,City Council,WASHTUCNA,Pos. 5,0,< 25%,47,Jennifer Webb,47,,0
General_2017,City Council,WATERVILLE,Pos. 1,0,< 25%,218,Jenna Dixon,218,,0
General_2017,City Council,WATERVILLE,Pos. 2,0,< 25%,184,Loyd C. Smith,184,,0
General_2017,City Council,WAVERLY,Pos. 1,0,< 25%,7,Lori Stark,33,Kim Billington,26
General_2017,City Council,WAVERLY,Pos. 2,0,< 25%,57,Joel Martensen,57,,0
General_2017,City Council,WAVERLY,Pos. 4,0,< 25%,8,Alexander Fuchs,33,Devin Billington,25
General_2017,City Council,WAVERLY,Pos. 5,0,< 25%,31,Bree Killstrom,31,,0
General_2017,City Council,WENATCHEE,Pos. 3,36,< 25%,555,Chuck Johnson,1168,Morgan Fletcher,613
General_2017,City Council,WENATCHEE,Pos. 4,36,< 25%,1418,Jerrilea Crawford,1418,,0
General_2017,City Council,WENATCHEE,Pos. 7,36,< 25%,1413,Matthew Hepner,1413,,0
General_2017,City Council,WENATCHEE,Pos. 1,36,< 25%,4199,Jim Bailey,4199,,0
General_2017,City Council,WENATCHEE,Pos. 2,36,< 25%,1538,Ruth E. Esparza,3440,Adriana Farnsworth,1902
General_2017,City Council,WENATCHEE,Pos. 4,36,< 25%,501,Keith Huffaker,2928,Adam MacDonald,2427
General_2017,City Council,WESTPORT,Pos. 1,1,< 25%,318,Melissa Huerta,318,,0
General_2017,City Council,WESTPORT,Pos. 3,1,< 25%,150,Louis Summers,300,Michael Bruce,150
General_2017,City Council,WESTPORT,Pos. 4,1,< 25%,332,Tom Aronson,332,,0
General_2017,City Council,WHITE SALMON,Pos. 1,2,< 25%,15,Ashley Post,349,Ben Berger,334
General_2017,City Council,WHITE SALMON,Pos. 3,2,< 25%,68,Jason Hartmann,329,Jason Sabourin,261
General_2017,City Council,WHITE SALMON,Pos. 4,2,< 25%,97,Amy A. Martin,389,Dan Caldwell,292
General_2017,City Council,WHITE SALMON,Pos. 5,2,< 25%,84,Marla Keethler,387,Maurice Tunstall Jr.,303
General_2017,City Council,WILBUR,Pos. 1,0,< 25%,238,Catherine Starzman,238,,0
General_2017,City Council,WILBUR,Pos. 2,0,< 25%,204,Erica Hearrean,204,,0
General_2017,City Council,WILBUR,Pos. 4,0,< 25%,150,Dan Odenrider,200,Tim Savage,50
General_2017,City Council,WILKESON,Pos. 1,0,< 25%,28,Charles Rogers,51,Dan Hogerhuis,23
General_2017,City Council,WILKESON,Pos. 2,0,< 25%,71,Mark Zumba,71,,0
General_2017,City Council,WILKESON,Pos. 3,0,< 25%,73,Bambi Thawsh,73,,0
General_2017,City Council,WILKESON,Pos. 4,0,< 25%,69,Bill Summers,69,,0
General_2017,City Council,WILKESON,Pos. 5,0,< 25%,62,Donna Hogerhuis,62,,0
General_2017,City Council,WILSON,Pos. 3,0,< 25%,18,kellie Ribail,43,Willow Conley,25
General_2017,City Council,WILSON,Pos. 4,0,< 25%,6,Scott Mortimer,35,Michael S Goetz,29
General_2017,City Council,WILSON,Pos. 5,0,< 25%,42,Raymond Kelby,55,Mike Conley,13
General_2017,City Council,WINTHROP,Pos. 1,0,< 25%,28,Kirsten Vanderhalf,102,Anne Acheson,74
General_2017,City Council,WINTHROP,Pos. 2,0,< 25%,130,Joseph O'Driscoll,130,,0
General_2017,City Council,WINTHROP,Pos. 3,0,< 25%,136,Ben Nelson,136,,0
General_2017,City Council,WINTHROP,Pos. 4,0,< 25%,133,William Kilby,133,,0
General_2017,City Council,WINTHROP,Pos. 5,0,< 25%,145,Bill McAdow,145,,0
General_2017,City Council,WOODINVILLE,Pos. 1,384,< 25%,2419,Paula Waters,2419,,0
General_2017,City Council,WOODINVILLE,Pos. 3,384,< 25%,2404,James Evans,2404,,0
General_2017,City Council,WOODINVILLE,Pos. 5,384,> 50%,490,Susan Boundy-Sanders,1946,Gary Harris,1456
General_2017,City Council,WOODINVILLE,Pos. 7,384,25-50%,812,Bernie Talmas,2071,Brad Walker,1259
General_2017,City Council,WOODLAND,Pos. 1,9,< 25%,87,Janice Graham,642,Jennifer Heffernan,555
General_2017,City Council,WOODLAND,Pos. 2,9,< 25%,272,Carol Rounds,719,DeeAnna (Bob Motep) Holland,447
General_2017,City Council,WOODLAND,Pos. 3,9,< 25%,70,Dave Plaza,587,Nate Cook,517
General_2017,City Council,WOODLAND,Pos. 6,9,< 25%,110,Benjamin Fredricks,627,Jeremy Heffernan,517
General_2017,City Council,WOODWAY,Pos. 1,11,< 25%,344,Thomas Whitson,344,,0
General_2017,City Council,WOODWAY,Pos. 2,11,< 25%,328,Kent Saltonstall,328,,0
General_2017,City Council,WOODWAY,Pos. 3,11,< 25%,229,William (Bill) Anderson,301,Andrew DeDonker,72
General_2017,City Council,YACOLT,Pos. 1,1,< 25%,117,Amy Boget,117,,0
General_2017,City Council,YACOLT,Pos. 2,1,< 25%,120,Tami Bryant,120,,0
General_2017,City Council,YACOLT,Pos. 3,1,< 25%,112,Malita Moseley,112,,0
General_2017,City Council,YACOLT,Pos. 4,1,< 25%,124,Herbert Noble,124,,0
General_2017,City Council,YARROW POINT,Pos. 3,8,< 25%,286,Mary G. Elmore,286,,0
General_2017,City Council,YARROW POINT,Pos. 5,8,< 25%,264,Steve Bush,264,,0
General_2017,City Council,YARROW POINT,Pos. 1,8,> 50%,5,Stephan Lagerholm,181,David Young,176
General_2017,City Council,YELM,Pos. 1,18,< 25%,874,Ej Curry,874,,0
General_2017,City Council,YELM,Pos. 4,18,< 25%,903,Tad Stillwell,903,,0
General_2017,City Council,YELM,Pos. 5,18,< 25%,884,Tracey Wood,884,,0
General_2017,City Council,YELM,Pos. 3,18,25-50%,69,Cody Colt,603,Russ Hendrickson,534
General_2017,City Council,YELM,Pos. 7,18,25-50%,71,Terry Kaminski,627,James C. Blair,556
General_2015,City Council,AIRWAY HEIGHTS,Pos. 3,15,< 25%,537,Aspen Lynn Monteleone,537,,0
General_2015,City Council,AIRWAY HEIGHTS,Pos. 7,15,< 25%,514,Dave Malet,514,,0
General_2015,City Council,AIRWAY HEIGHTS,Pos. 5,15,> 50%,19,Larry Bowman,310,Jack Collins,291
General_2015,City Council,ALBION,Pos. 1,0,< 25%,93,Kaitlynn Schaible,93,,0
General_2015,City Council,ALBION,Pos. 2,0,< 25%,95,Ashlee Hunt,95,,0
General_2015,City Council,ALBION,Pos. 4,0,< 25%,93,Crystle L Morgan,93,,0
General_2015,City Council,ALBION,Pos. 5,0,< 25%,96,James V Downes,96,,0
General_2015,City Council,ALGONA,Pos. 1,10,< 25%,333,Bill Thomas,339,Write-in,6
General_2015,City Council,ALGONA,Pos. 3,10,< 25%,79,Troy A. Linnell,243,Ed Britz,164
General_2015,City Council,ALGONA,Pos. 5,10,< 25%,311,Mike W. Dawkins,332,Write-in,21
General_2015,City Council,ALMIRA,Pos. 1,0,< 25%,65,Darrell W. Francis,65,,0
General_2015,City Council,ALMIRA,Pos. 2,0,< 25%,74,Dennis D. Moffett,74,,0
General_2015,City Council,ARLINGTON,Pos. 5,52,< 25%,1148,Marilyn Oertle,2033,Natalie Reed,885
General_2015,City Council,ARLINGTON,Pos. 6,52,< 25%,1018,Mike Hopson,1893,Jacob Kukuk,875
General_2015,City Council,ARLINGTON,Pos. 4,52,> 50%,31,Sue Weiss,1529,Randy Tendering,1498
General_2015,City Council,ASOTIN,Pos. 1,0,< 25%,227,Jennifer A Bly,227,,0
General_2015,City Council,ASOTIN,Pos. 2,0,< 25%,238,Lori Loseth,238,,0
General_2015,City Council,AUBURN,Pos. 1,999,< 25%,12534,Largo Wales,12683,Write-in,149
General_2015,City Council,AUBURN,Pos. 3,999,< 25%,12491,Bill Peloza,12628,Write-in,137
General_2015,City Council,AUBURN,Pos. 5,999,< 25%,12388,John Hayes Holman,12499,Write-in,111
General_2015,City Council,AUBURN,Pos. 7,999,< 25%,12222,Robert (Bob) Baggett,12358,Write-in,136
General_2015,City Council,BAINBRIDGE ISLAND,Pos. 1,33,< 25%,897,Ron Peltier,4898,Pegeen Mulhern,4001
General_2015,City Council,BAINBRIDGE ISLAND,Pos. 2,33,< 25%,5731,Kol Medina,5731,,0
General_2015,City Council,BAINBRIDGE ISLAND,Pos. 4,33,< 25%,5541,Mike Scott,5541,,0
General_2015,City Council,BAINBRIDGE ISLAND,Pos. 6,33,< 25%,5048,Sarah Blossom,5048,,0
General_2015,City Council,BATTLE GROUND,Pos. 2,22,< 25%,1859,Shane A. Bowman,1859,,0
General_2015,City Council,BATTLE GROUND,Pos. 3,22,< 25%,1848,Steven Douglas Phelps,1848,,0
General_2015,City Council,BATTLE GROUND,Pos. 7,22,< 25%,554,Philip Johnson,1392,Candy Bonneville,838
General_2015,City Council,BEAUX ARTS,Pos. 2,3,< 25%,87,John Gillem,87,Write-in,0
General_2015,City Council,BEAUX ARTS,Pos. 4,3,< 25%,83,Cynthia Hudson,84,Write-in,1
General_2015,City Council,BELLEVUE,Pos. 1,1827,< 25%,17332,John Stokes,17596,Write-in,264
General_2015,City Council,BELLEVUE,Pos. 7,1827,< 25%,14520,Jennifer Robertson,18737,Lyndon Heywood,4217
General_2015,City Council,BELLEVUE,Pos. 3,1827,> 50%,805,John Chelminiak,12219,Don Davidson,11414
General_2015,City Council,BELLEVUE,Pos. 5,1827,> 50%,777,Vandana Slatter,12065,Michelle Hilhorst,11288
General_2015,City Council,BELLINGHAM,Ward 1,292,< 25%,15088,April Barker,15088,,0
General_2015,City Council,BELLINGHAM,Ward 3,292,< 25%,14565,Dan Hammill,14565,,0
General_2015,City Council,BELLINGHAM,Ward 5,292,< 25%,14540,Terry Bornemann,14540,,0
General_2015,City Council,BELLINGHAM,Ward At Large,292,< 25%,15096,Roxanne Murphy,15096,,0
General_2015,City Council,BENTON CITY,Pos. 3,3,< 25%,79,David Sandretto,306,Charles T Gray,227
General_2015,City Council,BENTON CITY,Pos. 5,3,< 25%,148,Jake Mokler,340,Michelle L Mcleod,192
General_2015,City Council,BENTON CITY,Pos. 4,3,25-50%,9,Vanessa Coates,242,Joseph Chapin Jr.,233
General_2015,City Council,BINGEN,Pos. 1,0,< 25%,55,Dan Armstrong,55,,0
General_2015,City Council,BINGEN,Pos. 2,0,< 25%,57,Isolde (Izzy) Schroder,57,,0
General_2015,City Council,BINGEN,Pos. 3,0,< 25%,51,Stephanie Porter,51,,0
General_2015,City Council,BLACK DIAMOND,Pos. 1,26,< 25%,684,Tamie L. Boxx-Deady,710,Write-in,26
General_2015,City Council,BLACK DIAMOND,Pos. 3,26,< 25%,679,Janie Edelman,711,Write-in,32
General_2015,City Council,BLACK DIAMOND,Pos. 4,26,< 25%,393,Brian Weber,725,Craig Goodwin,332
General_2015,City Council,BLACK DIAMOND,Pos. 5,26,< 25%,402,Pat Pepper,725,Ron Taylor,323
General_2015,City Council,BONNEY LAKE,Pos. 2,78,< 25%,508,Justin Evans,1495,David Baus,987
General_2015,City Council,BONNEY LAKE,Pos. 4,78,< 25%,2089,James Rackley,2089,,0
General_2015,City Council,BONNEY LAKE,Pos. 5,78,< 25%,2120,Tom Watson,2120,,0
General_2015,City Council,BONNEY LAKE,Pos. 7,78,< 25%,2078,Katrina Minton-Davis,2078,,0
General_2015,City Council,BOTHELL,Pos. 6,1263,< 25%,5667,Davina Duerr,9833,John Lee,4166
General_2015,City Council,BOTHELL,Pos. 2,1263,> 50%,2358,Andy Rheaume,8220,Roz Gorc,5862
General_2015,City Council,BOTHELL,Pos. 4,1263,25-50%,2548,James G. McNeal,8232,Tim Ottersburg,5684
General_2015,City Council,BREMERTON,District 2,71,< 25%,524,Leslie J. Daugs,524,,0
General_2015,City Council,BREMERTON,District 4,71,< 25%,378,Greg Wheeler,378,,0
General_2015,City Council,BREMERTON,District 6,71,< 25%,397,Richard Huddy,664,Roy Runyon,267
General_2015,City Council,BREWSTER,Pos. 4,1,< 25%,127,Avis Erickson,127,,0
General_2015,City Council,BREWSTER,Pos. 5,1,< 25%,117,Timothy Rieb,117,,0
General_2015,City Council,BRIDGEPORT,Pos. 4,0,< 25%,159,Philip Lee,159,,0
General_2015,City Council,BRIDGEPORT,Pos. 5,0,< 25%,147,Sergio Orozco,147,,0
General_2015,City Council,BRIER,Pos. 4,44,< 25%,779,Kerin Steele,1274,Tony Corrado,495
General_2015,City Council,BRIER,Pos. 5,44,< 25%,621,Dale Kaemingk,1184,David R. Wines,563
General_2015,City Council,BRIER,Pos. 6,44,< 25%,1455,Dennis J. Nick,1455,,0
General_2015,City Council,BRIER,At-Large,44,< 25%,1185,John M. Joplin,1478,Ken Yohe,293
General_2015,City Council,BUCKLEY,Pos. 5,6,< 25%,557,John W. Leggett,557,,0
General_2015,City Council,BUCKLEY,Pos. 6,6,< 25%,548,Milt Tremblay,548,,0
General_2015,City Council,BUCKLEY,Pos. 7,6,< 25%,561,Jenney Kyllonen,561,,0
General_2015,City Council,BUCKLEY,Pos. 4,6,25-50%,24,Beau Burkett,345,Chuck Helmer,321
General_2015,City Council,BUCODA,Pos. 1,0,< 25%,101,Steven C. Purcell,101,,0
General_2015,City Council,BUCODA,Pos. 2,0,< 25%,82,Paul Kreigh,87,Write-In: Charles Brinkmeyer (Write-In Candidate),5
General_2015,City Council,BUCODA,Pos. 3,0,< 25%,34,Write-In: Gary Michael Givens (Write-In Candidate),78,Marcella Zengota,44
General_2015,City Council,BUCODA,Pos. 4,0,< 25%,104,Sherry Shepherd,104,,0
General_2015,City Council,BURIEN,Pos. 6,530,> 50%,189,Austin Bell,4168,Darla Green,3979
General_2015,City Council,BURIEN,Pos. 2,530,25-50%,1169,Bob Edgar,4662,Holli Giffin,3493
General_2015,City Council,BURIEN,Pos. 4,530,25-50%,1754,Lucy Krakowiak,4947,Jon Scherer,3193
General_2015,City Council,BURLINGTON,Ward 1,7,< 25%,925,Ted Montgomery,925,,0
General_2015,City Council,BURLINGTON,Ward 2,7,< 25%,921,Edith (Edie) Edmundson,921,,0
General_2015,City Council,BURLINGTON,Ward 3,7,< 25%,919,Richard (Rick) DeGloria,919,,0
General_2015,City Council,CAMAS,At-Large,171,< 25%,3153,Don Chaney,3153,,0
General_2015,City Council,CAMAS,Ward 1 Pos. 1,171,< 25%,1987,Timothy J. Hazen,2753,Shawn High,766
General_2015,City Council,CAMAS,Ward 2 Pos. 1,171,< 25%,3138,Bonnie Carter,3138,,0
General_2015,City Council,CAMAS,Ward 3 Pos. 1,171,< 25%,3099,Greg K. Anderson,3099,,0
General_2015,City Council,CARBONADO,Pos. 1,0,< 25%,11,Bruce Cristel,149,Mark Buonocore,138
General_2015,City Council,CARBONADO,Pos. 3,0,< 25%,17,Jay Argo,158,Sean Chabot,141
General_2015,City Council,CARBONADO,Pos. 4,0,< 25%,99,Emily Jones,197,Roberta (Doodie) Kyllonen,98
General_2015,City Council,CARBONADO,Pos. 5,0,< 25%,45,Amos Green,164,Buck McBride,119
General_2015,City Council,CARNATION,Pos. 1,32,> 50%,11,Fred Bereswill,181,Steve McFall,170
General_2015,City Council,CARNATION,Pos. 3,32,> 50%,21,Lee Grumman,198,Jim Ribail,177
General_2015,City Council,CARNATION,Pos. 5,32,> 50%,49,Dustin Green,198,Ernest Fix,149
General_2015,City Council,CASHMERE,Pos. 4,5,< 25%,335,Kameon Smith,480,Robert Abramoski,145
General_2015,City Council,CASHMERE,Pos. 5,5,< 25%,334,Derrick W. Pratt,485,David W. Sherman,151
General_2015,City Council,CASTLE ROCK,Pos. 3,5,< 25%,282,John Earl Queen,282,,0
General_2015,City Council,CASTLE ROCK,Pos. 4,5,< 25%,287,Mike Davis,287,,0
General_2015,City Council,CASTLE ROCK,Pos. 5,5,< 25%,312,Ellen Rose,312,,0
General_2015,City Council,CATHLAMET,Pos. 1,1,< 25%,121,Ryan Smith,121,,0
General_2015,City Council,CATHLAMET,Pos. 2,1,< 25%,128,Richard (Dick) Swart,128,,0
General_2015,City Council,CATHLAMET,Pos. 3,1,< 25%,116,William (Bill) Talbott,116,,0
General_2015,City Council,CHELAN,Pos. 1,6,< 25%,218,Kelly Allen,704,Ben C. Higgins,486
General_2015,City Council,CHELAN,Pos. 3,6,< 25%,942,Ray Dobbs,942,,0
General_2015,City Council,CHELAN,Pos. 4,6,< 25%,889,Wendy Firman Isenhart,889,,0
General_2015,City Council,CHELAN,Pos. 5,6,< 25%,858,Micheal Steele,858,,0
General_2015,City Council,CHENEY,Pos. 2,27,< 25%,1043,Doug Nixon,1043,,0
General_2015,City Council,CHENEY,Pos. 5,27,< 25%,1049,Ryan Gaard,1049,,0
General_2015,City Council,CHENEY,Pos. 6,27,< 25%,1050,Jill Weiszmann,1050,,0
General_2015,City Council,CHENEY,Pos. 7,27,< 25%,1039,Dan Hilton,1039,,0
General_2015,City Council,CLARKSTON,Pos. 5,0,< 25%,341,Skate Pierce,843,William (Bill) Provost,502
General_2015,City Council,CLARKSTON,Pos. 6,0,< 25%,145,Belinda Campbell,723,Jeffry (Ty) Aiken,578
General_2015,City Council,CLARKSTON,Pos. 7,0,< 25%,479,Monika Beauchamp,918,Alice White,439
General_2015,City Council,CLE ELUM,Pos. 2,6,< 25%,409,Ken Ratliff,409,,0
General_2015,City Council,CLE ELUM,Pos. 3,6,< 25%,413,Jodi Larsen,413,,0
General_2015,City Council,CLE ELUM,Pos. 6,6,< 25%,387,Art Scott,387,,0
General_2015,City Council,CLE ELUM,Pos. 7,6,< 25%,165,Ron Spears,321,Greg Laycock,156
General_2015,City Council,CLE ELUM,Pos. 3,6,< 25%,60,Shari Mills,81,Write-In: Steve Sowers,21
General_2015,City Council,CLE ELUM,Pos. 4,6,< 25%,105,Gary Kasowski,105,,0
General_2015,City Council,CLYDE HILL,Pos. 2,43,< 25%,184,Scott Moore,484,Kim Muromoto,300
General_2015,City Council,CLYDE HILL,Pos. 4,43,< 25%,592,Barre Seibert,593,Write-in,1
General_2015,City Council,COLFAX,Pos. 4,1,< 25%,739,Steven Holberg,739,,0
General_2015,City Council,COLFAX,Pos. 5,1,< 25%,780,Albert (Al) Vorderbrueggen,780,,0
General_2015,City Council,COLFAX,Pos. 6,1,< 25%,796,Jim Kackman,796,,0
General_2015,City Council,COLFAX,Pos. 7,1,< 25%,727,Thomas Huntwork,727,,0
General_2015,City Council,COLLEGE,Pos. 1,0,< 25%,75,Jerry Lee Bobbitt,630,Melissa Thiessen (Williams),555
General_2015,City Council,COLLEGE,Pos. 4,0,< 25%,1115,Loren Peterson,1115,,0
General_2015,City Council,COLLEGE,Pos. 5,0,< 25%,226,Greg Tompkins,746,Theodore (Ted) Richerzhagen,520
General_2015,City Council,COLLEGE,Pos. 6,0,< 25%,1018,Heather Schermann,1018,,0
General_2015,City Council,COLLEGE,Pos. 7,0,< 25%,1085,Larry Dickerson,1085,,0
General_2015,City Council,COLTON,Pos. 1,0,< 25%,128,Charles DeMeerleer,128,,0
General_2015,City Council,COLTON,Pos. 3,0,< 25%,129,Sam Keller,129,,0
General_2015,City Council,COLTON,Pos. 4,0,< 25%,129,Dorothy (Dot) Sharp,129,,0
General_2015,City Council,CONCONULLY,Pos. 3,0,< 25%,53,Geno Zinani,53,,0
General_2015,City Council,CONCONULLY,Pos. 4,0,< 25%,11,Norma Clark,41,Lavina Nickell,30
General_2015,City Council,CONCONULLY,Pos. 5,0,< 25%,59,Jim Lemaster,59,,0
General_2015,City Council,CONCRETE,Pos. 1,0,< 25%,58,Rob Thomas,87,Bill Sullivan,29
General_2015,City Council,CONCRETE,Pos. 2,0,< 25%,31,Maryann Holbrook,73,David Pfeiffer,42
General_2015,City Council,CONCRETE,Pos. 4,0,< 25%,96,Marla Reed,96,,0
General_2015,City Council,CONCRETE,Pos. 5,0,< 25%,93,Ginger Kyritsis,93,,0
General_2015,City Council,CONNELL,Pos. 5,1,< 25%,38,Ray H Minor,172,Curtis W. Trembley,134
General_2015,City Council,CONNELL,Pos. 6,1,< 25%,39,Kathryn Silva,172,Darren L. Brock,133
General_2015,City Council,COSMOPOLIS,Pos. 3,2,< 25%,216,Jim Ancich,306,Mark Collett,90
General_2015,City Council,COSMOPOLIS,Pos. 1,2,< 25%,21,Kyle Pauley,216,Dale Andrews,195
General_2015,City Council,COSMOPOLIS,Pos. 2,2,< 25%,319,Carl M Sperring,319,,0
General_2015,City Council,COULEE,Pos. 2,0,< 25%,115,Travis Liening,115,,0
General_2015,City Council,COULEE,Pos. 3,0,< 25%,121,Katie Walsh,121,,0
General_2015,City Council,COULEE DAM,Pos. 1,2,< 25%,56,David Schmidt,150,Bonnie Femling,94
General_2015,City Council,COULEE DAM,Pos. 4,2,< 25%,94,Ben Alling,171,Herb Sherburne,77
General_2015,City Council,COULEE DAM,Pos. 5,2,< 25%,59,Keith St.Jeor,149,Kenneth W. Miles,90
General_2015,City Council,COUPEVILLE,Pos. 1,4,< 25%,501,Jacquelyn Henderson,501,,0
General_2015,City Council,COUPEVILLE,Pos. 2,4,< 25%,506,Lisa M Bernhardt,506,,0
General_2015,City Council,COUPEVILLE,Pos. 3,4,< 25%,448,Catherine Ballay,448,,0
General_2015,City Council,COVINGTON,Pos. 1,249,< 25%,1756,Marlla Mhoon,1800,Write-in,44
General_2015,City Council,COVINGTON,Pos. 3,249,< 25%,1762,Margaret Harto,1805,Write-in,43
General_2015,City Council,COVINGTON,Pos. 5,249,< 25%,1748,Sean Smith,1776,Write-in,28
General_2015,City Council,COVINGTON,Pos. 7,249,< 25%,1777,Jeff Wagner,1808,Write-in,31
General_2015,City Council,CRESTON,Pos. 1,0,< 25%,61,Rob Butzer,61,,0
General_2015,City Council,CRESTON,Pos. 4,0,< 25%,67,Cathy Woolever,67,,0
General_2015,City Council,CUSICK,Pos. 3,0,< 25%,35,BERNICE SMITH,35,,0
General_2015,City Council,CUSICK,Pos. 4,0,< 25%,28,MARION WRIGHT,28,,0
General_2015,City Council,CUSICK,Pos. 5,0,< 25%,33,CHRIS EVERS,33,,0
General_2015,City Council,DARRINGTON,Pos. 3,0,< 25%,177,Judy O'Connor,177,,0
General_2015,City Council,DARRINGTON,Pos. 4,0,< 25%,311,Kevin Ashe,311,,0
General_2015,City Council,DARRINGTON,Pos. 5,0,< 25%,294,Mary E. Requa,294,,0
General_2015,City Council,DAVENPORT,Pos. 1,1,< 25%,425,Nathan K. Hansen,425,,0
General_2015,City Council,DAVENPORT,Pos. 2,1,< 25%,451,Scott Liebing,451,,0
General_2015,City Council,DAVENPORT,Pos. 5,1,< 25%,456,Peter H. Schweiger,456,,0
General_2015,City Council,DAVENPORT,At-Large,1,< 25%,453,Patrick R. Katz,453,,0
General_2015,City Council,DAYTON,Pos. 2,1,< 25%,524,ZAC WEATHERFORD,524,,0
General_2015,City Council,DAYTON,Pos. 4,1,< 25%,514,Dain C. Nysoe,514,,0
General_2015,City Council,DAYTON,Pos. 5,1,< 25%,562,KATHLEEN A. BERG,562,,0
General_2015,City Council,DAYTON,Pos. 6,1,< 25%,510,BYRON G. KACZMARSKI,510,,0
General_2015,City Council,DEER PARK,Pos. 2,9,< 25%,532,Helen (Dee) Cragun,532,,0
General_2015,City Council,DEER PARK,Pos. 4,9,< 25%,550,Don Stevens,550,,0
General_2015,City Council,DEER PARK,Pos. 5,9,< 25%,558,Joseph Polowski,558,,0
General_2015,City Council,DES MOINES,Pos. 4,528,< 25%,3792,Jeremy Nutting,3902,Write-in,110
General_2015,City Council,DES MOINES,Pos. 6,528,< 25%,3648,Robbie Back,3747,Write-in,99
General_2015,City Council,DES MOINES,Pos. 2,528,25-50%,1553,Luisa Bangs,3244,Alexander Szabo,1691
General_2015,City Council,DUPONT,Pos. 4,16,< 25%,511,Penny Coffey,953,Laurie Fait,442
General_2015,City Council,DUPONT,Pos. 5,16,< 25%,1171,Matt Helder,1171,,0
General_2015,City Council,DUPONT,Pos. 6,16,< 25%,186,Eric F. Corp,770,Kate Lynch,584
General_2015,City Council,DUVALL,Pos. 4,65,< 25%,846,Becky A. Nixon,895,Write-in,49
General_2015,City Council,DUVALL,Pos. 7,65,< 25%,866,Jason Walker,885,Write-in,19
General_2015,City Council,DUVALL,Pos. 2,65,25-50%,189,Leroy Collinwood,678,Veronika Williams,489
General_2015,City Council,EATONVILLE,Pos. 3,6,< 25%,83,Robert G. Thomas,234,Nick Junka,151
General_2015,City Council,EATONVILLE,Pos. 4,6,< 25%,345,Abby Gribi,345,,0
General_2015,City Council,EATONVILLE,Pos. 5,6,< 25%,314,James R. Schrimpsher,314,,0
General_2015,City Council,EDGEWOOD,Pos. 1,42,< 25%,1310,Mark L. Creley,1920,Ted Christie,610
General_2015,City Council,EDGEWOOD,Pos. 2,42,< 25%,524,Luke Meyers,1531,Carolyn Trumbull,1007
General_2015,City Council,EDGEWOOD,Pos. 7,42,< 25%,694,Nathaniel Lowry,1612,Jamie Sargent,918
General_2015,City Council,EDMONDS,Pos. 2,352,< 25%,6496,Mike Nelson,8726,Alvin Rutledge,2230
General_2015,City Council,EDMONDS,Pos. 4,352,< 25%,8863,Diane Buckshnis,8863,,0
General_2015,City Council,EDMONDS,Pos. 5,352,< 25%,4575,Dave Teitzel,7871,Alicia Crank,3296
General_2015,City Council,EDMONDS,Pos. 6,352,< 25%,8857,Thomas W. Mesaros,8857,,0
General_2015,City Council,EDMONDS,Pos. 7,352,25-50%,1260,Neil Tibbott,6345,Lora Petso,5085
General_2015,City Council,ELECTRIC,Pos. 2,0,< 25%,94,Richard D McGuire,169,Daniel Greely,75
General_2015,City Council,ELECTRIC,Pos. 3,0,< 25%,16,Birdie Hensley,143,Gladys (Carol) Nordine,127
General_2015,City Council,ELECTRIC,Pos. 4,0,< 25%,43,Bradley Parrish,157,Launi K. Ritter,114
General_2015,City Council,ELECTRIC,Pos. 5,0,< 25%,211,Lonna C Bussert,211,,0
General_2015,City Council,ELLENSBURG,Pos. 4,26,< 25%,1681,Bruce Tabb,1681,,0
General_2015,City Council,ELLENSBURG,Pos. 5,26,< 25%,1604,David M. Miller,1604,,0
General_2015,City Council,ELLENSBURG,Pos. 6,26,< 25%,1606,Jill Scheffer,1606,,0
General_2015,City Council,ELLENSBURG,Pos. 7,26,< 25%,341,Chris Herion,1317,Fennelle Miller,976
General_2015,City Council,ELMA,Pos. 4,2,< 25%,579,Charles Butterfield,579,,0
General_2015,City Council,ELMA,Pos. 5,2,< 25%,157,Jim Taylor,430,Ron A Mullins,273
General_2015,City Council,ELMER,Pos. 1,0,< 25%,56,JOAQUIN J. MARCHAND,56,,0
General_2015,City Council,ELMER,Pos. 3,0,< 25%,57,CLARA CARSON,57,,0
General_2015,City Council,ELMER,Pos. 4,0,< 25%,60,Donald E. Bonertz,60,,0
General_2015,City Council,ELMER,Pos. 5,0,< 25%,59,Jesse O. Tillman,59,,0
General_2015,City Council,ENDICOTT,Pos. 1,0,< 25%,74,Steve Salzman,74,,0
General_2015,City Council,ENDICOTT,Pos. 3,0,< 25%,66,Amber C Hilton,66,,0
General_2015,City Council,ENDICOTT,Pos. 4,0,< 25%,69,Judy Arneson,69,,0
General_2015,City Council,ENDICOTT,Pos. 5,0,< 25%,66,Andrew Wolfe,66,,0
General_2015,City Council,ENTIAT,Pos. 1,0,< 25%,114,Bob Anderson,193,Norman Stenberg,79
General_2015,City Council,ENTIAT,Pos. 4,0,< 25%,34,Larry G. Marshall,137,John R. Alt,103
General_2015,City Council,ENTIAT,Pos. 5,0,< 25%,41,Lalla Przespolewski,152,Merlene Princevalle,111
General_2015,City Council,ENUMCLAW,Pos. 1,5,< 25%,1640,Morgan Irwin,1668,Write-in,28
General_2015,City Council,ENUMCLAW,Pos. 2,5,< 25%,340,Kimberly Lauk,1431,Darrel M. Dickson,1091
General_2015,City Council,ENUMCLAW,Pos. 4,5,< 25%,1651,Chance LaFleur,1682,Write-in,31
General_2015,City Council,ENUMCLAW,Pos. 6,5,< 25%,1690,Jan Molinaro,1715,Write-in,25
General_2015,City Council,EPHRATA,Pos. 3,3,< 25%,1151,Matt Moore,1151,,0
General_2015,City Council,EPHRATA,Pos. 4,3,< 25%,1111,Valli Millard,1111,,0
General_2015,City Council,EPHRATA,Pos. 5,3,< 25%,1158,Kathleen Allstot,1158,,0
General_2015,City Council,EPHRATA,Pos. 6,3,< 25%,1143,Tony Mora,1143,,0
General_2015,City Council,EPHRATA,Pos. 7,3,< 25%,1095,William L Coe,1095,,0
General_2015,City Council,EVERETT,Pos. 7,1359,< 25%,11994,Judy Tuohy,11994,,0
General_2015,City Council,EVERETT,Pos. 5,1359,> 50%,2092,Scott Bader,8163,Charlene N. Rawson,6071
General_2015,City Council,EVERETT,Pos. 4,1359,25-50%,4571,Cassie Franklin,9555,Ron Gipson,4984
General_2015,City Council,EVERETT,Pos. 6,1359,25-50%,4044,Brenda Stonecipher,9181,Erik Richerson,5137
General_2015,City Council,EVERSON,Pos. 4,7,< 25%,382,Eric Oettel,382,,0
General_2015,City Council,EVERSON,Pos. 5,7,< 25%,356,Joel Vande Hoef,356,,0
General_2015,City Council,FAIRFIELD,Pos. 3,0,< 25%,110,George D Davidson,110,,0
General_2015,City Council,FAIRFIELD,Pos. 4,0,< 25%,114,Valerie Rogers,114,,0
General_2015,City Council,FAIRFIELD,Pos. 5,0,< 25%,109,Emily Thomas,109,,0
General_2015,City Council,FEDERAL WAY,Pos. 3,974,< 25%,10527,Susan Honda,10734,Write-in,207
General_2015,City Council,FEDERAL WAY,Pos. 7,974,< 25%,4551,Dini Duclos,8748,P.K. Thumbi,4197
General_2015,City Council,FEDERAL WAY,Pos. 1,974,> 50%,927,Lydia Assefa-Dawson,6901,Mark Greene,5974
General_2015,City Council,FEDERAL WAY,Pos. 5,974,> 50%,1510,Mark Koppang,7287,Julie L. Hiller,5777
General_2015,City Council,FERNDALE,Pos. 1,51,< 25%,2223,Rebecca Xczar,2223,,0
General_2015,City Council,FERNDALE,Pos. 2,51,< 25%,2305,Greg Hansen,2305,,0
General_2015,City Council,FERNDALE,Pos. 3,51,< 25%,835,Keith M. Olson,1793,Glenn Stewart,958
General_2015,City Council,FERNDALE,Pos. 4,51,> 50%,60,Teresa N. Taylor,1472,Paul S. Ingram,1412
General_2015,City Council,FIFE,Pos. 1,54,< 25%,484,Bryan Yambe,702,David Zarate,218
General_2015,City Council,FIFE,Pos. 2,54,< 25%,736,Tim Curtis,736,,0
General_2015,City Council,FIFE,Pos. 4,54,< 25%,743,Pat Hulcey,743,,0
General_2015,City Council,FIFE,Pos. 5,54,< 25%,747,Kim Roscoe,747,,0
General_2015,City Council,FIFE,Pos. 3,54,> 50%,27,Dierdre (Dee-Dee) Gethers,468,Barry D. Johnson,441
General_2015,City Council,FIRCREST,Pos. 3,42,< 25%,1453,Brett L. Wittner,1453,,0
General_2015,City Council,FIRCREST,Pos. 4,42,< 25%,1505,Blake J. Surina,1505,,0
General_2015,City Council,FIRCREST,Pos. 5,42,< 25%,362,Hunter T. George,1109,Heather A. Heiderich,747
General_2015,City Council,FORD,Pos. 3,2,< 25%,84,Clinton Stevenson,84,,0
General_2015,City Council,FORD,Pos. 4,2,< 25%,66,Micki Harnois,66,,0
General_2015,City Council,FORD,Pos. 5,2,< 25%,41,William Benson,75,Robert Tollefson,34
General_2015,City Council,FORKS,Pos. 1,2,< 25%,373,Juanita Weissenfels,373,,0
General_2015,City Council,FORKS,Pos. 4,2,< 25%,376,Kevin Hinchen,376,,0
General_2015,City Council,FORKS,Pos. 5,2,< 25%,144,Jon Preston,294,Christina (Stina) Kohout,150
General_2015,City Council,FRIDAY HARBOR,Pos. 1,4,< 25%,439,Steve Hushebeck,439,,0
General_2015,City Council,FRIDAY HARBOR,Pos. 2,4,< 25%,436,Noel T. Monin,436,,0
General_2015,City Council,FRIDAY HARBOR,Pos. 5,4,< 25%,458,Barbara Starr,458,,0
General_2015,City Council,GARFIELD,Pos. 1,0,< 25%,32,Neal Leon,104,Sharon Schnebly,72
General_2015,City Council,GARFIELD,Pos. 2,0,< 25%,146,Mark Young,146,,0
General_2015,City Council,GARFIELD,Pos. 3,0,< 25%,49,David Ulrick,114,Tim Southern,65
General_2015,City Council,GEORGE,Pos. 1,0,< 25%,28,Janet Boen,28,,0
General_2015,City Council,GEORGE,Pos. 5,0,< 25%,8,Clayton D Richmond,21,Clayton L O'Brien,13
General_2015,City Council,GIG HARBOR,Pos. 4,96,< 25%,2037,Rahna Lovrovich,2037,,0
General_2015,City Council,GIG HARBOR,Pos. 5,96,< 25%,623,Ken Malich,1610,Al Abbott,987
General_2015,City Council,GIG HARBOR,Pos. 6,96,> 50%,24,Michael Perrow,1354,Jeni Woock,1330
General_2015,City Council,GOLD BAR,Pos. 4,1,< 25%,245,Kendall Lewis Wallace,245,,0
General_2015,City Council,GOLDENDALE,Pos. 1,1,< 25%,241,Andy Halm,476,Arletta Parton,235
General_2015,City Council,GOLDENDALE,Pos. 2,1,< 25%,552,John Sullivan,552,,0
General_2015,City Council,GOLDENDALE,Pos. 3,1,< 25%,547,Guy R. Theriault,547,,0
General_2015,City Council,GRANITE FALLS,Pos. 4,16,< 25%,387,Erin Hogan,387,,0
General_2015,City Council,GRANITE FALLS,Pos. 5,16,< 25%,383,Matt Hartman,383,,0
General_2015,City Council,HARRINGTON,Pos. 3,0,< 25%,63,Justin Slack,103,Donita Simons,40
General_2015,City Council,HARRINGTON,Pos. 4,0,< 25%,86,Peter B. Davenport,119,Sharon Schultz,33
General_2015,City Council,HARRINGTON,Pos. 5,0,< 25%,143,Levi W. Schenk,143,,0
General_2015,City Council,HARTLINE,Pos. 3,0,< 25%,28,Kerry L Olsen,28,,0
General_2015,City Council,HARTLINE,Pos. 4,0,< 25%,38,John M Higginbotham,38,,0
General_2015,City Council,HARTLINE,Pos. 5,0,< 25%,41,Gerald F Dormaier,41,,0
General_2015,City Council,HATTON,Pos. 1,0,< 25%,23,Nichole M Fitts,23,,0
General_2015,City Council,HATTON,Pos. 2,0,< 25%,23,Jeremy Westphal,23,,0
General_2015,City Council,HATTON,Pos. 3,0,< 25%,22,Linda Pitts,22,,0
General_2015,City Council,HATTON,Pos. 4,0,< 25%,23,James Earl Van Patten JR.,23,,0
General_2015,City Council,HATTON,Pos. 5,0,< 25%,0,Terry D. Quandt,10,Write-In: Kimberly Ford,10
General_2015,City Council,HUNTS POINT,Pos. 2,11,< 25%,106,Elaine A. Coles,110,Write-in,4
General_2015,City Council,HUNTS POINT,Pos. 4,11,< 25%,112,Patrick Finnelly,114,Write-in,2
General_2015,City Council,ILWACO,Pos. 4,0,< 25%,199,Jon Chambreau,199,,0
General_2015,City Council,ILWACO,Pos. 5,0,< 25%,147,Gary Forner,147,,0
General_2015,City Council,INDEX,Pos. 1,2,< 25%,29,Charles (Chuck) Davis,29,,0
General_2015,City Council,INDEX,Pos. 2,2,< 25%,41,Bob Hubbard,58,Rick Bott,17
General_2015,City Council,INDEX,Pos. 4,2,< 25%,27,Alexander Gibb,51,Travis Freeman,24
General_2015,City Council,INDEX,Pos. 5,2,< 25%,42,Kem Hunter,59,Robert (Bert) Shepardson,17
General_2015,City Council,INDEX,Pos. 3,2,> 50%,3,Blair Corson,40,Peter R. Gott,37
General_2015,City Council,IONE,Pos. 3,0,< 25%,80,KATHLEEN TURPIN,80,,0
General_2015,City Council,IONE,Pos. 4,0,< 25%,74,DYLAN T. POWERS,74,,0
General_2015,City Council,IONE,Pos. 5,0,< 25%,76,CHARLES SPEARS,76,,0
General_2015,City Council,ISSAQUAH,Pos. 2,369,< 25%,4227,Jennifer Sutton,4301,Write-in,74
General_2015,City Council,ISSAQUAH,Pos. 4,369,< 25%,1507,Bill Ramos,3629,Tim Flood,2122
General_2015,City Council,ISSAQUAH,Pos. 6,369,> 50%,515,Paul Winterstein,3060,Christopher Reh,2545
General_2015,City Council,KAHLOTUS,Pos. 3,0,< 25%,31,David Wooten,31,,0
General_2015,City Council,KAHLOTUS,Pos. 4,0,< 25%,32,John P. Rogers,32,,0
General_2015,City Council,KAHLOTUS,Pos. 6,0,< 25%,25,Shirley Ayers,25,,0
General_2015,City Council,KAHLOTUS,Pos. 5,0,< 25%,0,Marcia Robitaille,19,Robert L. Hagans,19
General_2015,City Council,KALAMA,Pos. 3,2,< 25%,414,James M. Dennis Langham,414,,0
General_2015,City Council,KALAMA,Pos. 4,2,< 25%,198,Rosemary Brinson Siipola,407,Donald Purvis,209
General_2015,City Council,KALAMA,Pos. 5,2,< 25%,444,Mary Putka,444,,0
General_2015,City Council,KELSO,Pos. 4,23,< 25%,291,David Futcher,918,Dale Barto,627
General_2015,City Council,KELSO,Pos. 5,23,< 25%,351,Jim Hill,932,Gary Edward Archer,581
General_2015,City Council,KELSO,Pos. 6,23,< 25%,1033,Larry Alexander,1033,,0
General_2015,City Council,KELSO,Pos. 7,23,< 25%,349,Nancy Malone,944,Gary Schimmel,595
General_2015,City Council,KENMORE,Pos. 1,220,< 25%,3413,Brent Smith,3478,Write-in,65
General_2015,City Council,KENMORE,Pos. 3,220,< 25%,3381,Milton Curtis,3445,Write-in,64
General_2015,City Council,KENMORE,Pos. 5,220,< 25%,1598,David Baker,3021,Bob Black,1423
General_2015,City Council,KENMORE,Pos. 7,220,< 25%,3333,Stacey Denuski,3396,Write-in,63
General_2015,City Council,KENNEWICK,Pos. 5,303,< 25%,2630,Matt Boehnke,6079,R E (Bob) Olson,3449
General_2015,City Council,KENNEWICK,Pos. 6,303,< 25%,1650,Paul Parish,5622,Diane Crawford,3972
General_2015,City Council,KENNEWICK,Pos. 7,303,< 25%,7640,Steve Young,7640,,0
General_2015,City Council,KENT,Pos. 3,2582,< 25%,11273,Les Thomas,11789,Write-in,516
General_2015,City Council,KENT,Pos. 5,2582,< 25%,11622,Bill Boyce,11823,Write-in,201
General_2015,City Council,KENT,Pos. 7,2582,< 25%,11611,Dana Ralph,11766,Write-in,155
General_2015,City Council,KENT,Pos. 1,2582,> 50%,3935,Tina Budell,9841,Hira Singh Bhullar,5906
General_2015,City Council,KENT,Pos. 6,2582,> 50%,562,Brenda Fincher,7665,Toni Troutner,7103
General_2015,City Council,KIRKLAND,Pos. 4,1345,< 25%,12372,Toby Nixon,12721,Write-in,349
General_2015,City Council,KIRKLAND,Pos. 6,1345,< 25%,5904,Dave Asher,11090,Martin Morgan,5186
General_2015,City Council,KIRKLAND,Pos. 2,1345,25-50%,4875,Shelley Kloba,10995,Jason Chinchilla,6120
General_2015,City Council,KITTITAS,Pos. 2,1,< 25%,126,Dave Doyle,184,Peter Schuetz,58
General_2015,City Council,KITTITAS,Pos. 3,1,< 25%,16,Jerry Gilmour,142,Gerald M Lael,126
General_2015,City Council,KITTITAS,Pos. 4,1,< 25%,205,Benjamin Whitehurst,205,,0
General_2015,City Council,KITTITAS,Pos. 5,1,< 25%,207,Dan R Sherman,207,,0
General_2015,City Council,KRUPP,Pos. 2,0,< 25%,15,Paul Friend,15,,0
General_2015,City Council,KRUPP,Pos. 3,0,< 25%,15,Paula G Horton,15,,0
General_2015,City Council,KRUPP,Pos. 4,0,< 25%,14,Patricia Friend,14,,0
General_2015,City Council,KRUPP,Pos. 5,0,< 25%,15,Lori Friend,15,,0
General_2015,City Council,LA CENTER,Pos. 1,18,< 25%,552,Heather Birdwell-Currey,552,,0
General_2015,City Council,LA CENTER,Pos. 4,18,< 25%,529,Joe Valenzuela,529,,0
General_2015,City Council,LA CENTER,Pos. 5,18,< 25%,550,Elizabeth M. Cerveny,550,,0
General_2015,City Council,LA CONNER,Pos. 1,3,< 25%,110,Jacques Brunisholz,196,Charity Christne Starkenburg,86
General_2015,City Council,LA CONNER,Pos. 4,3,< 25%,163,MaryLee Chamberlain,227,David Ritchie,64
General_2015,City Council,LA CONNER,Pos. 5,3,< 25%,211,Bill Bruch,211,,0
General_2015,City Council,LACEY,Pos. 1,143,< 25%,5746,Jason Hearn,5746,,0
General_2015,City Council,LACEY,Pos. 2,143,< 25%,5642,Lenny Greenstein,5642,,0
General_2015,City Council,LACEY,Pos. 3,143,< 25%,1462,Jeff Gadman,4431,Bill Frare,2969
General_2015,City Council,LACROSSE,Pos. 1,0,< 25%,91,Tom Cauley,91,,0
General_2015,City Council,LACROSSE,Pos. 2,0,< 25%,88,Dennis Mackleit,88,,0
General_2015,City Council,LACROSSE,Pos. 4,0,< 25%,85,Melissa Fleming,85,,0
General_2015,City Council,LAKE FOREST PARK,Pos. 2,79,< 25%,2741,Catherine Stanford,2785,Write-in,44
General_2015,City Council,LAKE FOREST PARK,Pos. 4,79,< 25%,923,Phillippa Kassover,2445,David A. Hammond,1522
General_2015,City Council,LAKE FOREST PARK,Pos. 6,79,< 25%,2732,Tom French,2789,Write-in,57
General_2015,City Council,LAKE STEVENS,Pos. 3,213,< 25%,3836,Kurt Hilt,3836,,0
General_2015,City Council,LAKE STEVENS,Pos. 4,213,< 25%,3791,Todd Welch,3791,,0
General_2015,City Council,LAKE STEVENS,Pos. 5,213,< 25%,942,Rauchel McDaniel,2766,Michael Boe,1824
General_2015,City Council,LAKEWOOD,Pos. 4,95,< 25%,6978,Don Anderson,6978,,0
General_2015,City Council,LAKEWOOD,Pos. 6,95,< 25%,2499,Marie Barth,5347,Ben Gonter,2848
General_2015,City Council,LAKEWOOD,Pos. 7,95,< 25%,6779,Paul Bocchi,6779,,0
General_2015,City Council,LANGLEY,Pos. 2,4,< 25%,310,Robin Black,310,,0
General_2015,City Council,LANGLEY,Pos. 3,4,< 25%,319,Ursula Shoudy,319,,0
General_2015,City Council,LANGLEY,Pos. 4,4,< 25%,334,Bruce Allen,334,,0
General_2015,City Council,LATAH,Pos. 2,0,< 25%,47,Larry La Bolle,47,,0
General_2015,City Council,LATAH,Pos. 5,0,< 25%,44,Cathy A. Dunkle,44,,0
General_2015,City Council,LEAVENWORTH,Pos. 1,1,< 25%,33,Gretchen Wearne,408,John M. Bangsund,375
General_2015,City Council,LEAVENWORTH,Pos. 2,1,< 25%,401,Mia Bretz,589,Raymond Laramie,188
General_2015,City Council,LEAVENWORTH,Pos. 3,1,< 25%,145,Margaret Neighbors,461,Tibor Lak,316
General_2015,City Council,LEAVENWORTH,Pos. 7,1,< 25%,610,Elmer Larsen,610,,0
General_2015,City Council,LIBERTY LAKE,Pos. 1,15,< 25%,1420,Robert (Bob) Moore,1420,,0
General_2015,City Council,LIBERTY LAKE,Pos. 3,15,< 25%,428,Dan Dunne,1141,Josh Beckett,713
General_2015,City Council,LIBERTY LAKE,Pos. 5,15,< 25%,1425,Shane Brickner,1425,,0
General_2015,City Council,LIBERTY LAKE,Pos. 7,15,< 25%,1438,Cristella Kaminskas,1438,,0
General_2015,City Council,LIND,Pos. 4,0,< 25%,82,Paula Bell,142,John D. Claypool,60
General_2015,City Council,LIND,Pos. 5,0,< 25%,167,Craig A. Cooper,181,Nick Meyers,14
General_2015,City Council,LONG BEACH,Pos. 1,1,< 25%,341,Steven Linhart,341,,0
General_2015,City Council,LONG BEACH,Pos. 2,1,< 25%,344,Tye J Caldwell,344,,0
General_2015,City Council,LONG BEACH,Pos. 3,1,< 25%,321,Del Murry,321,,0
General_2015,City Council,LONGVIEW,Pos. 1,31,< 25%,4326,Mike Wallin,4326,,0
General_2015,City Council,LONGVIEW,Pos. 2,31,< 25%,4170,Scott Vydra,4170,,0
General_2015,City Council,LONGVIEW,Pos. 3,31,< 25%,4129,Kenneth R. Botero,4129,,0
General_2015,City Council,LONGVIEW,Pos. 4,31,< 25%,4159,Don Jensen,4159,,0
General_2015,City Council,LYMAN,Pos. 3,0,< 25%,3,Mike Swanson,61,Charles (Dick) Saunders,58
General_2015,City Council,LYMAN,Pos. 4,0,< 25%,14,Mike Couch,66,Ryein Kitchen,52
General_2015,City Council,LYMAN,Pos. 5,0,< 25%,11,Gail Ganga,59,Donald Frye,48
General_2015,City Council,LYNDEN,Pos. 1,6,< 25%,3320,Gary L. Bode,3320,,0
General_2015,City Council,LYNDEN,Pos. 2,6,< 25%,3210,Ronald De Valois,3210,,0
General_2015,City Council,LYNDEN,Pos. 3,6,< 25%,3143,Gerald (Jerry) Kuiken,3143,,0
General_2015,City Council,LYNDEN,Pos. 4,6,< 25%,3172,Brent Lenssen,3172,,0
General_2015,City Council,LYNNWOOD,Pos. 4,1614,> 50%,808,Shirley Sutton,3224,Loren Simmonds,2416
General_2015,City Council,LYNNWOOD,Pos. 5,1614,> 50%,19,Benjamin Goodwin,2745,Chris Frizzell,2726
General_2015,City Council,LYNNWOOD,Pos. 6,1614,> 50%,432,George Hurst,2974,Sid Roberts,2542
General_2015,City Council,LYNNWOOD,Pos. 7,1614,> 50%,755,Shannon Sessions,3203,Van AuBuchon,2448
General_2015,City Council,MANSFIELD,Pos. 1,0,< 25%,81,Clint Wall,81,,0
General_2015,City Council,MANSFIELD,Pos. 3,0,< 25%,78,Betty Wilsey,78,,0
General_2015,City Council,MANSFIELD,Pos. 5,0,< 25%,21,Erik Hessman,61,Gerald Poole,40
General_2015,City Council,MAPLE VALLEY,Pos. 1,181,< 25%,3367,Sean P. Kelly,3462,Write-in,95
General_2015,City Council,MAPLE VALLEY,Pos. 5,181,< 25%,3178,Megan Sheridan,3265,Write-in,87
General_2015,City Council,MAPLE VALLEY,Pos. 7,181,< 25%,3212,Linda Johnson,3298,Write-in,86
General_2015,City Council,MAPLE VALLEY,Pos. 6,181,> 50%,198,Dana Parnello,2273,Cathy Hilde,2075
General_2015,City Council,MAPLE VALLEY,Pos. 3,181,25-50%,721,Les Burberry,2520,Kathi Turner,1799
General_2015,City Council,MARYSVILLE,Pos. 5,310,< 25%,2166,Rob Toyer,5477,Clarence R. Shaw,3311
General_2015,City Council,MARYSVILLE,Pos. 6,310,< 25%,7634,Stephen C. Muller,7634,,0
General_2015,City Council,MARYSVILLE,Pos. 7,310,< 25%,7850,Kamille Norton,7850,,0
General_2015,City Council,MCCLEARY,Pos. 1,0,< 25%,47,Brenda Orffer,190,Jeff Catterlin Sr.,143
General_2015,City Council,MCCLEARY,Pos. 2,0,< 25%,277,Chris Vessey,277,,0
General_2015,City Council,MEDICAL LAKE,Pos. 1,2,< 25%,677,John R. Paikuli,677,,0
General_2015,City Council,MEDICAL LAKE,Pos. 5,2,< 25%,661,Howard N Jorgenson,661,,0
General_2015,City Council,MEDICAL LAKE,Pos. 6,2,< 25%,643,Laura Louise Parsons,643,,0
General_2015,City Council,MEDICAL LAKE,Pos. 7,2,< 25%,41,Jessica M. Roberts,433,Don Kennedy,392
General_2015,City Council,MEDINA,Pos. 2,24,< 25%,617,David Lee,657,Write-in,40
General_2015,City Council,MEDINA,Pos. 4,24,< 25%,296,Cynthia F. Adkins,596,Jay D. Decker,300
General_2015,City Council,MEDINA,Pos. 6,24,< 25%,207,Sheree Wen,576,Shawn Schubring,369
General_2015,City Council,MERCER ISLAND,Pos. 3,149,< 25%,619,Wendy Weiker,4491,Salim Nice,3872
General_2015,City Council,MERCER ISLAND,Pos. 4,149,< 25%,6329,Jeff Sanderson,6774,Carl Silverberg,445
General_2015,City Council,MERCER ISLAND,Pos. 5,149,< 25%,805,Bruce Bassett,4681,Thomas Acker,3876
General_2015,City Council,MERCER ISLAND,Pos. 7,149,< 25%,939,Debbie Bertlin,4671,Traci Granbois,3732
General_2015,City Council,MERCER ISLAND,Pos. 1,149,25-50%,457,Dave Wisenteiner,4429,Jane Meyer Brahm,3972
General_2015,City Council,MESA,Pos. 1,1,< 25%,25,Jim Cronenwett,25,,0
General_2015,City Council,METALINE,Pos. 2,0,< 25%,70,JOHN KINNEY,70,,0
General_2015,City Council,METALINE,Pos. 5,0,< 25%,62,DAN JOHNSON,62,,0
General_2015,City Council,MILL CREEK,Pos. 6,217,< 25%,3293,Mike Todd,3293,,0
General_2015,City Council,MILL CREEK,Pos. 7,217,< 25%,2297,Mark Bond,3073,Douglas Carlson,776
General_2015,City Council,MILL CREEK,Pos. 5,217,> 50%,259,Vincent J. Cavaleri,2122,Lynn D. Sordel,1863
General_2015,City Council,MILLWOOD,Pos. 3,0,< 25%,289,Brian W. Ellingson,289,,0
General_2015,City Council,MILLWOOD,Pos. 4,0,< 25%,291,Andy Van Hees,291,,0
General_2015,City Council,MILLWOOD,Pos. 5,0,< 25%,291,Shaun Culler,291,,0
General_2015,City Council,MILTON,Pos. 2,12,< 25%,1372,Susan J.F. Johnson,1373,Write-in,1
General_2015,City Council,MILTON,Pos. 4,12,< 25%,1315,Tony Bennest,1317,Write-in,2
General_2015,City Council,MILTON,Pos. 6,12,< 25%,283,Jim Manley,944,Mary Tompkins,661
General_2015,City Council,MILTON,Pos. 7,12,< 25%,1348,Robert (Bob) Whalen,1348,Write-in,0
General_2015,City Council,MILTON,Pos. 5,12,> 50%,2,Mike Brockman,18,Lisa R. Johnson,16
General_2015,City Council,MILTON,Pos. 1,12,25-50%,30,Timothy Morrison,30,,0
General_2015,City Council,MILTON,Pos. 2,12,25-50%,30,Brian Kirkpatrick,30,,0
General_2015,City Council,MILTON,Pos. 3,12,25-50%,26,Bethany Betlem,26,,0
General_2015,City Council,MILTON,Pos. 4,12,25-50%,30,James S. Bates,30,,0
General_2015,City Council,MONROE,Pos. 4,85,< 25%,558,Jim Kamp,1311,Shayne Bradley,753
General_2015,City Council,MONROE,Pos. 5,85,< 25%,1735,Ed Davis,1735,,0
General_2015,City Council,MONROE,Pos. 6,85,25-50%,260,Jason Gamble,1147,Patti Gibbons,887
General_2015,City Council,MONROE,At-Large,85,25-50%,279,Kirk Scarboro,1188,Patrick Daniels,909
General_2015,City Council,MONTESANO,Pos. 2,1,< 25%,82,Ian Cope,660,Ken Carlson,578
General_2015,City Council,MONTESANO,Pos. 4,1,< 25%,291,Dave Skaramuca,751,Ken Walkington,460
General_2015,City Council,MONTESANO,Pos. 5,1,< 25%,100,Nikki (Hutchinson) King,667,Barry Iverson,567
General_2015,City Council,MONTESANO,Pos. 7,1,< 25%,430,Dan Wood,843,Pamela McElliott,413
General_2015,City Council,MOSES LAKE,Pos. 6,36,< 25%,535,Ryann Leonard,1817,Dick Deane,1282
General_2015,City Council,MOSES LAKE,Pos. 7,36,< 25%,369,Mike Norman,1697,"Greg ""Speedy"" Nevarez",1328
General_2015,City Council,MOSES LAKE,Pos. 3,36,> 50%,17,Don Myers,1534,Jason Avila,1517
General_2015,City Council,MOUNT VERNON,Ward 1 Pos. 1,37,< 25%,4817,Joe Lindquist,4817,,0
General_2015,City Council,MOUNT VERNON,Ward 2 Pos. 1,37,< 25%,4636,Mark Hulst,4636,,0
General_2015,City Council,MOUNT VERNON,Ward 3 Pos. 1,37,< 25%,1533,Mary A Hudson,3633,Patrick Miller,2100
General_2015,City Council,MOUNTLAKE TERRACE,Pos. 5,231,< 25%,2725,Bryan Wahl,2725,,0
General_2015,City Council,MOUNTLAKE TERRACE,Pos. 7,231,< 25%,2633,Seaun Richards,2633,,0
General_2015,City Council,MOUNTLAKE TERRACE,Pos. 6,231,25-50%,905,Laura Sonmore,2069,Stephen (Steve) Barnes,1164
General_2015,City Council,MUKILTEO,Pos. 5,239,< 25%,3134,Scott Whelpley,4051,Mohammed Riaz Khan,917
General_2015,City Council,MUKILTEO,Pos. 6,239,< 25%,1937,Richard Emery,3384,Jon Boyce,1447
General_2015,City Council,MUKILTEO,Pos. 7,239,< 25%,3374,Christine Cook,4094,Charles (Charlie) Eakins,720
General_2015,City Council,MUKILTEO,Pos. 4,239,25-50%,574,Steve Schmalz,2733,Nicole Thomsen,2159
General_2015,City Council,NESPELEM,Pos. 2,0,< 25%,21,Dennis Montes,21,,0
General_2015,City Council,NESPELEM,Pos. 4,0,< 25%,19,Kathryn M. Womer,19,,0
General_2015,City Council,NESPELEM,Pos. 5,0,< 25%,18,Dolores Castillo,18,,0
General_2015,City Council,NEWCASTLE,Pos. 2,117,< 25%,1382,Carol Simpson,1445,Write-in,63
General_2015,City Council,NEWCASTLE,Pos. 3,117,< 25%,1032,Allen Dauterman,1375,Rob Lemmon,343
General_2015,City Council,NEWCASTLE,Pos. 4,117,< 25%,1464,Gordon A. Bisset,1495,Write-in,31
General_2015,City Council,NEWCASTLE,Pos. 1,117,25-50%,390,Linda Newing,1149,Victoria Sandoval,759
General_2015,City Council,NEWPORT,Pos. 1,1,< 25%,345,KEN SMITH,345,,0
General_2015,City Council,NEWPORT,Pos. 4,1,< 25%,350,Mark Zorica,350,,0
General_2015,City Council,NEWPORT,Pos. 5,1,< 25%,362,KEITH CAMPBELL,362,,0
General_2015,City Council,NOOKSACK,Pos. 4,0,< 25%,237,Scott Bodven,237,,0
General_2015,City Council,NOOKSACK,Pos. 5,0,< 25%,241,Marshall Judy,241,,0
General_2015,City Council,NORMANDY PARK,Pos. 1,16,< 25%,1503,Doug Osterman,1551,Write-in,48
General_2015,City Council,NORMANDY PARK,Pos. 3,16,< 25%,1362,Jonathan Chicquette,1390,Write-in,28
General_2015,City Council,NORMANDY PARK,Pos. 5,16,< 25%,1416,Michelle N. Sipes-Marvin,1442,Write-in,26
General_2015,City Council,NORMANDY PARK,Pos. 7,16,< 25%,265,John L. Rankin,1212,Shawn McEvoy,947
General_2015,City Council,NORTH BEND,Pos. 1,31,< 25%,1040,Jonathan Rosen,1064,Write-in,24
General_2015,City Council,NORTH BEND,Pos. 3,31,< 25%,650,Trevor Kostanich,1039,Dee Wayne Williamson,389
General_2015,City Council,NORTH BEND,Pos. 5,31,< 25%,241,Brenden Elwood,868,David Cook,627
General_2015,City Council,NORTH BEND,Pos. 7,31,< 25%,363,Martin Volken,923,Judy Bilanko,560
General_2015,City Council,NORTH BONNEVILLE,Pos. 1,2,< 25%,152,Terry B. Norris,152,,0
General_2015,City Council,NORTH BONNEVILLE,Pos. 3,2,< 25%,47,Carrie Gwynne,126,Michael J. Baker,79
General_2015,City Council,NORTH BONNEVILLE,Pos. 4,2,< 25%,32,Brian M. Sabo,132,Craig Forster,100
General_2015,City Council,NORTH BONNEVILLE,Pos. 5,2,< 25%,35,Judie Whitcomb,141,Michael R. Hamilton,106
General_2015,City Council,OAK HARBOR,Pos. 1,22,< 25%,2603,Tara Hizon,2603,,0
General_2015,City Council,OAK HARBOR,Pos. 2,22,< 25%,2652,Beth Munns,2652,,0
General_2015,City Council,OAK HARBOR,Pos. 3,22,< 25%,2555,Rick Almberg,2555,,0
General_2015,City Council,OAKESDALE,Pos. 1,0,< 25%,128,Alan Evans,128,,0
General_2015,City Council,OAKESDALE,Pos. 2,0,< 25%,132,Dolores Haley,132,,0
General_2015,City Council,OAKESDALE,Pos. 3,0,< 25%,144,Thomas J Crooks,144,,0
General_2015,City Council,OAKVILLE,Pos. 1,0,< 25%,83,Julie Zehe,83,,0
General_2015,City Council,OAKVILLE,Pos. 2,0,< 25%,82,Traci D. Fallow,82,,0
General_2015,City Council,OCEAN SHORES,Pos. 2,2,< 25%,681,Holly Plackett,1283,John Lester Farra,602
General_2015,City Council,OCEAN SHORES,Pos. 3,2,< 25%,338,Dan Overton,1063,John Schroeder,725
General_2015,City Council,OCEAN SHORES,Pos. 4,2,< 25%,594,Jon Martin,1151,Dennis Schulte,557
General_2015,City Council,OCEAN SHORES,Pos. 6,2,< 25%,522,Bob Peterson,1105,Dan Marlowe,583
General_2015,City Council,ODESSA,Pos. 1,0,< 25%,257,Lois Hubbard,257,,0
General_2015,City Council,ODESSA,Pos. 2,0,< 25%,259,Bill Crossley,259,,0
General_2015,City Council,ODESSA,Pos. 5,0,< 25%,238,Marlene Kramer,238,,0
General_2015,City Council,OKANOGAN,Pos. 1,2,< 25%,238,Lisa Bauer,238,,0
General_2015,City Council,OKANOGAN,Pos. 4,2,< 25%,251,Wayne L. Turner,251,,0
General_2015,City Council,OKANOGAN,Pos. 6,2,< 25%,215,Nora Myers Sheridan,215,,0
General_2015,City Council,OKANOGAN,Pos. 7,2,< 25%,221,Patricia Stanton,221,,0
General_2015,City Council,OLYMPIA,Pos. 2,371,< 25%,2530,Jessica Bateman,7373,Judy Bardin,4843
General_2015,City Council,OLYMPIA,Pos. 3,371,< 25%,4498,Nathaniel Jones,8089,Rafael Ruiz,3591
General_2015,City Council,OMAK,Pos. 4,3,< 25%,361,Dino DeCesari,361,,0
General_2015,City Council,OMAK,Pos. 5,3,< 25%,519,Barry Wayne Freel,519,,0
General_2015,City Council,OMAK,Pos. 6,3,< 25%,512,Stephen D. Clark,512,,0
General_2015,City Council,OMAK,Pos. 7,3,< 25%,517,Walt Womack,517,,0
General_2015,City Council,OROVILLE,Pos. 3,1,< 25%,49,David (Mac) McElheran,184,Robert Fuchs,135
General_2015,City Council,OROVILLE,Pos. 4,1,< 25%,314,Walter A. Hart III,314,,0
General_2015,City Council,OROVILLE,Pos. 5,1,< 25%,91,Neysa Roley,211,Chris Allen,120
General_2015,City Council,ORTING,Pos. 1,22,< 25%,200,Tod Gunther,740,Gwen Robson,540
General_2015,City Council,ORTING,Pos. 4,22,< 25%,762,Dave Harman,1025,Phil Allen,263
General_2015,City Council,ORTING,Pos. 6,22,< 25%,217,Joshua Penner,754,Arlene Dannat,537
General_2015,City Council,ORTING,Pos. 5,22,> 50%,3,Nicola McDonald,665,Guy S. (Sam) Colorossi,662
General_2015,City Council,OTHELLO,Pos. 4,4,< 25%,385,Eugene Bain,385,,0
General_2015,City Council,OTHELLO,Pos. 5,4,< 25%,412,Larry McCourtie,412,,0
General_2015,City Council,OTHELLO,Pos. 6,4,< 25%,417,Mark Snyder,417,,0
General_2015,City Council,OTHELLO,Pos. 7,4,< 25%,376,Angel Garza,376,,0
General_2015,City Council,PACIFIC,Pos. 1,42,< 25%,1214,Katie Garberding,1227,Write-in,13
General_2015,City Council,PACIFIC,Pos. 6,42,< 25%,269,David B. Storaasli,898,Don Thomson,629
General_2015,City Council,PACIFIC,Pos. 3,42,> 50%,53,Clinton Steiger,795,Brice Erickson,742
General_2015,City Council,PALOUSE,Pos. 2,0,< 25%,292,Bo Ossinger,292,,0
General_2015,City Council,PALOUSE,Pos. 5,0,< 25%,300,Rick Wekenman,300,,0
General_2015,City Council,PALOUSE,Pos. 6,0,< 25%,313,Mark Wilcomb,313,,0
General_2015,City Council,PASCO,Pos. 6,57,< 25%,2215,Matt Watkins,4615,Bertha Aranda Glatt,2400
General_2015,City Council,PASCO,District 1,57,< 25%,3184,Al Yenney,5114,Bertha Alicia Coria,1930
General_2015,City Council,PASCO,District 6,57,< 25%,517,Rebecca Francik,3806,David Milne,3289
General_2015,City Council,PATEROS,Pos. 3,1,< 25%,81,George Brady,81,,0
General_2015,City Council,PATEROS,Pos. 4,1,< 25%,87,Ryan W. Greene,87,,0
General_2015,City Council,PATEROS,Pos. 5,1,< 25%,91,Megan Sherrard,91,,0
General_2015,City Council,PORT ANGELES,Pos. 5,16,< 25%,595,Michael Merideth,2268,Marolee Smith,1673
General_2015,City Council,PORT ANGELES,Pos. 6,16,< 25%,2826,Sissi Bruch,2826,,0
General_2015,City Council,PORT ANGELES,Pos. 7,16,< 25%,450,Cherie Kidd,2326,Dan Bateham,1876
General_2015,City Council,PORT ORCHARD,At-Large,36,< 25%,1847,Clancy Donlin,1847,,0
General_2015,City Council,PORT ORCHARD,Pos. 1,36,< 25%,505,Shawn Cucciardi,1509,Keith Law,1004
General_2015,City Council,PORT ORCHARD,Pos. 5,36,< 25%,662,Cindy Lucarelli,1592,Marcus Lane,930
General_2015,City Council,PORT ORCHARD,Pos. 4,36,25-50%,104,John W Clauson,1300,Nick Whittleton,1196
General_2015,City Council,PORT TOWNSEND,Pos. 3,9,< 25%,2541,Deborah Stinson,2541,,0
General_2015,City Council,PORT TOWNSEND,Pos. 4,9,< 25%,2427,Robert Gray,2427,,0
General_2015,City Council,PORT TOWNSEND,Pos. 6,9,< 25%,1501,Amy Smith,2520,Paul S. Rice,1019
General_2015,City Council,PORT TOWNSEND,Pos. 7,9,< 25%,1397,David J. Faber,2301,Travis R. Keena,904
General_2015,City Council,POULSBO,Pos. 1,29,< 25%,367,Kenneth Thomas,1176,Amanda Cheatham,809
General_2015,City Council,POULSBO,Pos. 2,29,< 25%,1631,Connie Lord,1631,,0
General_2015,City Council,POULSBO,Pos. 3,29,< 25%,1581,Gary Nystul,1581,,0
General_2015,City Council,POULSBO,Pos. 4,29,< 25%,1277,Jeffrey R. McGinty,1599,Gregory A. Mueller,322
General_2015,City Council,PRESCOTT,Pos. 2,0,< 25%,61,Val Jacobson,61,,0
General_2015,City Council,PRESCOTT,Pos. 3,0,< 25%,51,Douglas (Doug) Venn,51,,0
General_2015,City Council,PRESCOTT,Pos. 4,0,< 25%,57,Chuck Kimzey,57,,0
General_2015,City Council,PRESCOTT,Pos. 5,0,< 25%,7,Brent Potts,41,Matt Tunell,34
General_2015,City Council,PROSSER,Pos. 3,1,< 25%,720,Rob Siemens,720,,0
General_2015,City Council,PROSSER,Pos. 4,1,< 25%,716,Bob Elder,716,,0
General_2015,City Council,PROSSER,Pos. 5,1,< 25%,684,Mary Ruth Edwards,684,,0
General_2015,City Council,PROSSER,Pos. 6,1,< 25%,708,Steven W Becken,708,,0
General_2015,City Council,PROSSER,Pos. 7,1,< 25%,652,Humberto Rodriguez,652,,0
General_2015,City Council,PULLMAN,Pos. 3,94,< 25%,408,Pat Wright,408,,0
General_2015,City Council,PULLMAN,Pos. 6,94,< 25%,479,Eileen (Mac) Macoll,1660,Tony Poston,1181
General_2015,City Council,PULLMAN,Pos. 2,94,25-50%,352,Nathan Weller,352,,0
General_2015,City Council,PULLMAN,Pos. 1,94,25-50%,321,Ann Parks,1090,Francis Benjamin,769
General_2015,City Council,PUYALLUP,Pos. 1,381,> 50%,687,Robin Farris,1568,Pat McGregor,881
General_2015,City Council,PUYALLUP,Pos. 1,381,> 50%,637,John Palmer,1764,Keith W. Sherrill,1127
General_2015,City Council,PUYALLUP,Pos. 1,381,> 50%,273,Thomas Jay (Tom) Swanson,1618,Robin Ordonez,1345
General_2015,City Council,PUYALLUP,At-Large,381,> 50%,263,Dean Johnson,4236,Steven Vermillion,3973
General_2015,City Council,QUINCY,Pos. 1,2,< 25%,88,Josey Ferguson,396,Scott B Lybbert,308
General_2015,City Council,QUINCY,Pos. 3,2,< 25%,550,Thomas L Harris,550,,0
General_2015,City Council,QUINCY,Pos. 6,2,< 25%,186,Sonia O. Padron,453,Warren Dan Lybbert,267
General_2015,City Council,QUINCY,Pos. 7,2,< 25%,148,David Durfee Jr,431,"Manuel ""Manny"" Guerrero",283
General_2015,City Council,RAINIER,Pos. 2,6,< 25%,208,Robert Shaw,208,,0
General_2015,City Council,RAINIER,Pos. 3,6,< 25%,220,Tom Arnbrister,220,,0
General_2015,City Council,RAINIER,Pos. 4,6,< 25%,54,Jonathan Stephenson,177,Dennis McVey,123
General_2015,City Council,RAINIER,Pos. 5,6,< 25%,197,Everett Gage,197,,0
General_2015,City Council,RAYMOND,Pos. 2,1,< 25%,407,Kaley Hanson,407,,0
General_2015,City Council,RAYMOND,Pos. 3,1,< 25%,382,Ray Robinson,382,,0
General_2015,City Council,RAYMOND,Pos. 6,1,< 25%,379,Ian Farrell,379,,0
General_2015,City Council,RAYMOND,Pos. 7,1,< 25%,380,Betty J. Sovereign,380,,0
General_2015,City Council,REARDAN,Pos. 1,0,< 25%,148,Gail E. Daniels,148,,0
General_2015,City Council,REARDAN,Pos. 2,0,< 25%,151,Clay Soliday,151,,0
General_2015,City Council,REARDAN,Pos. 4,0,< 25%,148,Shad D. Vincent,148,,0
General_2015,City Council,REDMOND,Pos. 1,1561,< 25%,6475,Hank Myers,6579,Write-in,104
General_2015,City Council,REDMOND,Pos. 3,1561,< 25%,6382,Hank Margeson,6489,Write-in,107
General_2015,City Council,REDMOND,Pos. 5,1561,< 25%,6500,Angela Birney,6576,Write-in,76
General_2015,City Council,REDMOND,Pos. 7,1561,< 25%,6344,David Carson,6440,Write-in,96
General_2015,City Council,RENTON,Pos. 5,1321,< 25%,9016,Ed Prince,9204,Write-in,188
General_2015,City Council,RENTON,Pos. 6,1321,< 25%,8991,Ruth Perez,9147,Write-in,156
General_2015,City Council,RENTON,Pos. 7,1321,< 25%,8951,Don Persson,9118,Write-in,167
General_2015,City Council,RENTON,Pos. 3,1321,25-50%,5267,Carol Ann Witschi,8176,Marcie Palmer,2909
General_2015,City Council,RENTON,Pos. 4,1321,25-50%,3647,Ryan McIrvin,7605,Monique Taylor-Swan,3958
General_2015,City Council,REPUBLIC,Pos. 2,2,< 25%,172,Daniel Hay,172,,0
General_2015,City Council,REPUBLIC,Pos. 4,2,< 25%,182,Wade Culp,182,,0
General_2015,City Council,RICHLAND,Pos. 2,223,< 25%,7129,Brad Anderson,7129,,0
General_2015,City Council,RICHLAND,Pos. 5,223,< 25%,7221,Phillip R. Lemley,7221,,0
General_2015,City Council,RICHLAND,Pos. 6,223,< 25%,3177,Terry Christensen,6197,Donnie Landsman,3020
General_2015,City Council,RICHLAND,Pos. 7,223,> 50%,88,Dori Luzzo Gilmour,4627,Gregory L. Jones,4539
General_2015,City Council,RICHLAND,Pos. 1,223,> 50%,186,John E. Smart,1488,Byron Martin,1302
General_2015,City Council,RICHLAND,Pos. 5,223,25-50%,762,Don Engelman,1777,Robert Perkes,1015
General_2015,City Council,RICHLAND,Pos. 6,223,25-50%,580,Scott Whalen,1702,Neomi N. Garza,1122
General_2015,City Council,RICHLAND,Pos. 7,223,25-50%,779,Ken Stoker,1801,Tony Benegas,1022
General_2015,City Council,RIDGEFIELD,Pos. 2,55,< 25%,326,David Taylor,840,Maria Salazar,514
General_2015,City Council,RIDGEFIELD,Pos. 3,55,< 25%,994,Lee E. Wells,994,,0
General_2015,City Council,RIDGEFIELD,Pos. 5,55,< 25%,949,Darren S. Wertz,949,,0
General_2015,City Council,RIDGEFIELD,Pos. 7,55,< 25%,1017,Sandra Day,1017,,0
General_2015,City Council,RITZVILLE,Ward 1,0,< 25%,290,Dede Rawlings,290,,0
General_2015,City Council,RITZVILLE,Ward 2,0,< 25%,317,Corey T. Umland,317,,0
General_2015,City Council,RITZVILLE,Ward 4,0,< 25%,344,Dennis R. Chamberlain,344,,0
General_2015,City Council,RIVERSIDE,Pos. 4,1,< 25%,32,Arlie Clinkenbeard,32,,0
General_2015,City Council,RIVERSIDE,Pos. 5,1,< 25%,28,Sandra G. Schneider,28,,0
General_2015,City Council,ROSALIA,Pos. 2,0,< 25%,149,Rick Lau,149,,0
General_2015,City Council,ROSALIA,Pos. 4,0,< 25%,142,Robert Ward,142,,0
General_2015,City Council,ROSLYN,Pos. 1,0,< 25%,159,Derek Gruber,159,,0
General_2015,City Council,ROSLYN,Pos. 2,0,< 25%,154,Andy Januszkiewicz,154,,0
General_2015,City Council,ROSLYN,Pos. 3,0,< 25%,142,Scott Gray,142,,0
General_2015,City Council,ROSLYN,Pos. 4,0,< 25%,160,Cordy Cooke,160,,0
General_2015,City Council,ROSLYN,Pos. 7,0,< 25%,171,Nolan Walter Weis,171,,0
General_2015,City Council,ROY,Pos. 2,4,< 25%,420,James R. Fuchs,420,,0
General_2015,City Council,ROY,Pos. 3,4,< 25%,465,Donna Hunt,465,,0
General_2015,City Council,ROY,Pos. 4,4,< 25%,467,James D. Harris,467,,0
General_2015,City Council,ROY,Pos. 1,4,< 25%,508,K. Mike Cassetto,508,,0
General_2015,City Council,ROY,Pos. 1,4,< 25%,62,Jessie Ashman,62,,0
General_2015,City Council,ROY,Pos. 2,4,< 25%,69,Yvonne Starks,69,,0
General_2015,City Council,ROY,Pos. 4,4,< 25%,63,Michelle Walker,63,,0
General_2015,City Council,ROY,Pos. 3,4,< 25%,85,Hector Rodriguez,85,,0
General_2015,City Council,ROY,Pos. 4,4,< 25%,87,Hollin Garnick,87,,0
General_2015,City Council,ROY,Pos. 5,4,< 25%,84,Tiffany Workinger,84,,0
General_2015,City Council,RUSTON,Pos. 3,4,< 25%,165,James Hedrick,165,,0
General_2015,City Council,RUSTON,Pos. 5,4,< 25%,157,Lynn Syler,157,,0
General_2015,City Council,SAMMAMISH,Pos. 4,908,< 25%,6098,Ramiro Valderrama,7550,Hank Klein,1452
General_2015,City Council,SAMMAMISH,Pos. 2,908,> 50%,1616,Christie Malchow,5527,Mark Cross,3911
General_2015,City Council,SAMMAMISH,Pos. 6,908,> 50%,749,Tom Hornish,5022,Tom Vance,4273
General_2015,City Council,SEATAC,Pos. 1,1163,> 50%,1266,Rick Forschler,2395,Craig Baker,1129
General_2015,City Council,SEATAC,Pos. 3,1163,> 50%,756,Peter Kwon,2233,Sally Andrews,1477
General_2015,City Council,SEATAC,Pos. 5,1163,> 50%,1088,Michael Siefkes,2325,Dave Bush,1237
General_2015,City Council,SEATAC,Pos. 7,1163,> 50%,658,Erin A. Sitterley,2170,Mia Su-Ling Gregerson,1512
General_2015,City Council,SEATTLE,Pos. 9,8052,< 25%,93295,Lorena Gonzalez,128588,Bill Bradburd,35293
General_2015,City Council,SEATTLE,District 1,8052,> 50%,39,Lisa Herbold,12459,Shannon Braddock,12420
General_2015,City Council,SEATTLE,District 2,8052,> 50%,344,Bruce Harrell,9532,Tammy Morales,9188
General_2015,City Council,SEATTLE,District 3,8052,> 50%,3743,Kshama Sawant,17170,Pamela Banks,13427
General_2015,City Council,SEATTLE,District 4,8052,> 50%,708,Rob Johnson,11808,Michael Maddux,11100
General_2015,City Council,SEATTLE,District 5,8052,> 50%,6834,Debora Juarez,15058,Sandy Brown,8224
General_2015,City Council,SEATTLE,District 6,8052,> 50%,7028,Mike O'Brien,18830,Catherine Weatbrook,11802
General_2015,City Council,SEATTLE,District 7,8052,> 50%,14363,Sally Bagshaw,18576,Deborah Zech-Artis,4213
General_2015,City Council,SEATTLE,Pos. 8,8052,25-50%,16278,Tim Burgess,91863,Jon Grant,75585
General_2015,City Council,SEQUIM,Pos. 1,19,< 25%,277,Pam Leonard-Ray,1187,Brandon Janisse,910
General_2015,City Council,SEQUIM,Pos. 2,19,< 25%,318,John Miller,1200,Susan Lorenzen,882
General_2015,City Council,SEQUIM,Pos. 6,19,< 25%,1387,Ken Hays,1387,,0
General_2015,City Council,SEQUIM,Pos. 7,19,< 25%,329,Candace Pratt,1213,James Russell,884
General_2015,City Council,SHORELINE,Pos. 4,580,< 25%,9058,Doris McConnell,9256,Write-in,198
General_2015,City Council,SHORELINE,Pos. 6,580,> 50%,1138,Jesse Salomon,6800,Lorn Richey,5662
General_2015,City Council,SHORELINE,Pos. 2,580,25-50%,2131,Keith Scully,7277,Jessica Cafferty,5146
General_2015,City Council,SKYKOMISH,Pos. 1,0,< 25%,44,Jennifer M. Childs,47,Write-in,3
General_2015,City Council,SKYKOMISH,Pos. 3,0,< 25%,41,Kevin Weiderstrom,43,Write-in,2
General_2015,City Council,SKYKOMISH,Pos. 5,0,< 25%,41,Henry W. Sladek,43,Write-in,2
General_2015,City Council,SNOHOMISH,Pos. 2,227,> 50%,76,Karen W. Guzak,1037,Larry Countryman,961
General_2015,City Council,SNOHOMISH,Pos. 3,227,> 50%,90,Zachary S. Wilde,957,Paul J. Kaftanski,867
General_2015,City Council,SNOHOMISH,Pos. 1,227,25-50%,889,Lynn Schilaty,1382,Alexander Suprenant,493
General_2015,City Council,SNOQUALMIE,Pos. 2,160,< 25%,1350,Chelley Patterson,1382,Write-in,32
General_2015,City Council,SNOQUALMIE,Pos. 4,160,< 25%,1303,Brad Toft,1359,Write-in,56
General_2015,City Council,SNOQUALMIE,Pos. 6,160,> 50%,123,Charles S. Peterson,1016,Joe Larson,893
General_2015,City Council,SOUTH,Pos. 1,0,< 25%,289,Lisa Olsen,289,,0
General_2015,City Council,SOUTH,Pos. 2,0,< 25%,268,Clarence D Williams,268,,0
General_2015,City Council,SOUTH,Pos. 1,0,< 25%,58,Stu Terry,58,,0
General_2015,City Council,SOUTH,Pos. 3,0,< 25%,52,Jan Twardoski,52,,0
General_2015,City Council,SOUTH,Pos. 4,0,< 25%,52,Barbara Wigton,52,,0
General_2015,City Council,SOUTH,Pos. 5,0,< 25%,54,Vicky Watkins,54,,0
General_2015,City Council,SPANGLE,Pos. 2,0,< 25%,69,Rebecca L Johnson,69,,0
General_2015,City Council,SPANGLE,Pos. 3,0,< 25%,71,Melissa Holling,71,,0
General_2015,City Council,SPANGLE,Pos. 4,0,< 25%,81,Clyde J. Sample,81,,0
General_2015,City Council,SPANGLE,Pos. 5,0,< 25%,71,Brian Mangis,71,,0
General_2015,City Council,SPOKANE,President,708,< 25%,12379,Ben Stuckart,29431,John E. Ahern,17052
General_2015,City Council,SPOKANE,Pos. 2,708,< 25%,13037,Dean Grafos,13037,,0
General_2015,City Council,SPOKANE,District 1,708,> 50%,768,Mike Fagan,5239,Randy M. Ramos,4471
General_2015,City Council,SPOKANE,District 3,708,> 50%,1271,Karen Stratton,9416,Evan J. Verduin,8145
General_2015,City Council,SPOKANE,Pos. 3,708,> 50%,1092,Arne Woodard,8763,Tom Towey,7671
General_2015,City Council,SPOKANE,Pos. 6,708,> 50%,99,Sam Wood,8260,Ben Wick,8161
General_2015,City Council,SPOKANE,District 2,708,25-50%,1729,Lori Kinnear,10397,LaVerne Biel,8668
General_2015,City Council,SPRAGUE,Pos. 1,1,< 25%,67,Judy Boutain,91,Crystal Victor,24
General_2015,City Council,SPRAGUE,Pos. 3,1,< 25%,87,Patricia Busby,87,,0
General_2015,City Council,SPRAGUE,Pos. 4,1,< 25%,85,Aaron Snider,85,,0
General_2015,City Council,SPRAGUE,Pos. 5,1,< 25%,76,Trace De Garmo,76,,0
General_2015,City Council,ST.,Pos. 1,0,< 25%,199,Mike Webb,199,,0
General_2015,City Council,ST.,Pos. 2,0,< 25%,194,Denny Hinds,194,,0
General_2015,City Council,STANWOOD,Pos. 3,24,< 25%,988,Elizabeth Callaghan,988,,0
General_2015,City Council,STANWOOD,Pos. 4,24,< 25%,1003,Tim Pearce,1003,,0
General_2015,City Council,STANWOOD,Pos. 5,24,< 25%,974,Lawrence (Larry) A. Sather,974,,0
General_2015,City Council,STANWOOD,Pos. 6,24,< 25%,971,Conrad Ryer,971,,0
General_2015,City Council,STARBUCK,Pos. 1,0,< 25%,48,DENERD HARSTAD,48,,0
General_2015,City Council,STARBUCK,Pos. 3,0,< 25%,10,K. RUTH SHEARER,36,Travis Connely,26
General_2015,City Council,STARBUCK,Pos. 5,0,< 25%,52,JOHN A. WOOD,52,,0
General_2015,City Council,STEILACOOM,Pos. 4,12,< 25%,1406,Nancy E. Henderson,1406,,0
General_2015,City Council,STEILACOOM,Pos. 5,12,< 25%,340,Fred Crumley,934,Bruce Judson,594
General_2015,City Council,SULTAN,Pos. 4,23,< 25%,439,Russell Wiita,644,Bart Dalmasso,205
General_2015,City Council,SULTAN,Pos. 5,23,< 25%,139,Joe Neigel,480,Al Wirta,341
General_2015,City Council,SULTAN,Pos. 7,23,< 25%,259,Jeffrey Beeler,552,Kay George,293
General_2015,City Council,SUMAS,Pos. 3,3,< 25%,223,Todd Daniels,223,,0
General_2015,City Council,SUMAS,Pos. 5,3,< 25%,232,Gary de Bont,232,,0
General_2015,City Council,SUMNER,Pos. 4,16,< 25%,1281,Patrick Reed,1281,,0
General_2015,City Council,SUMNER,Pos. 5,16,< 25%,1277,Cindi Hochstatter,1277,,0
General_2015,City Council,SUMNER,Pos. 6,16,< 25%,1308,Curt Brown,1308,,0
General_2015,City Council,SUMNER,Pos. 7,16,< 25%,1300,Mike LeMaster,1300,,0
General_2015,City Council,TACOMA,Pos. 7,695,< 25%,9828,Conor McCarthy,20302,Suzanne Skaar,10474
General_2015,City Council,TACOMA,Pos. 8,695,< 25%,25493,Ryan Mello,25493,,0
General_2015,City Council,TACOMA,District 1,695,> 50%,809,Anders Ibsen,5811,John Hines,5002
General_2015,City Council,TACOMA,District 3,695,> 50%,552,Keith Blocker,2818,Tom McCarthy,2266
General_2015,City Council,TEKOA,Pos. 1,0,< 25%,146,Richard Kelly,146,,0
General_2015,City Council,TEKOA,Pos. 2,0,< 25%,153,Troy Wilson,153,,0
General_2015,City Council,TEKOA,Pos. 3,0,< 25%,143,Deborah M Groom,143,,0
General_2015,City Council,TEKOA,Pos. 5,0,< 25%,158,John R Giudice,158,,0
General_2015,City Council,TEKOA,Pos. 7,0,< 25%,146,David Tysz,146,,0
General_2015,City Council,TENINO,Pos. 2,8,< 25%,328,David Watterson,328,,0
General_2015,City Council,TENINO,Pos. 5,8,< 25%,181,Susan Copeland,303,Ken Jones,122
General_2015,City Council,TONASKET,Pos. 2,1,< 25%,159,Jensen Sackman,159,,0
General_2015,City Council,TONASKET,Pos. 4,1,< 25%,162,Maria Moreno,162,,0
General_2015,City Council,TONASKET,Pos. 5,1,< 25%,165,Claire Jeffko,165,,0
General_2015,City Council,TUKWILA,Pos. 6,938,> 50%,1062,Kate Kruller,1758,Charles Richard (Dick) Tyson,696
General_2015,City Council,TUKWILA,Pos. 2,938,25-50%,1967,Kathy Hougardy,1997,Write-in,30
General_2015,City Council,TUKWILA,Pos. 4,938,25-50%,1881,Dennis Robertson,1920,Write-in,39
General_2015,City Council,TUMWATER,Pos. 1,47,< 25%,2603,Nicole Hill,2603,,0
General_2015,City Council,TUMWATER,Pos. 2,47,< 25%,800,Tom Oliva,2098,Stephen Ssemaala,1298
General_2015,City Council,TUMWATER,Pos. 3,47,< 25%,2556,Joan Cathey,2556,,0
General_2015,City Council,TUMWATER,Pos. 4,47,< 25%,2614,Eileen Swarthout,2614,,0
General_2015,City Council,TUMWATER,Pos. 7,47,< 25%,2592,Neil A. McClanahan,2592,,0
General_2015,City Council,TWISP,Pos. 2,0,< 25%,169,Aaron Studen,169,,0
General_2015,City Council,TWISP,Pos. 3,0,< 25%,131,Traci Day,131,,0
General_2015,City Council,TWISP,Pos. 4,0,< 25%,161,John Fleming,161,,0
General_2015,City Council,TWISP,Pos. 5,0,< 25%,171,Hans Smith,171,,0
General_2015,City Council,UNIONTOWN,Pos. 1,0,< 25%,69,John G Jacobs,69,,0
General_2015,City Council,UNIONTOWN,Pos. 2,0,< 25%,68,Brian Davies,68,,0
General_2015,City Council,UNIONTOWN,Pos. 4,0,< 25%,67,Daniel P Baker,67,,0
General_2015,City Council,UNIVERSITY PLACE,Pos. 2,236,< 25%,5532,Kent D. Keel,5532,,0
General_2015,City Council,UNIVERSITY PLACE,Pos. 6,236,< 25%,1582,Chris Nye,4223,Frank Boykin,2641
General_2015,City Council,UNIVERSITY PLACE,Pos. 7,236,< 25%,5382,Caroline Belleci,5382,,0
General_2015,City Council,VANCOUVER,Pos. 4,947,< 25%,15331,Bart Hansen,19813,Justin M. Forsman,4482
General_2015,City Council,VANCOUVER,Pos. 6,947,< 25%,5444,Bill Turlay,14863,George R. Francisco,9419
General_2015,City Council,VANCOUVER,Pos. 5,947,> 50%,866,Ty Stober,12820,Linda Glover,11954
General_2015,City Council,WALLA WALLA,Pos. 4,26,< 25%,728,Jerry Cummins,3096,Sharon K Schiller,2368
General_2015,City Council,WALLA WALLA,Pos. 5,26,< 25%,3767,Barbara Clark,3767,,0
General_2015,City Council,WALLA WALLA,Pos. 6,26,< 25%,4162,Tom Scribner,4162,,0
General_2015,City Council,WALLA WALLA,Pos. 7,26,< 25%,987,Steven (Steve) Moss,3203,Dominick J. Elia,2216
General_2015,City Council,WASHOUGAL,Pos. 2,41,< 25%,1896,Michelle C. Wagner,1896,,0
General_2015,City Council,WASHOUGAL,Pos. 4,41,< 25%,320,Joyce Lindsay,1362,Jason Dodge,1042
General_2015,City Council,WASHOUGAL,Pos. 5,41,< 25%,1927,Jennifer McDaniel,1927,,0
General_2015,City Council,WASHOUGAL,Pos. 7,41,25-50%,126,Dan Coursey,1287,Molly L. Coston,1161
General_2015,City Council,WASHTUCNA,Pos. 1,0,< 25%,60,David Miller,60,,0
General_2015,City Council,WASHTUCNA,Pos. 2,0,< 25%,63,Shauna K. Miller,63,,0
General_2015,City Council,WASHTUCNA,Pos. 3,0,< 25%,73,Carol J. Sullivan,73,,0
General_2015,City Council,WASHTUCNA,Pos. 5,0,< 25%,59,Jennifer Webb,59,,0
General_2015,City Council,WATERVILLE,Pos. 3,0,< 25%,298,Jill Daling Thompson,298,,0
General_2015,City Council,WATERVILLE,Pos. 4,0,< 25%,287,Charles Driver,287,,0
General_2015,City Council,WATERVILLE,Pos. 5,0,< 25%,162,Joyce Huber,250,Joseph R. Johnson,88
General_2015,City Council,WAVERLY,Pos. 3,0,< 25%,31,Evie Heinevetter,31,,0
General_2015,City Council,WAVERLY,Pos. 5,0,< 25%,29,Tabitha Gale,29,,0
General_2015,City Council,WENATCHEE,Pos. 1,36,< 25%,231,John D. Sterk,1137,Art Murison,906
General_2015,City Council,WENATCHEE,Pos. 2,36,< 25%,1728,Harry Raab,1728,,0
General_2015,City Council,WENATCHEE,Pos. 5,36,< 25%,690,Sandy McCourt,1381,Mark Botello,691
General_2015,City Council,WENATCHEE,Pos. 6,36,< 25%,1747,"Timothy J. ""Tim"" Detering",1747,,0
General_2015,City Council,WENATCHEE,Pos. 2,36,< 25%,4235,Ruth Esparza,4235,,0
General_2015,City Council,WENATCHEE,Pos. 3,36,< 25%,4035,Lyle Markhart,4035,,0
General_2015,City Council,WENATCHEE,Pos. 5,36,< 25%,4278,Mark Kulaas,4278,,0
General_2015,City Council,WENATCHEE,Pos. 6,36,< 25%,4158,Linda Herald,4158,,0
General_2015,City Council,WENATCHEE,Pos. 7,36,< 25%,2626,Mike Poirier,3641,Donald D. Ovitt,1015
General_2015,City Council,WESTPORT,Pos. 2,1,< 25%,394,Robert N. Parnell,394,,0
General_2015,City Council,WESTPORT,Pos. 5,1,< 25%,146,Brandi Holmes,318,Patricia Gardner,172
General_2015,City Council,WHITE SALMON,Pos. 1,2,< 25%,384,Robert Gilchrist,384,,0
General_2015,City Council,WHITE SALMON,Pos. 2,2,< 25%,378,Donna Heimke,378,,0
General_2015,City Council,WILBUR,Pos. 3,0,< 25%,54,Write-In: Coltan Hoppe,166,Beverly A. Evans,112
General_2015,City Council,WILBUR,Pos. 4,0,< 25%,136,Wally Kluver,253,Scott Sundean,117
General_2015,City Council,WILBUR,Pos. 5,0,< 25%,59,Jim Pope,213,Roy Scheibner,154
General_2015,City Council,WILKESON,Pos. 5,0,< 25%,52,Terry Endsley,52,,0
General_2015,City Council,WINTHROP,Pos. 3,0,< 25%,86,Gaile Bryant-Cannon,86,,0
General_2015,City Council,WINTHROP,Pos. 4,0,< 25%,87,Jessica Sheehan,87,,0
General_2015,City Council,WINTHROP,Pos. 5,0,< 25%,94,Anne Acheson,94,,0
General_2015,City Council,WOODINVILLE,Pos. 6,384,> 50%,334,Al Taylor,1174,Deanna Arnold-Frady,840
General_2015,City Council,WOODINVILLE,Pos. 2,384,25-50%,1460,Les Rubstello,1501,Write-in,41
General_2015,City Council,WOODINVILLE,Pos. 4,384,25-50%,1507,Elaine Cook,1525,Write-in,18
General_2015,City Council,WOODLAND,Pos. 4,9,< 25%,140,Karl A. Chapman,498,Grover B. Laseke,358
General_2015,City Council,WOODLAND,Pos. 5,9,< 25%,67,Susan Humbyrd,461,JJ Burke,394
General_2015,City Council,WOODLAND,Pos. 7,9,< 25%,197,Matthew Jacobs,494,Mike Benjamin,297
General_2015,City Council,WOODWAY,Pos. 4,11,< 25%,308,Thomas Howard,308,,0
General_2015,City Council,WOODWAY,Pos. 5,11,< 25%,309,Elizabeth Mitchell,309,,0
General_2015,City Council,YACOLT,Pos. 3,1,< 25%,144,Anthony Bronkhorst,144,,0
General_2015,City Council,YACOLT,Pos. 5,1,< 25%,153,Jason Conrad Wallway,153,,0
General_2015,City Council,YARROW POINT,Pos. 2,8,< 25%,243,Carl Scandella,245,Write-in,2
General_2015,City Council,YARROW POINT,Pos. 4,8,< 25%,247,Andrew Valaas,249,Write-in,2
General_2015,City Council,YARROW POINT,Pos. 5,8,< 25%,231,Steve Bush,236,Write-in,5
General_2015,City Council,YELM,Pos. 1,18,< 25%,710,JW Foster,710,,0
General_2015,City Council,YELM,Pos. 2,18,< 25%,85,Molly A. Carmody,498,Joe Baker,413
General_2015,City Council,YELM,Pos. 6,18,< 25%,269,Joe DePinto,601,Terry Kaminski,332
General_2015,City Council,YELM,Pos. 4,18,> 50%,7,Tad Stillwell,462,Jen Littlefield,455
General_2013,City Council,ABERDEEN,Pos. 5,11,< 25%,451,Tim Alstrom,451,,0
General_2013,City Council,ABERDEEN,Pos. 7,11,< 25%,316,Kathi Hoder,583,Elaine Redner,267
General_2013,City Council,ABERDEEN,Pos. 11,11,< 25%,183,Denny Lawrence,306,Michelle Barclay,123
General_2013,City Council,ABERDEEN,Pos. 2,11,> 50%,9,Tawni Andrews,203,John R Smith,194
General_2013,City Council,ABERDEEN,Pos. 4,11,25-50%,42,Alice Phelps,225,Roberta Myers,183
General_2013,City Council,ABERDEEN,Pos. 10,11,25-50%,26,John Erak,133,Alan Richrod,107
General_2013,City Council,AIRWAY HEIGHTS,Pos. 1,15,< 25%,561,Patrick D. Rushing,561,,0
General_2013,City Council,AIRWAY HEIGHTS,Pos. 2,15,< 25%,69,Steven Lawrence,330,Jack Collins,261
General_2013,City Council,AIRWAY HEIGHTS,Pos. 4,15,< 25%,538,Tanya D Dashiell,538,,0
General_2013,City Council,AIRWAY HEIGHTS,Pos. 6,15,< 25%,537,Doyle M. Inman,537,,0
General_2013,City Council,ALBION,Pos. 2,0,< 25%,78,Justin L Gibbs,78,,0
General_2013,City Council,ALBION,Pos. 3,0,< 25%,86,Rhonda Anderson,86,,0
General_2013,City Council,ALMIRA,Pos. 3,0,< 25%,80,Scott F. Smith,80,,0
General_2013,City Council,ALMIRA,Pos. 4,0,< 25%,90,Jason Evers,90,,0
General_2013,City Council,ALMIRA,Pos. 5,0,< 25%,88,Gene Scammon,88,,0
General_2013,City Council,ANACORTES,Pos. 4,23,< 25%,1637,Matt Miller,4166,Andrea Doll,2529
General_2013,City Council,ANACORTES,Pos. 5,23,< 25%,3769,John(Johnny)Archibald,4970,Brandon J. Robinson,1201
General_2013,City Council,ANACORTES,Pos. 6,23,< 25%,2292,Elizabeth (Liz) Lovelett,4474,Bill Turner,2182
General_2013,City Council,ANACORTES,Pos. 7,23,< 25%,5029,Erica Pickett,5029,,0
General_2013,City Council,ARLINGTON,Pos. 3,52,< 25%,2866,Debora Nelson,2866,,0
General_2013,City Council,ARLINGTON,Pos. 7,52,< 25%,471,Jan Schuette,1926,Mike Hopson,1455
General_2013,City Council,ARLINGTON,Pos. 1,52,> 50%,18,Jesica Stickles,1740,Steve Baker,1722
General_2013,City Council,ARLINGTON,Pos. 2,52,> 50%,26,Chris Raezer,1691,Shery Christianson,1665
General_2013,City Council,ASOTIN,Pos. 1,0,< 25%,277,Jennifer Bly,277,,0
General_2013,City Council,ASOTIN,Pos. 3,0,< 25%,260,George Tucker,260,,0
General_2013,City Council,ASOTIN,Pos. 4,0,< 25%,270,Mervin Schneider,270,,0
General_2013,City Council,ASOTIN,Pos. 5,0,< 25%,271,Joe Appleton,271,,0
General_2013,City Council,AUBURN,Pos. 2,999,> 50%,1698,Claude DaCorsi,6774,Jodi Riker-Yap,5076
General_2013,City Council,AUBURN,Pos. 4,999,> 50%,1367,Yolanda Trout,6756,Frank Lonergan,5389
General_2013,City Council,AUBURN,Pos. 6,999,> 50%,30,Rich Wagner,6125,Michelle Binetti,6095
General_2013,City Council,BAINBRIDGE ISLAND,Pos. 3,33,< 25%,3855,Roger Townsend,6757,Dee McComb,2902
General_2013,City Council,BAINBRIDGE ISLAND,Pos. 5,33,< 25%,2499,Wayne Roth,6112,Arlene Buetow,3613
General_2013,City Council,BAINBRIDGE ISLAND,Pos. 7,33,< 25%,3506,Val Tollefson,6759,Richard (Dick) Haugan,3253
General_2013,City Council,BATTLE GROUND,Pos. 1,22,< 25%,586,Lyle Lamb,1711,Michael J. Ciraulo,1125
General_2013,City Council,BATTLE GROUND,Pos. 4,22,< 25%,1211,Chris Regan,1917,"Alex Reinhold, Jr.",706
General_2013,City Council,BATTLE GROUND,Pos. 5,22,< 25%,886,Mike Dalesandro,1783,Lisa Walters,897
General_2013,City Council,BATTLE GROUND,Pos. 6,22,< 25%,255,Bill Ganley,1482,Steven Douglas Phelps,1227
General_2013,City Council,BELLINGHAM,Ward 2,292,< 25%,18177,Gene Knutson,18177,,0
General_2013,City Council,BELLINGHAM,Ward 4,292,< 25%,6042,Pinky Vargas,14534,Clayton Petree,8492
General_2013,City Council,BELLINGHAM,Ward 6,292,< 25%,17962,Michael Lilliquist,17962,,0
General_2013,City Council,BELLINGHAM,Ward At Large,292,< 25%,10476,Roxanne Murphy,16177,Bob Burr,5701
General_2013,City Council,BENTON CITY,Pos. 1,3,< 25%,430,Lisa Stade,430,,0
General_2013,City Council,BENTON CITY,Pos. 2,3,< 25%,315,Mary Lettau,429,Bryan Robinson,114
General_2013,City Council,BENTON CITY,Pos. 3,3,< 25%,181,Linda Lehman,346,Desiree Heninger,165
General_2013,City Council,BINGEN,Pos. 2,0,< 25%,62,Isolde (Izzy) Schroder,62,,0
General_2013,City Council,BINGEN,Pos. 4,0,< 25%,72,Sandi Dickey,72,,0
General_2013,City Council,BINGEN,Pos. 5,0,< 25%,65,Catherine Kiewit,65,,0
General_2013,City Council,BONNEY LAKE,Pos. 1,78,< 25%,2597,Randy McKibbin,2597,,0
General_2013,City Council,BONNEY LAKE,Pos. 6,78,> 50%,111,Donn Lewis,1691,Shawnta Mulligan,1580
General_2013,City Council,BONNEY LAKE,Pos. 3,78,25-50%,187,Dan Swatman,1774,"James (Kelly) McClimans, Sr.",1587
General_2013,City Council,BOTHELL,Pos. 1,1263,< 25%,6056,Joshua Freed,6056,,0
General_2013,City Council,BOTHELL,Pos. 3,1263,< 25%,6076,Del Spivey,6076,,0
General_2013,City Council,BOTHELL,Pos. 7,1263,< 25%,5852,Thomas E. Agnew,5852,,0
General_2013,City Council,BOTHELL,Pos. 5,1263,> 50%,504,Tris Samberg,4211,Steve Booth,3707
General_2013,City Council,BREMERTON,District 2,71,< 25%,817,Leslie Daugs,817,,0
General_2013,City Council,BREMERTON,District 4,71,< 25%,506,Greg Wheeler,506,,0
General_2013,City Council,BREMERTON,District 3,71,> 50%,43,Jerald (Jerry) McDonald,727,Adam C. Brockus,684
General_2013,City Council,BREMERTON,District 6,71,> 50%,47,Roy Runyon,630,Faye Flemister,583
General_2013,City Council,BREMERTON,District 1,71,25-50%,255,Mike Sullivan,698,Cynthia Triplett Galloway,443
General_2013,City Council,BREMERTON,District 5,71,25-50%,182,Dino Davis,491,Deirdre McKeel,309
General_2013,City Council,BREMERTON,District 7,71,25-50%,195,Eric Younger,525,Nick Wofford,330
General_2013,City Council,BREWSTER,Pos. 1,1,< 25%,140,Art Smyth,140,,0
General_2013,City Council,BREWSTER,Pos. 2,1,< 25%,136,Ramiro Villagrana,136,,0
General_2013,City Council,BREWSTER,Pos. 3,1,< 25%,148,John Marcus Housden,148,,0
General_2013,City Council,BREWSTER,Pos. 4,1,< 25%,150,Jan May,150,,0
General_2013,City Council,BREWSTER,Pos. 5,1,< 25%,132,Timothy Rieb,132,,0
General_2013,City Council,BRIDGEPORT,Pos. 1,0,< 25%,48,Matthew Schuh,113,Michael Knox,65
General_2013,City Council,BRIDGEPORT,Pos. 2,0,< 25%,154,Eric J Schmidt,154,,0
General_2013,City Council,BRIDGEPORT,Pos. 3,0,< 25%,155,Jacqueline (Jackie) Hentges,155,,0
General_2013,City Council,BRIER,Pos. 1,44,< 25%,1702,Marc Olson,1702,,0
General_2013,City Council,BRIER,Pos. 2,44,< 25%,1701,Martin Krienke,1701,,0
General_2013,City Council,BRIER,Pos. 3,44,< 25%,1681,Michael (Mike) Gallagher,1681,,0
General_2013,City Council,BRIER,At-Large,44,< 25%,1698,John M. Joplin,1698,,0
General_2013,City Council,BUCKLEY,Pos. 1,6,< 25%,689,Nora (Lyn) Rose,689,,0
General_2013,City Council,BUCKLEY,Pos. 2,6,< 25%,682,Cristi Boyle Barrett,682,,0
General_2013,City Council,BUCKLEY,Pos. 3,6,< 25%,85,Marvin Sundstrom,490,John Leggett,405
General_2013,City Council,BUCODA,Pos. 2,0,< 25%,77,Charles R. Brinkmeyer,77,,0
General_2013,City Council,BUCODA,Pos. 5,0,< 25%,89,Sandy Robertson,89,,0
General_2013,City Council,BURLINGTON,Ward 4,7,< 25%,1043,Tonya Bieche,1043,,0
General_2013,City Council,BURLINGTON,Ward 5,7,< 25%,1051,Chris Loving,1051,,0
General_2013,City Council,BURLINGTON,Ward 6,7,< 25%,1059,Bill Aslett,1059,,0
General_2013,City Council,BURLINGTON,At-Large,7,< 25%,615,Joe DeGloria,961,Sally L. Straathof,346
General_2013,City Council,CAMAS,Ward 1 Pos. 2,171,< 25%,1086,Melissa Smith,2456,Vanessa (Van) Amundson,1370
General_2013,City Council,CAMAS,Ward 2 Pos. 2,171,< 25%,1741,Steven C. Hogan,2760,Ken Kakuk,1019
General_2013,City Council,CAMAS,Ward 3 Pos. 2,171,< 25%,3160,Shannon Turk,3160,,0
General_2013,City Council,CARBONADO,Pos. 1,0,< 25%,106,Joseph E. King,147,Amber M. Pries,41
General_2013,City Council,CARBONADO,Pos. 2,0,< 25%,104,Kevin M. Vesey,144,Buck E. McBride,40
General_2013,City Council,CASHMERE,Pos. 1,5,< 25%,498,Skip Moore,498,,0
General_2013,City Council,CASHMERE,Pos. 2,5,< 25%,504,James Fletcher,504,,0
General_2013,City Council,CASHMERE,Pos. 3,5,< 25%,503,David Erickson,503,,0
General_2013,City Council,CASTLE ROCK,Pos. 2,5,< 25%,296,Leon (Lee) Kessler,296,,0
General_2013,City Council,CASTLE ROCK,Pos. 1,5,> 50%,8,Ray Teter,201,Justin Stennick,193
General_2013,City Council,CATHLAMET,Pos. 1,1,< 25%,146,Hannah Booth-Watts,146,,0
General_2013,City Council,CATHLAMET,Pos. 4,1,< 25%,161,David Goodroe,161,,0
General_2013,City Council,CATHLAMET,Pos. 5,1,< 25%,166,Andrew Lea,166,,0
General_2013,City Council,CHELAN,Pos. 2,6,< 25%,701,Erin McCardle,701,,0
General_2013,City Council,CHELAN,Pos. 6,6,< 25%,196,Cameron (Skip) Morehouse,608,Stan Morse,412
General_2013,City Council,CHELAN,Pos. 7,6,< 25%,683,Guy Harper,683,,0
General_2013,City Council,CHENEY,Pos. 1,27,< 25%,177,Chris Grover,781,Fred Pollard,604
General_2013,City Council,CHENEY,Pos. 3,27,< 25%,266,John Taves,883,Dan Hilton,617
General_2013,City Council,CHENEY,Pos. 4,27,< 25%,1210,Teresa Overhauser,1210,,0
General_2013,City Council,CHEWELAH,Pos. 1,0,< 25%,650,Sharon Ludwig,650,,0
General_2013,City Council,CHEWELAH,Pos. 2,0,< 25%,597,Krisan LeHew,597,,0
General_2013,City Council,CHEWELAH,Pos. 3,0,< 25%,301,Payton Norvell,511,Barbara Mowrey,210
General_2013,City Council,CHEWELAH,At-Large,0,< 25%,17,John H Wight,354,Tracy Ferrell,337
General_2013,City Council,CITY,Pos. 1,0,< 25%,325,Jim Barrow,2829,Paul Mobley,2504
General_2013,City Council,CITY,Pos. 2,0,< 25%,1217,"Richard Dick"" Morgan""",3120,Robert (Rob) Smith,1903
General_2013,City Council,CITY,Pos. 3,0,< 25%,2670,Allen Pomraning,4108,Marge M. Nyhagen,1438
General_2013,City Council,CITY,Pos. 4,0,< 25%,71,Chuck Kimzey,71,,0
General_2013,City Council,CLARKSTON,Pos. 1,0,< 25%,926,George Nash,926,,0
General_2013,City Council,CLARKSTON,Pos. 2,0,< 25%,33,Brian Kolstad,587,John P. Smith,554
General_2013,City Council,CLARKSTON,Pos. 3,0,< 25%,921,Kelly R. Blackmon,921,,0
General_2013,City Council,CLARKSTON,Pos. 4,0,< 25%,882,Terry Beadles,882,,0
General_2013,City Council,CLE ELUM,Pos. 1,6,< 25%,352,Jay McGowan,352,,0
General_2013,City Council,CLE ELUM,Pos. 4,6,< 25%,337,Mickey Holz,337,,0
General_2013,City Council,CLE ELUM,Pos. 5,6,< 25%,70,Steven Harper,267,Warren Perry,197
General_2013,City Council,CLE ELUM,Pos. 7,6,< 25%,337,Ron Spears,337,,0
General_2013,City Council,CLE ELUM,Pos. 1,6,< 25%,135,Dave Allenbaugh,135,,0
General_2013,City Council,CLE ELUM,Pos. 2,6,< 25%,130,John (Jack) Williams,130,,0
General_2013,City Council,CLE ELUM,Pos. 4,6,< 25%,124,Gary Kasowski,124,,0
General_2013,City Council,CLE ELUM,Pos. 5,6,< 25%,129,Lynn Cooke,129,,0
General_2013,City Council,COLFAX,Pos. 1,1,< 25%,534,Whitney A Aguilar,534,,0
General_2013,City Council,COLFAX,Pos. 2,1,< 25%,559,Steven Bretveld,559,,0
General_2013,City Council,COLFAX,Pos. 3,1,< 25%,528,Jeannette Solimine,528,,0
General_2013,City Council,COLFAX,Pos. 4,1,< 25%,569,Steven Holberg,569,,0
General_2013,City Council,COLFAX,Pos. 7,1,< 25%,543,Thomas Huntwork,543,,0
General_2013,City Council,COLVILLE,At-Large,2,< 25%,282,Doug Kyle,652,William (Bill) Beatty,370
General_2013,City Council,CONCONULLY,Pos. 1,0,< 25%,48,Donald G. Smith,48,,0
General_2013,City Council,CONCONULLY,Pos. 2,0,< 25%,50,Cheryl A. Russell,50,,0
General_2013,City Council,CONCONULLY,Pos. 3,0,< 25%,51,Margaret (Maggie) Kubo,51,,0
General_2013,City Council,CONCRETE,Pos. 3,0,< 25%,134,Michael P Bartel,134,,0
General_2013,City Council,CONNELL,Pos. 2,1,< 25%,347,Monty Huber,347,,0
General_2013,City Council,CONNELL,Pos. 3,1,< 25%,348,Rhonda K. Quinton,348,,0
General_2013,City Council,CONNELL,Pos. 4,1,< 25%,82,Joe Escalera,235,Gary Allen Fleming Jr.,153
General_2013,City Council,CONNELL,Pos. 5,1,< 25%,350,Ray H. Minor,350,,0
General_2013,City Council,CONNELL,Pos. 6,1,< 25%,336,Kathryn Silva,336,,0
General_2013,City Council,COSMOPOLIS,Pos. 4,2,< 25%,342,Debra Moran,342,,0
General_2013,City Council,COSMOPOLIS,Pos. 5,2,< 25%,355,Jonathan Fischer,355,,0
General_2013,City Council,COULEE,Pos. 1,0,< 25%,160,ShirleyRae Maes,160,,0
General_2013,City Council,COULEE,Pos. 4,0,< 25%,131,Anita Paulsson,131,,0
General_2013,City Council,COULEE,Pos. 5,0,< 25%,70,Jim Adams,146,Daniel (Dan) Delp,76
General_2013,City Council,COULEE DAM,Pos. 1,2,< 25%,278,Robert (Bob) Poch,278,,0
General_2013,City Council,COULEE DAM,Pos. 2,2,< 25%,102,Gayle Swagerty,206,Karl Hjorten,104
General_2013,City Council,COULEE DAM,Pos. 3,2,< 25%,143,Duane Johnson,226,Andrew Trader,83
General_2013,City Council,COUPEVILLE,Pos. 4,4,< 25%,526,Dianne Binder,526,,0
General_2013,City Council,COUPEVILLE,Pos. 5,4,< 25%,497,Pat Powell,497,,0
General_2013,City Council,CRESTON,Pos. 2,0,< 25%,79,Carol Angstrom,79,,0
General_2013,City Council,CRESTON,Pos. 3,0,< 25%,87,Cheyne Odenrider,87,,0
General_2013,City Council,CUSICK,Pos. 1,0,< 25%,31,Ken Murray,31,,0
General_2013,City Council,CUSICK,Pos. 2,0,< 25%,28,Monte Williams,28,,0
General_2013,City Council,CUSICK,Pos. 3,0,< 25%,34,Bernice Smith,34,,0
General_2013,City Council,CUSICK,Pos. 4,0,< 25%,29,Gladys Schwartz,29,,0
General_2013,City Council,CUSICK,Pos. 5,0,< 25%,34,Christine (Chris) Evers,34,,0
General_2013,City Council,DARRINGTON,Pos. 1,0,< 25%,271,Gary Willis,271,,0
General_2013,City Council,DARRINGTON,Pos. 2,0,< 25%,266,Richard Osenbrock,266,,0
General_2013,City Council,DAVENPORT,Pos. 1,1,< 25%,363,Nathan K. Hansen,363,,0
General_2013,City Council,DAVENPORT,Pos. 3,1,< 25%,276,Alan Coriell,276,,0
General_2013,City Council,DAVENPORT,Pos. 4,1,< 25%,386,Theresa A. Telford,386,,0
General_2013,City Council,DAVENPORT,Pos. 6,1,< 25%,365,Pat Rosman,365,,0
General_2013,City Council,DAVENPORT,At-Large,1,< 25%,374,Patrick R. Katz,374,,0
General_2013,City Council,DAYTON,Pos. 1,1,< 25%,560,Delphine Bailey,560,,0
General_2013,City Council,DAYTON,Pos. 3,1,< 25%,565,Michael (Mike) Paris,565,,0
General_2013,City Council,DAYTON,Pos. 4,1,< 25%,540,Dain C. Nysoe,540,,0
General_2013,City Council,DAYTON,Pos. 7,1,< 25%,558,Christine Broughton,558,,0
General_2013,City Council,DEER PARK,Pos. 1,9,< 25%,636,Mary Babb,636,,0
General_2013,City Council,DEER PARK,Pos. 3,9,< 25%,206,Tim Verzal,494,Lucy Harmon,288
General_2013,City Council,DUPONT,Pos. 1,16,< 25%,74,Roger C. Westman,812,John Hall,738
General_2013,City Council,DUPONT,Pos. 2,16,< 25%,432,Shawna Gasak,980,Linda Jordan,548
General_2013,City Council,DUPONT,Pos. 3,16,< 25%,93,Michael Gorski,811,John Ehrenreich,718
General_2013,City Council,DUPONT,Pos. 7,16,< 25%,374,Andy Estep,949,Eric Corp,575
General_2013,City Council,EATONVILLE,Pos. 1,6,< 25%,519,Andy Powell,519,,0
General_2013,City Council,EATONVILLE,Pos. 2,6,< 25%,52,Bob Walter,387,Ray Harper,335
General_2013,City Council,EDGEWOOD,Pos. 3,42,< 25%,1992,Tyron J. Christopherson,1992,,0
General_2013,City Council,EDGEWOOD,Pos. 4,42,< 25%,1782,Daryl Eidinger,1782,,0
General_2013,City Council,EDGEWOOD,Pos. 5,42,< 25%,2041,Donna O Ravez,2041,,0
General_2013,City Council,EDGEWOOD,Pos. 6,42,< 25%,1945,Stephanie Shook,1945,,0
General_2013,City Council,EDMONDS,Pos. 1,352,< 25%,4151,Kristiana Johnson,8583,Randy Hayden,4432
General_2013,City Council,EDMONDS,Pos. 2,352,< 25%,6163,Strom Peterson,9652,Alvin A. Rutledge,3489
General_2013,City Council,EDMONDS,Pos. 3,352,> 50%,623,Adrienne Fraley-Monillas,7062,Ron Wambolt,6439
General_2013,City Council,ELECTRIC,Pos. 2,0,< 25%,236,John Nordine II,236,,0
General_2013,City Council,ELECTRIC,Pos. 4,0,< 25%,218,Bradley A Parrish,218,,0
General_2013,City Council,ELECTRIC,Pos. 5,0,< 25%,229,LONNA BUSSERT,229,,0
General_2013,City Council,ELECTRIC,Pos. 1,0,< 25%,26,Aaron Derr,167,Birdie Hensley,141
General_2013,City Council,ELLENSBURG,Pos. 1,26,< 25%,565,Nancy Lillquist,1610,Brady Erickson,1045
General_2013,City Council,ELLENSBURG,Pos. 2,26,< 25%,2075,Richard Elliott,2075,,0
General_2013,City Council,ELLENSBURG,Pos. 3,26,< 25%,253,Mary L. Morgan,1466,David A Douglas,1213
General_2013,City Council,ELMA,Pos. 1,2,< 25%,199,Pat Miller,391,Jim Taylor,192
General_2013,City Council,ELMA,Pos. 2,2,< 25%,146,David Blackett,373,Earl Hari,227
General_2013,City Council,ELMA,Pos. 3,2,< 25%,476,Tom Boling,476,,0
General_2013,City Council,ELMER,Pos. 1,0,< 25%,72,Jeff DeWinkler,72,,0
General_2013,City Council,ELMER,Pos. 2,0,< 25%,25,Larry Holford,53,Joaquin Marchand,28
General_2013,City Council,ELMER,Pos. 3,0,< 25%,67,Donna DeWinkler,67,,0
General_2013,City Council,ELMER,Pos. 5,0,< 25%,72,Jesse O. Tillman,72,,0
General_2013,City Council,ENDICOTT,Pos. 2,0,< 25%,85,B J Johnson,85,,0
General_2013,City Council,ENTIAT,Pos. 1,0,< 25%,234,Tom Martin,234,,0
General_2013,City Council,ENTIAT,Pos. 2,0,< 25%,251,Bill Haven,251,,0
General_2013,City Council,ENTIAT,Pos. 3,0,< 25%,203,Marie Stenberg,203,,0
General_2013,City Council,EPHRATA,Pos. 1,3,< 25%,1095,Stephanie T Knitter,1095,,0
General_2013,City Council,EPHRATA,Pos. 2,3,< 25%,1122,Mark S Wanke,1122,,0
General_2013,City Council,EPHRATA,Pos. 3,3,< 25%,1110,Bruce Reim,1110,,0
General_2013,City Council,EPHRATA,Pos. 4,3,< 25%,1091,Valli Millard,1091,,0
General_2013,City Council,EVERETT,Pos. 1,1359,< 25%,14197,Paul Roberts,14197,,0
General_2013,City Council,EVERETT,Pos. 2,1359,< 25%,14225,Jeff Moore,14225,,0
General_2013,City Council,EVERETT,Pos. 3,1359,> 50%,2121,Scott D. Murphy,9117,Jackie Minchew,6996
General_2013,City Council,EVERSON,Pos. 1,7,< 25%,396,John Hammond,396,,0
General_2013,City Council,EVERSON,Pos. 2,7,< 25%,412,Jennifer Lautenbach,412,,0
General_2013,City Council,EVERSON,Pos. 3,7,< 25%,405,Andrew Jewell,405,,0
General_2013,City Council,FAIRFIELD,Pos. 1,0,< 25%,6,Harry Gibbons,75,Emily Thomas,69
General_2013,City Council,FAIRFIELD,Pos. 2,0,< 25%,22,Alene Felgenhauer,83,John Jesseph,61
General_2013,City Council,FARMINGTON,Pos. 1,0,< 25%,47,Joel Abbott,47,,0
General_2013,City Council,FARMINGTON,Pos. 3,0,< 25%,44,Diana Lowley,44,,0
General_2013,City Council,FARMINGTON,Pos. 4,0,< 25%,44,David Baker,44,,0
General_2013,City Council,FERNDALE,Pos. 5,51,< 25%,1624,Jon Mutchler,2279,Robert W. Hakim,655
General_2013,City Council,FERNDALE,Pos. 6,51,< 25%,636,Carol Bersch,1722,Eric Kelton,1086
General_2013,City Council,FERNDALE,Pos. 7,51,< 25%,380,Brent W. Goodrich,1631,Stacy Miller,1251
General_2013,City Council,FIFE,Pos. 3,54,< 25%,814,Glenn Hull,814,,0
General_2013,City Council,FIFE,Pos. 6,54,< 25%,272,Winston Marsh,611,Dee-Dee Dukes-Gethers,339
General_2013,City Council,FIFE,Pos. 7,54,< 25%,798,Lew Wolfrom,798,,0
General_2013,City Council,FIFE,Pos. 1,54,25-50%,214,Bryan E. Yambe,590,Doug Fagundes,376
General_2013,City Council,FIRCREST,Pos. 1,42,< 25%,225,Matthew P. Jolibois,1084,Kathy Owens,859
General_2013,City Council,FIRCREST,Pos. 2,42,< 25%,336,Shannon Reynolds,1086,Chris Gruver,750
General_2013,City Council,FIRCREST,Pos. 6,42,< 25%,1478,Denny Waltier,1478,,0
General_2013,City Council,FIRCREST,Pos. 7,42,< 25%,200,Jason Medley,1056,Kathy L. McVay,856
General_2013,City Council,FORD,Pos. 1,2,< 25%,58,David Thompson,102,Steven Lyle Christman,44
General_2013,City Council,FORD,Pos. 2,2,< 25%,121,Carrie Roecks,121,,0
General_2013,City Council,FORD,Pos. 5,2,< 25%,67,Robert Tollefson,113,Chuck Collison,46
General_2013,City Council,FORKS,Pos. 2,2,< 25%,523,John D. Hillcar,523,,0
General_2013,City Council,FORKS,Pos. 3,2,< 25%,528,Bill Brager,528,,0
General_2013,City Council,FRIDAY HARBOR,Pos. 3,4,< 25%,408,Anna Maria de Freitas,408,,0
General_2013,City Council,FRIDAY HARBOR,Pos. 4,4,< 25%,88,Farhad Ghatan,345,Matt W. Shildneck,257
General_2013,City Council,GARFIELD,Pos. 4,0,< 25%,28,David Jones,117,Chad Hawkins,89
General_2013,City Council,GARFIELD,Pos. 5,0,< 25%,171,Daymon Marple,171,,0
General_2013,City Council,GEORGE,Pos. 2,0,< 25%,30,Katie Schooler,30,,0
General_2013,City Council,GEORGE,Pos. 3,0,< 25%,29,Terry R. Nelson,29,,0
General_2013,City Council,GEORGE,Pos. 4,0,< 25%,27,Larry Entzel,27,,0
General_2013,City Council,GIG HARBOR,Pos. 1,96,< 25%,2258,Tim Payne,2258,,0
General_2013,City Council,GIG HARBOR,Pos. 3,96,< 25%,2182,Casey Arbenz,2182,,0
General_2013,City Council,GIG HARBOR,Pos. 7,96,< 25%,2266,Paul Kadzik,2266,,0
General_2013,City Council,GIG HARBOR,Pos. 2,96,25-50%,333,Steven K. Ekberg,1520,Jim Hagman,1187
General_2013,City Council,GOLD BAR,Pos. 1,1,< 25%,302,Lee Hodo,302,,0
General_2013,City Council,GOLD BAR,Pos. 2,1,< 25%,299,Thomas Palmer,299,,0
General_2013,City Council,GOLD BAR,Pos. 3,1,< 25%,309,Davi (Florence D.) Martin,309,,0
General_2013,City Council,GOLDENDALE,Pos. 2,1,< 25%,273,Deanna Luth,512,Ken McKune,239
General_2013,City Council,GOLDENDALE,Pos. 4,1,< 25%,622,Gary R Hoctor,622,,0
General_2013,City Council,GOLDENDALE,Pos. 5,1,< 25%,609,Mike Canon,609,,0
General_2013,City Council,GOLDENDALE,Pos. 6,1,< 25%,582,Len Crawford,582,,0
General_2013,City Council,GOLDENDALE,Pos. 7,1,< 25%,281,Lucille A. Bevis,508,Darlene M. Williamson,227
General_2013,City Council,GRAND COULEE,Pos. 1,2,< 25%,139,Tammara J Byers,139,,0
General_2013,City Council,GRAND COULEE,Pos. 4,2,< 25%,154,Erin Nielsen,154,,0
General_2013,City Council,GRANITE FALLS,Pos. 1,16,< 25%,488,Tom (TC) Collins,488,,0
General_2013,City Council,GRANITE FALLS,Pos. 2,16,< 25%,524,Suzie Ashworth,524,,0
General_2013,City Council,GRANITE FALLS,Pos. 3,16,< 25%,496,Thomas (Tom) FitzGerald,496,,0
General_2013,City Council,HARRINGTON,Pos. 1,0,< 25%,107,Rick Becker,107,,0
General_2013,City Council,HARRINGTON,Pos. 2,0,< 25%,102,Michael Cronrath,102,,0
General_2013,City Council,HARTLINE,Pos. 2,0,< 25%,45,Robert Sieg,45,,0
General_2013,City Council,HARTLINE,Pos. 4,0,< 25%,43,John M Higginbotham,43,,0
General_2013,City Council,HARTLINE,Pos. 1,0,< 25%,42,Paul H. Walker,42,,0
General_2013,City Council,HOQUIAM,Pos. 2,3,< 25%,255,John Pellegrini,255,,0
General_2013,City Council,HOQUIAM,Pos. 6,3,< 25%,248,Bill Nelson,248,,0
General_2013,City Council,HOQUIAM,Pos. 7,3,< 25%,197,Gregory Grun,261,Harold Delorme,64
General_2013,City Council,HOQUIAM,Pos. 10,3,< 25%,44,Denise Anderson,140,Brenda J Carlstrom,96
General_2013,City Council,HOQUIAM,Pos. 11,3,< 25%,182,Kim M Simera,182,,0
General_2013,City Council,HOQUIAM,Pos. 12,3,< 25%,181,Kay Diehm,181,,0
General_2013,City Council,HOQUIAM,Pos. 4,3,25-50%,8,Richard R Pennant,107,John P Wiedl,99
General_2013,City Council,ILWACO,Pos. 1,0,< 25%,181,David Jensen,181,,0
General_2013,City Council,ILWACO,Pos. 2,0,< 25%,187,Vinessa Mulinix,187,,0
General_2013,City Council,ILWACO,Pos. 3,0,< 25%,153,Fred Marshall,153,,0
General_2013,City Council,ILWACO,Pos. 4,0,< 25%,170,Jon H. Chambreau,170,,0
General_2013,City Council,INDEX,Pos. 4,2,< 25%,50,Alexander Gibb,50,,0
General_2013,City Council,IONE,Pos. 1,0,< 25%,106,JOHN H. REDINGER,106,,0
General_2013,City Council,IONE,Pos. 2,0,< 25%,89,KEN TIMMRECK,89,,0
General_2013,City Council,IONE,Pos. 4,0,< 25%,89,DYLAN POWERS,89,,0
General_2013,City Council,KAHLOTUS,Pos. 2,0,< 25%,13,Sharee Beckner,31,Marcia Robitaille,18
General_2013,City Council,KAHLOTUS,Pos. 3,0,< 25%,28,Scott Williams,40,Michael Robitaille,12
General_2013,City Council,KALAMA,Pos. 1,2,< 25%,399,Mike Truesdell,399,,0
General_2013,City Council,KALAMA,Pos. 2,2,< 25%,394,Dominic F. Ciancibelli,394,,0
General_2013,City Council,KELSO,Pos. 1,23,< 25%,1201,Rick Roberson,1201,,0
General_2013,City Council,KELSO,Pos. 2,23,< 25%,1233,Todd McDaniel,1233,,0
General_2013,City Council,KELSO,Pos. 3,23,< 25%,1177,Jared Franklin,1177,,0
General_2013,City Council,KELSO,Pos. 7,23,> 50%,22,Dan Myers,767,Dan Jones,745
General_2013,City Council,KENNEWICK,Ward 1,303,< 25%,2376,Don Britain,7482,Matt Boehnke,5106
General_2013,City Council,KENNEWICK,Ward 2,303,< 25%,3563,Greg Jones,7955,Ed Pacheco,4392
General_2013,City Council,KENNEWICK,Ward 3,303,< 25%,1214,John Trumbo,6914,Roy 'Bubba' Plunkett,5700
General_2013,City Council,KENNEWICK,Pos. 4,303,< 25%,1371,Bob Parks,7015,John Hubbard,5644
General_2013,City Council,KETTLE FALLS,Pos. 1,1,< 25%,21,Jeanie Thompson,192,Ray Smith,171
General_2013,City Council,KETTLE FALLS,Pos. 2,1,< 25%,290,Bonnie Bradley,290,,0
General_2013,City Council,KETTLE FALLS,Pos. 3,1,< 25%,290,Jesse Garrett,290,,0
General_2013,City Council,KETTLE FALLS,Pos. 5,1,< 25%,300,Deborah Gaskin,300,,0
General_2013,City Council,KITTITAS,Pos. 1,1,< 25%,193,John Camarata,193,,0
General_2013,City Council,KITTITAS,Pos. 2,1,< 25%,185,Linda Kay Huber,185,,0
General_2013,City Council,KITTITAS,Pos. 5,1,< 25%,221,Cliff Helgeson,221,,0
General_2013,City Council,LA CENTER,Pos. 1,18,< 25%,522,Kristine Carmona,522,,0
General_2013,City Council,LA CENTER,Pos. 2,18,< 25%,156,Al Luiz,426,Tim Hopkin,270
General_2013,City Council,LA CENTER,Pos. 3,18,< 25%,529,T. R. (Randy) Williams,529,,0
General_2013,City Council,LA CONNER,Pos. 2,3,< 25%,234,John Leaver,234,,0
General_2013,City Council,LA CONNER,Pos. 3,3,< 25%,230,Bill Stokes,230,,0
General_2013,City Council,LA CONNER,Pos. 4,3,< 25%,46,Troy Allen,166,Chris G. Adams,120
General_2013,City Council,LACEY,Pos. 4,143,< 25%,2734,Cynthia R. Pratt,5476,Raymond (Ray) Payne,2742
General_2013,City Council,LACEY,Pos. 5,143,< 25%,6487,Andy Ryder,6487,,0
General_2013,City Council,LACEY,Pos. 6,143,< 25%,713,Michael R. Steadman,4391,Ron Lawson,3678
General_2013,City Council,LACEY,Pos. 7,143,< 25%,2285,Virgil S. Clarkson,5218,Walker B. Morton,2933
General_2013,City Council,LACROSSE,Pos. 3,0,< 25%,10,Roger Downing,69,Mary Bertrand,59
General_2013,City Council,LACROSSE,Pos. 4,0,< 25%,102,Jamie Nelson,102,,0
General_2013,City Council,LACROSSE,Pos. 5,0,< 25%,107,Donna Wigen,107,,0
General_2013,City Council,LAKE STEVENS,Pos. 1,213,< 25%,4237,Kim Daughtry,4237,,0
General_2013,City Council,LAKE STEVENS,Pos. 2,213,< 25%,4187,Sam Low,4187,,0
General_2013,City Council,LAKE STEVENS,Pos. 6,213,< 25%,4214,Kathy Holder,4214,,0
General_2013,City Council,LAKE STEVENS,Pos. 7,213,> 50%,276,Marcus Tageant,2476,Michael Boe,2200
General_2013,City Council,LAKEWOOD,Pos. 1,95,< 25%,7758,Mary Moss,7758,,0
General_2013,City Council,LAKEWOOD,Pos. 2,95,< 25%,7688,Mike Brandstetter,7688,,0
General_2013,City Council,LAKEWOOD,Pos. 3,95,< 25%,7777,Jason Whalen,7777,,0
General_2013,City Council,LAKEWOOD,Pos. 5,95,< 25%,1465,John Simpson,5088,Bryan L. Thomas,3623
General_2013,City Council,LAMONT,Pos. 5,0,< 25%,18,Julie McDaniel,18,,0
General_2013,City Council,LANGLEY,Pos. 1,4,< 25%,400,Lorene (Rene) Neff,400,,0
General_2013,City Council,LANGLEY,Pos. 2,4,< 25%,373,Margot Jerome,373,,0
General_2013,City Council,LANGLEY,Pos. 5,4,< 25%,346,Thomas E. Gill,346,,0
General_2013,City Council,LATAH,Pos. 2,0,< 25%,16,Larry La Bolle,49,Teresa Galvin,33
General_2013,City Council,LATAH,Pos. 3,0,< 25%,36,Garry Greenwalt,58,Yvonne Warren,22
General_2013,City Council,LATAH,Pos. 4,0,< 25%,62,Steven (Steve) Leitz,62,,0
General_2013,City Council,LATAH,Pos. 1,0,< 25%,0,Melanie Meagher,41,Patricia Neumann,41
General_2013,City Council,LEAVENWORTH,Pos. 4,1,< 25%,455,Carolyn A. Wilson,455,,0
General_2013,City Council,LEAVENWORTH,Pos. 5,1,< 25%,463,"Robert Bob"" Francis""",463,,0
General_2013,City Council,LEAVENWORTH,Pos. 6,1,< 25%,433,Michael H. Molohon,433,,0
General_2013,City Council,LEAVENWORTH,Pos. 7,1,< 25%,446,John M. Bangsund,446,,0
General_2013,City Council,LIBERTY LAKE,Pos. 1,15,< 25%,236,Lori Olander,1039,Debbi J. Haskins,803
General_2013,City Council,LIBERTY LAKE,Pos. 2,15,< 25%,235,Hugh Severs,998,Jeff Sitton,763
General_2013,City Council,LIBERTY LAKE,Pos. 4,15,< 25%,129,Odin Langford,971,Mike Tedesco,842
General_2013,City Council,LIBERTY LAKE,Pos. 6,15,< 25%,1400,Keith L. Kopelson,1400,,0
General_2013,City Council,LIND,Pos. 1,0,< 25%,42,Karissa Labes,135,Rosemary Elkington,93
General_2013,City Council,LIND,Pos. 2,0,< 25%,30,Kathy White,122,Calah Kulm,92
General_2013,City Council,LIND,Pos. 3,0,< 25%,179,Tom Strohmaier,179,,0
General_2013,City Council,LONG BEACH,Pos. 4,1,< 25%,346,Natalie Hanson,346,,0
General_2013,City Council,LONG BEACH,Pos. 5,1,< 25%,67,Jerry Phillips,250,Tom Werner,183
General_2013,City Council,LONGVIEW,Pos. 5,31,< 25%,5053,Mary Jane Melink,5053,,0
General_2013,City Council,LONGVIEW,Pos. 6,31,< 25%,170,Chet Makinster,3448,Chuck Wallace,3278
General_2013,City Council,LONGVIEW,Pos. 7,31,< 25%,1390,Steve Moon,4020,Janice Barrera,2630
General_2013,City Council,LYMAN,Pos. 1,0,< 25%,69,Edward Hills,69,,0
General_2013,City Council,LYMAN,Pos. 2,0,< 25%,61,Rita Burke,61,,0
General_2013,City Council,LYMAN,Pos. 4,0,< 25%,71,Gail Ganga,71,,0
General_2013,City Council,LYNDEN,Pos. 5,6,< 25%,704,Nick H. Laninga,2464,Rex E. Dudley,1760
General_2013,City Council,LYNDEN,Pos. 6,6,< 25%,3534,Tobey Gelder,3534,,0
General_2013,City Council,LYNDEN,Pos. 7,6,< 25%,3473,David Burns,3473,,0
General_2013,City Council,LYNNWOOD,Pos. 1,1614,> 50%,587,M. Christopher Boyer,3528,Michael Moore,2941
General_2013,City Council,LYNNWOOD,Pos. 2,1614,> 50%,587,Ian Cotton,3622,James R. (Jim) Smith,3035
General_2013,City Council,LYNNWOOD,Pos. 3,1614,> 50%,559,Ruth Ross,3460,Douglas Lovitt,2901
General_2013,City Council,MALDEN,Pos. 1,1,< 25%,41,Christina L Ferrell,41,,0
General_2013,City Council,MALDEN,Pos. 2,1,< 25%,40,Tamra E VanDyke,40,,0
General_2013,City Council,MALDEN,Pos. 3,1,< 25%,43,Fran Maxwell,43,,0
General_2013,City Council,MANSFIELD,Pos. 2,0,< 25%,59,Adam Foged,82,Jason Moore,23
General_2013,City Council,MANSFIELD,Pos. 4,0,< 25%,96,Ken Peters,96,,0
General_2013,City Council,MARCUS,Pos. 1,0,< 25%,14,Janet Worden,48,Write-In: Shirley Caruso,34
General_2013,City Council,MARCUS,Pos. 3,0,< 25%,8,Jackie Howard,46,Karen Lyons,38
General_2013,City Council,MARCUS,Pos. 4,0,< 25%,9,Lynell Price-Bear,47,Dennis L. Jenson,38
General_2013,City Council,MARYSVILLE,Pos. 1,310,< 25%,4170,Jeffrey D. Vaughan,7366,Elijah Olson,3196
General_2013,City Council,MARYSVILLE,Pos. 2,310,< 25%,8692,Donna Wright,8692,,0
General_2013,City Council,MARYSVILLE,Pos. 3,310,< 25%,1978,Jeff Seibert,6259,B.J. Guillot,4281
General_2013,City Council,MARYSVILLE,Pos. 4,310,< 25%,9034,Michael A. Stevens,9034,,0
General_2013,City Council,MARYSVILLE,Pos. 7,310,< 25%,2954,Kamille Norton,6720,Scott Allen,3766
General_2013,City Council,MATTAWA,Pos. 4,0,< 25%,40,Ellen Hopkins,40,,0
General_2013,City Council,MATTAWA,Pos. 7,0,< 25%,21,Wendy Lopez,32,BETTY WEBSTER,11
General_2013,City Council,MATTAWA,Pos. 3,0,< 25%,36,Silvia O. Barajas,36,,0
General_2013,City Council,MCCLEARY,Pos. 3,0,< 25%,39,Lawrence Peterson,176,Doug Krikava,137
General_2013,City Council,MCCLEARY,Pos. 4,0,< 25%,274,Brent Schiller,274,,0
General_2013,City Council,MCCLEARY,Pos. 5,0,< 25%,293,Bennie Ator,293,,0
General_2013,City Council,MEDICAL LAKE,Pos. 1,2,< 25%,119,Brenda Redell,523,Chris Stein,404
General_2013,City Council,MEDICAL LAKE,Pos. 2,2,< 25%,146,Shirley Maike,557,Donald B Kennedy,411
General_2013,City Council,MEDICAL LAKE,Pos. 3,2,< 25%,760,Arthur (AJ) Burton,760,,0
General_2013,City Council,MEDICAL LAKE,Pos. 4,2,< 25%,725,Destiny Stein,725,,0
General_2013,City Council,MESA,Pos. 2,1,< 25%,37,Elizabeth Guizar,37,,0
General_2013,City Council,METALINE,Pos. 1,0,< 25%,68,SUSAN HUNTLEY,68,,0
General_2013,City Council,METALINE,Pos. 4,0,< 25%,67,ROGER AYDELOTT,67,,0
General_2013,City Council,MILL CREEK,Pos. 3,217,> 50%,385,Pam Pruitt,2462,Kathy Nielsen,2077
General_2013,City Council,MILL CREEK,Pos. 1,217,25-50%,755,Sean Kelly,2567,Lynn Sordel,1812
General_2013,City Council,MILL CREEK,Pos. 2,217,25-50%,841,Donna Michelson,2693,Jason Wingert,1852
General_2013,City Council,MILL CREEK,Pos. 4,217,25-50%,651,Brian Holtzclaw,2550,Bart (Tim) Masterson,1899
General_2013,City Council,MILLWOOD,Pos. 1,0,< 25%,369,Richard Schoen,369,,0
General_2013,City Council,MILLWOOD,Pos. 2,0,< 25%,373,Daniel (Dan) Sander,373,,0
General_2013,City Council,MILTON,Pos. 1,12,< 25%,1269,Lois Zaroudny,1269,,0
General_2013,City Council,MILTON,Pos. 2,12,< 25%,1278,Bart Taylor,1278,,0
General_2013,City Council,MILTON,Pos. 3,12,< 25%,414,Bryan W. Ott,1023,Cheryl Reid-Simons,609
General_2013,City Council,MILTON,Pos. 5,12,< 25%,184,Todd Morton,934,Leonard Sanderson,750
General_2013,City Council,MILTON,Pos. 5,12,> 50%,3,Write-In: P.R. Moore,24,Mathew Coker,21
General_2013,City Council,MILTON,Pos. 1,12,25-50%,41,Ruth M McDermott,41,,0
General_2013,City Council,MILTON,Pos. 3,12,25-50%,32,Bethany Betlem,32,,0
General_2013,City Council,MILTON,Pos. 4,12,25-50%,38,Andrew O. Jensen,38,,0
General_2013,City Council,MONROE,Pos. 2,85,< 25%,2240,Patsy Cudaback,2240,,0
General_2013,City Council,MONROE,At-Large,85,< 25%,474,Kurt Goering,1579,Daniel Williams,1105
General_2013,City Council,MONROE,Pos. 3,85,> 50%,19,Jeff Rasmussen,1337,Mike Stanger,1318
General_2013,City Council,MONROE,Pos. 1,85,25-50%,215,Kevin Hanford,1449,Brad Waddell,1234
General_2013,City Council,MONTESANO,Pos. 1,1,< 25%,851,Chris Hutchings,851,,0
General_2013,City Council,MONTESANO,Pos. 2,1,< 25%,847,Marisa Salzer,847,,0
General_2013,City Council,MONTESANO,Pos. 3,1,< 25%,810,Pat Herrington,810,,0
General_2013,City Council,MONTESANO,Pos. 6,1,< 25%,764,Tyler Trimble,764,,0
General_2013,City Council,MOSES LAKE,Pos. 1,36,< 25%,2210,Bill Ecret,2210,,0
General_2013,City Council,MOSES LAKE,Pos. 2,36,< 25%,2170,Karen Liebrecht,2170,,0
General_2013,City Council,MOSES LAKE,Pos. 4,36,< 25%,462,Todd Voth,1631,Brent Reese,1169
General_2013,City Council,MOSES LAKE,Pos. 5,36,< 25%,2252,David Curnel,2252,,0
General_2013,City Council,MOUNT VERNON,Ward 1 Pos. 2,37,< 25%,1960,Ken Quam,3868,Shelley Acero,1908
General_2013,City Council,MOUNT VERNON,Ward 2 Pos. 2,37,< 25%,4879,Gary Molenaar,4879,,0
General_2013,City Council,MOUNT VERNON,Ward 3 Pos. 2,37,< 25%,4624,Robert Fiedler,4624,,0
General_2013,City Council,MOUNT VERNON,At-Large,37,< 25%,1848,Dale Ragan,4058,Pedro Perez,2210
General_2013,City Council,MOUNTLAKE TERRACE,Pos. 1,231,< 25%,3323,Rick Ryan,3323,,0
General_2013,City Council,MOUNTLAKE TERRACE,Pos. 2,231,< 25%,3218,Jerry Smith,3218,,0
General_2013,City Council,MOUNTLAKE TERRACE,Pos. 4,231,< 25%,946,Kyoko Wright,2487,Wanda Clarke-Morin,1541
General_2013,City Council,MOUNTLAKE TERRACE,Pos. 3,231,> 50%,247,Douglas (Doug) McCardle,2081,Stephen Barnes,1834
General_2013,City Council,MOUNTLAKE TERRACE,Pos. 5,231,25-50%,514,Bryan Wahl,2279,Leonard French,1765
General_2013,City Council,MUKILTEO,Pos. 3,239,< 25%,2330,Randy Lord,4039,Frederick C. Taylor,1709
General_2013,City Council,MUKILTEO,Pos. 1,239,> 50%,24,Ted Wheeler,2914,Terry Preshaw,2890
General_2013,City Council,MUKILTEO,Pos. 2,239,> 50%,186,Bob Champion,2929,Richard Emery,2743
General_2013,City Council,NESPELEM,Pos. 1,0,< 25%,24,Darcy A. Epperson,24,,0
General_2013,City Council,NESPELEM,Pos. 2,0,< 25%,23,Dennis Montes,23,,0
General_2013,City Council,NESPELEM,Pos. 4,0,< 25%,25,Kathy M. Womer,25,,0
General_2013,City Council,NEWPORT,Pos. 2,1,< 25%,393,Sam Brooks,393,,0
General_2013,City Council,NEWPORT,Pos. 3,1,< 25%,372,Brad Hein,372,,0
General_2013,City Council,NOOKSACK,Pos. 1,0,< 25%,262,Fritz Zemler,262,,0
General_2013,City Council,NOOKSACK,Pos. 2,0,< 25%,262,Daniel Bennett,262,,0
General_2013,City Council,NOOKSACK,Pos. 3,0,< 25%,275,Tom Jones,275,,0
General_2013,City Council,NORTH BONNEVILLE,Pos. 2,2,< 25%,152,Robert (Bob) Bianchi,152,,0
General_2013,City Council,NORTH BONNEVILLE,Pos. 4,2,< 25%,146,Craig Forster,146,,0
General_2013,City Council,OAK HARBOR,Pos. 4,22,< 25%,685,Bob Severns,2406,Lucas Yonkman,1721
General_2013,City Council,OAK HARBOR,Pos. 5,22,< 25%,170,Joel Servatius,2106,Sandi Peterson,1936
General_2013,City Council,OAK HARBOR,Pos. 6,22,< 25%,494,James M. (Jim) Campbell,2233,William A. (Skip) Pohtilla,1739
General_2013,City Council,OAK HARBOR,Pos. 7,22,< 25%,531,Danny Paggao,2289,Michael (Mike) Piccone,1758
General_2013,City Council,OAKESDALE,Pos. 4,0,< 25%,140,Randy Robinson,140,,0
General_2013,City Council,OAKESDALE,Pos. 5,0,< 25%,133,Thomas D Johnson,133,,0
General_2013,City Council,OAKVILLE,Pos. 3,0,< 25%,95,Allan Palmerson,95,,0
General_2013,City Council,OAKVILLE,Pos. 4,0,< 25%,87,angelo m cilluffo,87,,0
General_2013,City Council,OAKVILLE,Pos. 5,0,< 25%,93,John Ruymann,93,,0
General_2013,City Council,OCEAN SHORES,Pos. 1,2,< 25%,1428,John Lynn,1428,,0
General_2013,City Council,OCEAN SHORES,Pos. 5,2,< 25%,46,Jackie S Farra,943,Troy W Crawford,897
General_2013,City Council,OCEAN SHORES,Pos. 7,2,< 25%,74,Gordon H Broadbent,979,Cathey Peterson,905
General_2013,City Council,ODESSA,Pos. 3,0,< 25%,283,Landon J. Lobe,283,,0
General_2013,City Council,ODESSA,Pos. 4,0,< 25%,280,Lois Harp,280,,0
General_2013,City Council,OKANOGAN,Pos. 1,2,< 25%,338,Lisa J. Bauer,338,,0
General_2013,City Council,OKANOGAN,Pos. 2,2,< 25%,359,Denise Varner,359,,0
General_2013,City Council,OKANOGAN,Pos. 3,2,< 25%,351,Jerry W. Paul,351,,0
General_2013,City Council,OKANOGAN,Pos. 5,2,< 25%,350,Janet Wilson,350,,0
General_2013,City Council,OLYMPIA,Pos. 4,371,< 25%,2340,Cheryl Selby,7555,Darren Mills,5215
General_2013,City Council,OLYMPIA,Pos. 5,371,< 25%,3960,Julie Hankins,8303,Mike Volz,4343
General_2013,City Council,OLYMPIA,Pos. 6,371,< 25%,8872,Jeannine Roe,8872,,0
General_2013,City Council,OLYMPIA,Pos. 7,371,< 25%,10069,Jim Cooper,11228,Prophet Atlantis,1159
General_2013,City Council,OMAK,Pos. 1,3,< 25%,612,Michael Foth,612,,0
General_2013,City Council,OMAK,Pos. 2,3,< 25%,597,Michelle Gaines,597,,0
General_2013,City Council,OMAK,Pos. 3,3,< 25%,611,Nattalie Cariker,611,,0
General_2013,City Council,OROVILLE,Pos. 1,1,< 25%,165,Jon R. Neal,269,Russell W Rounds,104
General_2013,City Council,OROVILLE,Pos. 2,1,< 25%,81,Anthony (Tony) Koepke,221,Paul E.Bouchard,140
General_2013,City Council,ORTING,Pos. 1,22,< 25%,927,Graham Hunt,927,,0
General_2013,City Council,ORTING,Pos. 2,22,< 25%,986,Barbara Ford,986,,0
General_2013,City Council,ORTING,Pos. 3,22,< 25%,911,William Birkes,911,,0
General_2013,City Council,ORTING,Pos. 7,22,< 25%,920,Scott Drennen,920,,0
General_2013,City Council,OTHELLO,Pos. 1,4,< 25%,606,Genna Dorow,606,,0
General_2013,City Council,OTHELLO,Pos. 2,4,< 25%,565,John G. Lallas,565,,0
General_2013,City Council,OTHELLO,Pos. 3,4,25-50%,15,Corey Everett,366,Kenneth E. Caylor,351
General_2013,City Council,PACIFIC,Pos. 5,42,< 25%,199,Stacy May Knudtson,548,Gary Nitschke,349
General_2013,City Council,PACIFIC,Pos. 7,42,< 25%,300,Tren Walker,572,Ronnie M. Harris,272
General_2013,City Council,PACIFIC,Pos. 2,42,> 50%,26,John C. Jones,459,Brice Erickson,433
General_2013,City Council,PACIFIC,Pos. 4,42,> 50%,58,Vic Kave,477,Leanne Guier,419
General_2013,City Council,PALOUSE,Pos. 1,0,< 25%,9,Doreen Hanson,157,Alison Webb,148
General_2013,City Council,PALOUSE,Pos. 3,0,< 25%,227,Michael Hicks,227,,0
General_2013,City Council,PALOUSE,Pos. 4,0,< 25%,80,Senja Estes,194,Brad Pearce,114
General_2013,City Council,PALOUSE,Pos. 7,0,< 25%,233,Christopher Langsett,233,,0
General_2013,City Council,PASCO,Pos. 7,57,< 25%,2091,Tom Larsen,4745,Stu Nelson,2654
General_2013,City Council,PASCO,District 2,57,< 25%,1988,Mike Garrison,4800,Aaron E Beasley,2812
General_2013,City Council,PASCO,District 3,57,< 25%,6149,Bob Hoffmann,6149,,0
General_2013,City Council,PASCO,District 4,57,< 25%,6132,Saul Martinez,6132,,0
General_2013,City Council,PATEROS,Pos. 1,1,< 25%,82,Christine Perry,82,,0
General_2013,City Council,PATEROS,Pos. 2,1,< 25%,72,Adam Fritz,72,,0
General_2013,City Council,PATEROS,Pos. 4,1,< 25%,106,Ryan W. Greene,106,,0
General_2013,City Council,PATEROS,Pos. 5,1,< 25%,48,Alex Hymer,91,Ann Davidson,43
General_2013,City Council,PORT ANGELES,Pos. 1,16,< 25%,3293,Brad Collins,3293,,0
General_2013,City Council,PORT ANGELES,Pos. 2,16,< 25%,1438,Lee Whetham,2944,Peter J. Ripley,1506
General_2013,City Council,PORT ANGELES,Pos. 3,16,< 25%,3251,Patrick Downie,3251,,0
General_2013,City Council,PORT ANGELES,Pos. 4,16,< 25%,3331,Dan Gase,3331,,0
General_2013,City Council,PORT ORCHARD,At-Large,36,< 25%,674,Jerry Childs,1716,Eric Gonnason,1042
General_2013,City Council,PORT ORCHARD,Pos. 2,36,< 25%,822,Bek Ashby,1825,Kim Punt,1003
General_2013,City Council,PORT ORCHARD,Pos. 3,36,< 25%,2212,Robert B. Putaansuu,2212,,0
General_2013,City Council,PORT ORCHARD,Pos. 6,36,< 25%,2315,Fred J. Chang,2315,,0
General_2013,City Council,PORT TOWNSEND,Pos. 1,9,< 25%,475,Michelle Sandoval,2437,Bob Jautz,1962
General_2013,City Council,PORT TOWNSEND,Pos. 2,9,< 25%,878,Catharine Robinson,2487,Patrick Moore,1609
General_2013,City Council,PORT TOWNSEND,Pos. 5,9,> 50%,16,Pamela Adams,1961,Harold J Sherwood,1945
General_2013,City Council,POULSBO,Pos. 5,29,< 25%,2041,Ed Stern,2041,,0
General_2013,City Council,POULSBO,Pos. 6,29,< 25%,1941,David Musgrove,1941,,0
General_2013,City Council,POULSBO,Pos. 7,29,< 25%,525,Jim Henry,1504,Melody Sky Eisler,979
General_2013,City Council,PROSSER,Pos. 1,1,< 25%,550,Don Aubrey,821,Trevor Day,271
General_2013,City Council,PROSSER,Pos. 2,1,< 25%,253,Morgan Everett,656,Rene Rojas,403
General_2013,City Council,PROSSER,Pos. 3,1,< 25%,520,Deb Brumley,770,Linda Gorst,250
General_2013,City Council,PULLMAN,Pos. 6,94,< 25%,686,Eileen (Mac) Macoll,1855,Marcus Crossler,1169
General_2013,City Council,PULLMAN,Pos. 1,94,< 25%,721,Alan (Al) Sorensen,1319,John Nugent,598
General_2013,City Council,PULLMAN,Pos. 2,94,25-50%,319,Fritz Hughes,418,Zachary Young,99
General_2013,City Council,PULLMAN,Pos. 3,94,25-50%,320,Jeff Hawbaker,320,,0
General_2013,City Council,PUYALLUP,Pos. 2,381,> 50%,288,Heather Shadko,1685,Steve Hastings,1397
General_2013,City Council,PUYALLUP,Pos. 2,381,25-50%,1267,John Hopkins,1944,Corry Glucoft,677
General_2013,City Council,PUYALLUP,Pos. 2,381,25-50%,763,Julie Door,1905,Chris McNutt,1142
General_2013,City Council,QUINCY,Pos. 4,2,< 25%,378,Paul D Worley,607,Jeremy Seda,229
General_2013,City Council,QUINCY,Pos. 5,2,< 25%,176,David Day,519,Jose Saldana,343
General_2013,City Council,QUINCY,Pos. 6,2,< 25%,99,Dustin Petersen,462,Matt Tait,363
General_2013,City Council,QUINCY,Pos. 2,2,< 25%,82,Adam Roduner,451,Erin James,369
General_2013,City Council,RAINIER,Pos. 1,6,< 25%,278,Kristin Guizzetti,278,,0
General_2013,City Council,RAINIER,Pos. 3,6,< 25%,252,Mokihana Presley,252,,0
General_2013,City Council,RAINIER,Pos. 5,6,< 25%,272,Christine Winslow,272,,0
General_2013,City Council,RAYMOND,Pos. 1,1,< 25%,489,Vicki Flemetis,489,,0
General_2013,City Council,RAYMOND,Pos. 2,1,< 25%,456,Jason Dunsmoor,456,,0
General_2013,City Council,RAYMOND,Pos. 4,1,< 25%,502,Randy Flemetis,502,,0
General_2013,City Council,RAYMOND,Pos. 5,1,< 25%,495,Dee Roberts,495,,0
General_2013,City Council,REARDAN,Pos. 3,0,< 25%,9,Barbara J. Garces,114,Nancy (Hill) Baker,105
General_2013,City Council,REARDAN,Pos. 5,0,< 25%,68,Leanne Merkel,144,Joy A. Howard,76
General_2013,City Council,REPUBLIC,Pos. 3,2,< 25%,224,Dave J Michel,224,,0
General_2013,City Council,REPUBLIC,Pos. 4,2,< 25%,125,Leo Jenkins,189,Talon Venturo,64
General_2013,City Council,REPUBLIC,Pos. 5,2,< 25%,219,Larry D Heming,219,,0
General_2013,City Council,RICHLAND,Pos. 1,223,< 25%,8631,Bob Thompson,8631,,0
General_2013,City Council,RICHLAND,Pos. 3,223,< 25%,7478,Sandra Kent,9475,Eldon E Eskeli,1997
General_2013,City Council,RICHLAND,Pos. 4,223,< 25%,7168,David Rose,9276,Eric Kalia,2108
General_2013,City Council,RICHLAND,Pos. 7,223,< 25%,1118,Gregory L. Jones,6351,Melody Reed,5233
General_2013,City Council,RICHLAND,Pos. 2,223,< 25%,2556,Rich Buel,2556,,0
General_2013,City Council,RICHLAND,Pos. 3,223,< 25%,2506,Gail Brown,2506,,0
General_2013,City Council,RICHLAND,Pos. 4,223,< 25%,2632,Richard Bloom,2632,,0
General_2013,City Council,RICHLAND,Pos. 1,223,> 50%,65,Jay Bowman,1412,Johan M Curtiss,1347
General_2013,City Council,RIDGEFIELD,Pos. 1,55,< 25%,276,Ron Onslow,753,Write-In: Tim Wilson,477
General_2013,City Council,RIDGEFIELD,Pos. 4,55,< 25%,936,Don Stose,936,,0
General_2013,City Council,RIDGEFIELD,Pos. 6,55,< 25%,916,John Main,916,,0
General_2013,City Council,RIDGEFIELD,Pos. 7,55,< 25%,763,Sandra Day,949,Linda Tracy,186
General_2013,City Council,RITZVILLE,At-Large,0,< 25%,365,Ben Cross,365,,0
General_2013,City Council,RITZVILLE,Ward 3,0,< 25%,425,Scott Yaeger,425,,0
General_2013,City Council,RITZVILLE,Ward 5,0,< 25%,344,Michael Schrag,344,,0
General_2013,City Council,RIVERSIDE,Pos. 1,1,< 25%,39,Catrina Castro,39,,0
General_2013,City Council,RIVERSIDE,Pos. 2,1,< 25%,17,Dana Armstrong,33,Bill Bond,16
General_2013,City Council,RIVERSIDE,Pos. 3,1,< 25%,47,Joshua Crofoot,47,,0
General_2013,City Council,ROCK ISLAND,Pos. 2,1,< 25%,65,Doug Shirk,65,,0
General_2013,City Council,ROCK ISLAND,Pos. 4,1,< 25%,8,Mariah Kreider,45,Brad Hampton,37
General_2013,City Council,ROCK ISLAND,Pos. 5,1,< 25%,69,Randy Agnew,69,,0
General_2013,City Council,ROSALIA,Pos. 1,0,< 25%,126,Dan Brown,126,,0
General_2013,City Council,ROSALIA,Pos. 3,0,< 25%,22,Frank W Martin,85,Ronald Hilfiker,63
General_2013,City Council,ROSALIA,Pos. 5,0,< 25%,130,Bob Hill,130,,0
General_2013,City Council,ROSLYN,Pos. 3,0,< 25%,202,Geoff Scherer,202,,0
General_2013,City Council,ROSLYN,Pos. 4,0,< 25%,139,Anthony Novack,139,,0
General_2013,City Council,ROSLYN,Pos. 5,0,< 25%,203,Laura Osiadacz,203,,0
General_2013,City Council,ROSLYN,Pos. 6,0,< 25%,218,Mitch Long,218,,0
General_2013,City Council,ROSLYN,Pos. 7,0,< 25%,196,Nolan Walter Weis,196,,0
General_2013,City Council,ROY,Pos. 4,4,< 25%,83,Dennis Gillis,326,Lee Bingman,243
General_2013,City Council,ROY,Pos. 5,4,< 25%,352,Erin D. Darby,440,Joel Reyerson,88
General_2013,City Council,ROY,Pos. 1,4,< 25%,416,Adrian A. Stebbins,416,,0
General_2013,City Council,ROY,Pos. 1,4,< 25%,104,Dean Lloyd,104,,0
General_2013,City Council,ROY,Pos. 5,4,< 25%,125,Leon E. Garrison,125,,0
General_2013,City Council,ROY,Pos. 1,4,< 25%,84,Gary A. Fanning,84,,0
General_2013,City Council,ROY,Pos. 2,4,< 25%,82,Donald (Andy) Anderson,82,,0
General_2013,City Council,ROY,Pos. 5,4,< 25%,38,LISA RENTERIA,63,Tiffany Workinger,25
General_2013,City Council,RUSTON,Pos. 1,4,< 25%,196,Lyle Hardin,196,,0
General_2013,City Council,RUSTON,Pos. 2,4,< 25%,63,Deborah Kristovich,158,Holland Cohen,95
General_2013,City Council,RUSTON,Pos. 4,4,< 25%,179,Jane Krock Hunt,179,,0
General_2013,City Council,RUSTON,Pos. 5,4,< 25%,175,Bruce Judd,175,,0
General_2013,City Council,SEDRO-WOOLLEY,At-Large,5,< 25%,129,Brett Sandstrom,1055,Charles(Chuck)Owen,926
General_2013,City Council,SEQUIM,Pos. 3,19,< 25%,401,Ted Miller,1087,Brandon Janisse,686
General_2013,City Council,SEQUIM,Pos. 4,19,< 25%,1367,Dennis Smith,1367,,0
General_2013,City Council,SEQUIM,Pos. 5,19,< 25%,1361,Genaveve Starr,1361,,0
General_2013,City Council,SNOHOMISH,Pos. 4,227,< 25%,1585,Michael Rohrscheib,1585,,0
General_2013,City Council,SNOHOMISH,Pos. 7,227,< 25%,1581,Tom Hamilton,1581,,0
General_2013,City Council,SNOHOMISH,Pos. 5,227,> 50%,153,Derrick Burke,985,Michael Whitney,832
General_2013,City Council,SNOHOMISH,Pos. 6,227,> 50%,234,Dean Randall,1083,Eli Kunzmann,849
General_2013,City Council,SOAP LAKE,Pos. 3,2,< 25%,237,Kandis (Kandi) Lair,237,,0
General_2013,City Council,SOAP LAKE,Pos. 4,2,< 25%,248,Robert L Brown,248,,0
General_2013,City Council,SOAP LAKE,Pos. 5,2,< 25%,225,John Hillman,225,,0
General_2013,City Council,SOUTH,Pos. 3,0,< 25%,94,Patricia (Pat) Neve,262,Cheryl Seals,168
General_2013,City Council,SOUTH,Pos. 4,0,< 25%,390,Karla Webber,390,,0
General_2013,City Council,SOUTH,Pos. 5,0,< 25%,45,Bob Hall,247,Kathy Balcom,202
General_2013,City Council,SOUTH,Pos. 3,0,< 25%,62,Les Rossich,62,,0
General_2013,City Council,SPANGLE,Pos. 1,0,< 25%,2,Ron Cockle,45,Rebecca L Johnson,43
General_2013,City Council,SPANGLE,Pos. 2,0,< 25%,80,Ralph Sunwold,80,,0
General_2013,City Council,SPOKANE,District 1,708,< 25%,7247,Amber Waldref,7247,,0
General_2013,City Council,SPOKANE,District 2,708,< 25%,5669,Jon Snyder,12286,John Ahern,6617
General_2013,City Council,SPOKANE,Pos. 5,708,< 25%,5156,Chuck Hafner,10596,Donald (Don) Morgan Jr.,5440
General_2013,City Council,SPOKANE,Pos. 7,708,< 25%,4883,Bill Bates,10269,Fred Beaulac,5386
General_2013,City Council,SPOKANE,District 3,708,> 50%,1319,Candace Mumm,9183,Michael Cannon,7864
General_2013,City Council,SPOKANE,Pos. 1,708,> 50%,718,Rod Higgins,8933,Linda J Thompson,8215
General_2013,City Council,SPOKANE,Pos. 4,708,> 50%,526,Ed Pace,8886,Gary Schimmels,8360
General_2013,City Council,SPRAGUE,Pos. 1,1,< 25%,102,Virgil Askren,102,,0
General_2013,City Council,SPRAGUE,Pos. 2,1,< 25%,116,Arletta Hoffman,116,,0
General_2013,City Council,SPRAGUE,Pos. 5,1,< 25%,99,Tom Busby,99,,0
General_2013,City Council,SPRINGDALE,Pos. 1,4,< 25%,44,Jeff Patterson,44,,0
General_2013,City Council,SPRINGDALE,Pos. 2,4,< 25%,52,Richard (Abe) Johnson,52,,0
General_2013,City Council,ST.,Pos. 3,0,< 25%,192,Jeff Smick,192,,0
General_2013,City Council,ST.,Pos. 4,0,< 25%,178,Frank C Watson,178,,0
General_2013,City Council,STANWOOD,Pos. 1,24,< 25%,1205,Rob Johnson,1205,,0
General_2013,City Council,STANWOOD,Pos. 2,24,< 25%,1231,Arne Wennerberg,1231,,0
General_2013,City Council,STANWOOD,Pos. 5,24,< 25%,1217,Lawrence (Larry) Sather,1217,,0
General_2013,City Council,STANWOOD,Pos. 6,24,< 25%,1209,Conrad Ryer,1209,,0
General_2013,City Council,STANWOOD,Pos. 7,24,< 25%,1182,Dorothy (Dottie) Gorsuch,1182,,0
General_2013,City Council,STARBUCK,Pos. 3,0,< 25%,51,Travis Connely,51,,0
General_2013,City Council,STARBUCK,Pos. 4,0,< 25%,50,Sharon A. Shantie,50,,0
General_2013,City Council,STARBUCK,Pos. 2,0,< 25%,49,Richard A. Ells,49,,0
General_2013,City Council,STARBUCK,Pos. 1,0,< 25%,0,Keith D.O. Wharton,23,Write-In: Otis R Gentry,23
General_2013,City Council,STEILACOOM,Pos. 1,12,< 25%,1450,Pete Franklin,1450,,0
General_2013,City Council,STEILACOOM,Pos. 2,12,< 25%,1471,Marion V. Smith,1471,,0
General_2013,City Council,STEILACOOM,Pos. 3,12,< 25%,1474,Steven L. Stovall,1474,,0
General_2013,City Council,STEVENSON,Pos. 1,2,< 25%,258,Robert Muth,258,,0
General_2013,City Council,STEVENSON,Pos. 2,2,< 25%,188,Amy M. Weissfeld,283,Mary Repar,95
General_2013,City Council,SULTAN,Pos. 2,23,< 25%,734,John Seehuus,734,,0
General_2013,City Council,SULTAN,Pos. 6,23,< 25%,330,Marianne Naslund,504,Geoffrey Evans,174
General_2013,City Council,SULTAN,Pos. 1,23,> 50%,28,Bob McCarty,478,Kenneth Marshall,450
General_2013,City Council,SULTAN,Pos. 3,23,> 50%,4,Rocky Walker,476,Kay George,472
General_2013,City Council,SUMAS,Pos. 1,3,< 25%,252,Bruce Bosch,252,,0
General_2013,City Council,SUMAS,Pos. 2,3,< 25%,261,Richard Postma,261,,0
General_2013,City Council,SUMAS,Pos. 4,3,< 25%,262,Michael Quinn,262,,0
General_2013,City Council,SUMNER,Pos. 1,16,< 25%,397,Earle Stuard,1312,Ed Hannus,915
General_2013,City Council,SUMNER,Pos. 2,16,< 25%,508,Kathy Hayden,1411,Randy Hynek,903
General_2013,City Council,SUMNER,Pos. 3,16,< 25%,1763,Steve Allsop,1763,,0
General_2013,City Council,TACOMA,District 4,695,< 25%,4517,Marty Campbell,4517,,0
General_2013,City Council,TACOMA,Pos. 6,695,< 25%,21374,Victoria Woodards,27945,Robert Hill,6571
General_2013,City Council,TACOMA,District 2,695,25-50%,2612,Robert Thoms,5895,Patricia Lecy-Davis,3283
General_2013,City Council,TACOMA,District 5,695,25-50%,2286,Joe Lonergan,4087,Olgy Diaz,1801
General_2013,City Council,TEKOA,Pos. 4,0,< 25%,175,Roy Schulz,175,,0
General_2013,City Council,TEKOA,Pos. 6,0,< 25%,144,Eileen Soldwedel,144,,0
General_2013,City Council,TENINO,Pos. 1,8,< 25%,59,Sirena Painter,206,Bret D. Brodersen,147
General_2013,City Council,TENINO,Pos. 2,8,< 25%,301,David Watterson,301,,0
General_2013,City Council,TENINO,Pos. 3,8,< 25%,137,John J. O'Callahan,248,Robert D. Scribner,111
General_2013,City Council,TENINO,Pos. 4,8,< 25%,54,Craig Lester,188,Cynthia (Cindy) Palm,134
General_2013,City Council,TONASKET,Pos. 1,1,< 25%,164,Dennis G. Brown,164,,0
General_2013,City Council,TONASKET,Pos. 3,1,< 25%,181,Jill Vugteveen,181,,0
General_2013,City Council,TONASKET,Pos. 4,1,< 25%,176,Jean E. Ramsey,176,,0
General_2013,City Council,TONASKET,Pos. 5,1,< 25%,166,Claire Jeffko,166,,0
General_2013,City Council,TUMWATER,Pos. 1,47,< 25%,3171,Nicole L. Hill,3171,,0
General_2013,City Council,TUMWATER,Pos. 4,47,< 25%,3080,M. John Way,3080,,0
General_2013,City Council,TUMWATER,Pos. 5,47,< 25%,1657,Ed Hildreth,2742,Priscilla Blais,1085
General_2013,City Council,TUMWATER,Pos. 6,47,< 25%,423,Debbie Sullivan,2201,Kyle Taylor Lucas,1778
General_2013,City Council,TWISP,Pos. 1,0,< 25%,214,Bob Lloyd,214,,0
General_2013,City Council,TWISP,Pos. 2,0,< 25%,218,Clint Estes,218,,0
General_2013,City Council,TWISP,Pos. 5,0,< 25%,184,Dwight Filer,227,Clay Hill,43
General_2013,City Council,UNIONTOWN,Pos. 3,0,< 25%,71,Dan Warner,71,,0
General_2013,City Council,UNIONTOWN,Pos. 5,0,< 25%,70,Steve Kelly,70,,0
General_2013,City Council,UNIVERSITY PLACE,Pos. 1,236,< 25%,5876,Javier H. Figueroa,5876,,0
General_2013,City Council,UNIVERSITY PLACE,Pos. 3,236,< 25%,1726,Steve Worthington,4599,Eric Choiniere,2873
General_2013,City Council,UNIVERSITY PLACE,Pos. 4,236,< 25%,3329,Ken J. Grassi,5548,Carl J. Mollnow,2219
General_2013,City Council,UNIVERSITY PLACE,Pos. 5,236,< 25%,5971,Denise McCluskey,5971,,0
General_2013,City Council,VANCOUVER,Pos. 3,947,< 25%,3794,Anne McEnerny-Ogle,15986,Frank Decker,12192
General_2013,City Council,VANCOUVER,Pos. 1,947,> 50%,1134,Jack Burkman,14350,Micheline Doan,13216
General_2013,City Council,VANCOUVER,Pos. 2,947,> 50%,1239,Alishia Topper,14791,Jeanne E. Stewart,13552
General_2013,City Council,WARDEN,Pos. 2,0,< 25%,124,Byron Starkey,124,,0
General_2013,City Council,WARDEN,Pos. 3,0,< 25%,134,Darla J Haworth,134,,0
General_2013,City Council,WASHOUGAL,Pos. 1,41,< 25%,2121,Brent Boger,2121,,0
General_2013,City Council,WASHOUGAL,Pos. 3,41,< 25%,315,Paul Greenlee,1491,Lisa D. Voeltz,1176
General_2013,City Council,WASHOUGAL,Pos. 6,41,< 25%,580,Dave Shoemaker,1607,Rodney P. Morris,1027
General_2013,City Council,WASHTUCNA,Pos. 4,0,< 25%,71,Thomas W. (Tooter) Hays,71,,0
General_2013,City Council,WASHTUCNA,Pos. 5,0,< 25%,47,William C. Plumb,60,Write-In: Jennifer Webb,13
General_2013,City Council,WATERVILLE,Pos. 1,0,< 25%,317,Brian Munson,317,,0
General_2013,City Council,WATERVILLE,Pos. 2,0,< 25%,86,Write-In: Loyd C Smith,221,Edward L. Worthen,135
General_2013,City Council,WATERVILLE,Pos. 3,0,< 25%,295,G. Wayne Hawks,295,,0
General_2013,City Council,WATERVILLE,Pos. 4,0,< 25%,322,Charles Driver,322,,0
General_2013,City Council,WAVERLY,Pos. 1,0,< 25%,27,Kimberly Billington,27,,0
General_2013,City Council,WAVERLY,Pos. 2,0,< 25%,27,Joel Martensen,27,,0
General_2013,City Council,WAVERLY,Pos. 4,0,< 25%,27,David M Stark,27,,0
General_2013,City Council,WENATCHEE,Pos. 3,36,< 25%,2069,Chuck Johnson,2069,,0
General_2013,City Council,WENATCHEE,Pos. 4,36,< 25%,2025,George J. Buckner,2025,,0
General_2013,City Council,WENATCHEE,Pos. 7,36,< 25%,346,"Wayne Barney"" Barnhart""",1432,Dan Sutton,1086
General_2013,City Council,WENATCHEE,Pos. 1,36,< 25%,4806,Jim Bailey,5401,Democritus Blantayre,595
General_2013,City Council,WENATCHEE,Pos. 2,36,< 25%,4491,Tony Veeder,4491,,0
General_2013,City Council,WENATCHEE,Pos. 4,36,< 25%,4534,Keith Huffaker,4534,,0
General_2013,City Council,WESTPORT,Pos. 1,1,< 25%,349,Melissa Huerta,349,,0
General_2013,City Council,WESTPORT,Pos. 3,1,< 25%,387,Louis Summers,387,,0
General_2013,City Council,WESTPORT,Pos. 4,1,< 25%,250,Rob Bearden,391,Desiree Dodson,141
General_2013,City Council,WHITE SALMON,Pos. 3,2,< 25%,339,Jason Sabourin,339,,0
General_2013,City Council,WHITE SALMON,Pos. 4,2,< 25%,337,Kimberly H. Hoppus,337,,0
General_2013,City Council,WHITE SALMON,Pos. 5,2,< 25%,325,Allan Wolf,325,,0
General_2013,City Council,WILBUR,Pos. 1,0,< 25%,298,Randy L. Harris,298,,0
General_2013,City Council,WILBUR,Pos. 2,0,< 25%,1,Don R. Rolfe,150,Allan Shaner,149
General_2013,City Council,WILKESON,Pos. 1,0,< 25%,95,Ian Niles Galbraith,95,,0
General_2013,City Council,WILKESON,Pos. 2,0,< 25%,96,Brent Thawsh,96,,0
General_2013,City Council,WILKESON,Pos. 3,0,< 25%,94,Bambi Thawsh,94,,0
General_2013,City Council,WILKESON,Pos. 4,0,< 25%,92,Robert (Bob) Fautenberry,92,,0
General_2013,City Council,WILSON,Pos. 4,0,< 25%,41,Scott Mortimer,41,,0
General_2013,City Council,WILSON,Pos. 5,0,< 25%,59,Raymond Kelby,59,,0
General_2013,City Council,WINTHROP,Pos. 1,0,< 25%,92,Rick Northcott,125,Vern Herrst,33
General_2013,City Council,WINTHROP,Pos. 2,0,< 25%,124,Michael Strulic,124,,0
General_2013,City Council,WOODLAND,Pos. 1,9,< 25%,625,Jennifer Heffernan,625,,0
General_2013,City Council,WOODLAND,Pos. 2,9,< 25%,554,Al Swindell,554,,0
General_2013,City Council,WOODLAND,Pos. 3,9,< 25%,597,Marilee McCall,597,,0
General_2013,City Council,WOODLAND,Pos. 6,9,< 25%,607,Benjamin Fredricks,607,,0
General_2013,City Council,WOODWAY,Pos. 1,11,< 25%,420,Thomas W. Whitson,420,,0
General_2013,City Council,WOODWAY,Pos. 2,11,< 25%,404,Kent Saltonstall,404,,0
General_2013,City Council,WOODWAY,Pos. 3,11,< 25%,422,William W. (Bill) Anderson,422,,0
General_2013,City Council,YACOLT,Pos. 1,1,< 25%,180,Joshua Karl,180,,0
General_2013,City Council,YACOLT,Pos. 2,1,< 25%,182,Dave Hancock,182,,0
General_2013,City Council,YACOLT,Pos. 3,1,< 25%,172,Lewis Gerhardt,172,,0
General_2013,City Council,YELM,Pos. 3,18,< 25%,768,Robert (Bob) W. Isom,768,,0
General_2013,City Council,YELM,Pos. 4,18,< 25%,820,Mike McGowan,820,,0
General_2013,City Council,YELM,Pos. 5,18,< 25%,779,Tracey T. Wood,779,,0
General_2013,City Council,YELM,Pos. 7,18,< 25%,792,Russ Hendrickson,792,,0
Primary_2023,City Council,ABERDEEN,Pos. 12,11,> 50%,1,Sydney Newbill,156,Bessie Jones,155
Primary_2023,City Council,ANACORTES,Ward 3,23,< 25%,155,TJ Fantini,1036,Linda Martin,881
Primary_2023,City Council,AUBURN,Pos. 5,999,> 50%,769,Clinton Taylor,4306,Robyn Mulenga,3537
Primary_2023,City Council,AUBURN,Pos. 7,999,> 50%,1079,Hanan Amer,4843,Brian Lott,3764
Primary_2023,City Council,BATTLE GROUND,Pos. 2,22,< 25%,574,Shane A. Bowman,1785,Josh VanGelder,1211
Primary_2023,City Council,BATTLE GROUND,Pos. 3,22,< 25%,646,Victoria Ferrer,1842,Daniel Dingman,1196
Primary_2023,City Council,BATTLE GROUND,Pos. 7,22,< 25%,285,Eric Joe Overholser,1676,Josie Calderon,1391
Primary_2023,City Council,BELLINGHAM,At-Large,292,< 25%,2422,Jace Cotton,7622,Russ Whidbee,5200
Primary_2023,City Council,BELLINGHAM,Ward 1,292,25-50%,784,Hannah Stone,2079,Eamonn Collins,1295
Primary_2023,City Council,BONNEY LAKE,Pos. 4,78,25-50%,248,J Kelly McClimans,1319,Tom Watson,1071
Primary_2023,City Council,BOTHELL,Pos. 4,1263,> 50%,1785,Carston Curd,4082,Mark Swanson,2297
Primary_2023,City Council,BRIER,Pos. 4,44,< 25%,904,Valerie Rosman,1291,Derek Hamilton,387
Primary_2023,City Council,BURIEN,Pos. 2,530,> 50%,315,Linda Akey,2797,Cydney Moore,2482
Primary_2023,City Council,BURIEN,Pos. 4,530,25-50%,2081,Kevin J. Schilling,4859,Patricia Hudson,2778
Primary_2023,City Council,CENTRALIA,Pos. 1,11,< 25%,452,Chris Brewer,1084,Russell Barr,632
Primary_2023,City Council,CENTRALIA,Pos. 2,11,< 25%,628,Kelly Smith Johnston,1229,Joyce Barnes,601
Primary_2023,City Council,CLYDE HILL,Pos. 2,43,25-50%,89,Ashley Eckel,372,Steve Sinwell,283
Primary_2023,City Council,COLVILLE,At-Large,2,< 25%,465,Dick Nichols,633,Clint Hogan,168
Primary_2023,City Council,CONNELL,Pos. 5,1,< 25%,72,Preston Hart,140,Patrice Hebel,68
Primary_2023,City Council,COULEE,Pos. 1,0,< 25%,12,Erin Correia,88,Branden Jorgensen,76
Primary_2023,City Council,COULEE,Pos. 3,0,< 25%,29,Steve Bond,82,Jennifer Schwartz,53
Primary_2023,City Council,COULEE,Pos. 4,0,< 25%,39,Richard Heiberg,97,April Harward,58
Primary_2023,City Council,EPHRATA,Pos. 7,3,< 25%,146,Mike Warren,501,JoBeth Carlson,355
Primary_2023,City Council,EVERETT,Pos. 6,1359,> 50%,982,Scott Bader,6015,Demi Chatters,5033
Primary_2023,City Council,EVERETT,Pos. 7,1359,25-50%,3474,Judy Tuohy,7733,Judith Martinez,4259
Primary_2023,City Council,EVERSON,Pos. 5,7,< 25%,80,Ashley Brown,213,Gary Locke,133
Primary_2023,City Council,FIRCREST,Pos. 4,42,< 25%,315,Karen Mauer-Smith,908,Brian Rybolt,593
Primary_2023,City Council,FIRCREST,Pos. 5,42,< 25%,449,Hunter T. George,1011,Vince Navarre,562
Primary_2023,City Council,HARRINGTON,Pos. 5,0,< 25%,27,Gavin Wagner,58,Kelly A Foreman,31
Primary_2023,City Council,ILWACO,Pos. 5,0,< 25%,149,Josh Phillips,221,Val Perkins,72
Primary_2023,City Council,ISSAQUAH,Pos. 6,369,< 25%,3370,Victoria Hunt,4456,Sam Sheehan,1086
Primary_2023,City Council,KALAMA,Pos. 3,2,< 25%,140,Wendy Conradi,368,Spenser Gwynne,228
Primary_2023,City Council,KELSO,Pos. 7,23,< 25%,367,Veryl A. Anderson,697,Scott Olson,330
Primary_2023,City Council,KENMORE,Pos. 5,220,> 50%,71,Jon Culver,2022,David Baker,1951
Primary_2023,City Council,KENMORE,Pos. 7,220,> 50%,417,Corina Pfeil,2024,Nathan Loutsis,1607
Primary_2023,City Council,KENT,Pos. 3,2582,> 50%,2032,John Boyd,4916,Kelly Wiggans-Crawford,2884
Primary_2023,City Council,KIRKLAND,Pos. 2,1345,25-50%,4939,Kelli Curtis,9303,Catie Malik,4364
Primary_2023,City Council,LAKE FOREST PARK,Pos. 6,79,< 25%,1011,Paula Goode,1974,Stephanie Angelis,963
Primary_2023,City Council,LAKEWOOD,Pos. 4,95,< 25%,508,Paul Wagemann,3131,Ryan Pearson,2623
Primary_2023,City Council,LIBERTY LAKE,Pos. 3,15,< 25%,1345,Dan Dunne,1791,Larry Marshall,446
Primary_2023,City Council,LIND,Pos. 4,0,< 25%,19,Jamie Schmunk,73,Myra J. Horton,54
Primary_2023,City Council,LIND,Pos. 5,0,< 25%,11,Jim Weidemann,65,James N. Dworshak,54
Primary_2023,City Council,LONGVIEW,Pos. 2,31,< 25%,593,Ramona Leber,2808,Keith Young,2215
Primary_2023,City Council,MONROE,Pos. 5,85,25-50%,209,Junelle Lewis,1214,Jacob Walker,1005
Primary_2023,City Council,MORTON,Pos. 1,0,< 25%,36,Jason Sawyer,96,Dennis Morningstar,60
Primary_2023,City Council,MOSES LAKE,Pos. 6,36,< 25%,427,Victor Lombardi,945,Jeremy Nolan,518
Primary_2023,City Council,NACHES,Pos. 2,1,< 25%,25,Tiffany Sigler,96,Matthew Matt McCoy,71
Primary_2023,City Council,NACHES,Pos. 4,1,< 25%,98,Denny Carrell,142,Robert A. Weekes,44
Primary_2023,City Council,NEWCASTLE,Pos. 1,117,25-50%,326,Sun Burford,1081,Len Trautman,755
Primary_2023,City Council,OAK HARBOR,Pos. 4,22,< 25%,175,Barbara Armes,1255,John Chaszar,1080
Primary_2023,City Council,OAK HARBOR,Pos. 2,22,25-50%,73,Chris Wiegenstein,1183,Andy Plumlee,1110
Primary_2023,City Council,OCEAN SHORES,Pos. 4,2,< 25%,792,Alison Cline,1422,Caroline M. Emmert,630
Primary_2023,City Council,ODESSA,Pos. 5,0,< 25%,48,Marlene K Kramer,153,Laura Caler,105
Primary_2023,City Council,PORT ANGELES,Pos. 6,16,< 25%,986,Navarra Carr,2439,Mark Karjalainen,1453
Primary_2023,City Council,PORT ORCHARD,Pos. 5,36,> 50%,57,Heidi Fenton,1331,Cindy Lucarelli,1274
Primary_2023,City Council,PUYALLUP,Pos. 1,381,> 50%,479,Dean Johnson,1316,Joe Colombo,837
Primary_2023,City Council,QUINCY,Pos. 6,2,< 25%,31,Jim Kling,231,Manny Rodriguez,200
Primary_2023,City Council,RAINIER,Pos. 2,6,25-50%,20,Damion Green,138,Ryan Roth,118
Primary_2023,City Council,REDMOND,Pos. 7,1561,> 50%,50,Angie Nuevacamina,3795,David M. Carson,3745
Primary_2023,City Council,REDMOND,Pos. 1,1561,25-50%,4901,Osman Salahuddin,6548,Nate Niederhausern,1647
Primary_2023,City Council,RENTON,Pos. 7,1321,> 50%,2293,Kim-Khanh Van,5414,Randy Corman,3121
Primary_2023,City Council,REPUBLIC,Pos. 3,2,< 25%,113,Mari J Olsen,158,Jaina Bledsoe,45
Primary_2023,City Council,RICHLAND,Pos. 6,223,< 25%,2959,Kurt H. Maier,6590,Kent Madsen,3631
Primary_2023,City Council,RITZVILLE,Ward 1,0,< 25%,38,Jessica Quinn,59,Dede Boyer,21
Primary_2023,City Council,SEATAC,Pos. 3,1163,> 50%,1202,Peter Kwon,2168,Elizabeth Greninger,966
Primary_2023,City Council,SEATTLE,District 7,8052,> 50%,2226,Andrew J. Lewis,8114,Bob Kettle,5888
Primary_2023,City Council,SEATTLE,District 5,8052,> 50%,1504,Cathy Moore,7327,ChrisTiana ObeySumner,5823
Primary_2023,City Council,SEATTLE,District 6,8052,> 50%,6873,Dan Strauss,15869,Pete Hanning,8996
Primary_2023,City Council,SEATTLE,District 3,8052,> 50%,89,Joy Hollingsworth,9690,Alex Hudson,9601
Primary_2023,City Council,SEATTLE,District 1,8052,> 50%,2390,Maren Costa,8787,Rob Saka,6397
Primary_2023,City Council,SEATTLE,District 4,8052,> 50%,2931,Ron Davis,10105,Maritza Rivera,7174
Primary_2023,City Council,SEATTLE,District 2,8052,> 50%,1920,Tammy J. Morales,10326,Tanya Woo,8406
Primary_2023,City Council,SHELTON,Pos. 1,20,< 25%,368,George Blush,654,Tristen Smith,286
Primary_2023,City Council,SNOQUALMIE,Pos. 5,160,> 50%,248,Catherine Cat Cotton,924,Mandeep Kaur Walia,676
Primary_2023,City Council,SPOKANE,President,708,< 25%,6803,Betsy Wilkerson,25213,Kim Plese,18410
Primary_2023,City Council,SPOKANE,Pos. 2,708,< 25%,3842,Jessica Yaeger,7727,Rachel Briscoe,3885
Primary_2023,City Council,SPOKANE,District 3,708,25-50%,2399,Kitty Klitzke,6494,Earl Moore,4095
Primary_2023,City Council,SPOKANE,District 2,708,25-50%,1990,Paul Dillon,8875,Katey Randall Treloar,6885
Primary_2023,City Council,SPRAGUE,Pos. 5,1,< 25%,19,Jeffrey Smith,46,RonDel Krauter,27
Primary_2023,City Council,SUNNYSIDE,Pos. 7,13,< 25%,168,Jorge Galvan,499,Jason Raines,331
Primary_2023,City Council,SUNNYSIDE,Pos. 5,13,> 50%,21,Keren J. Vazquez,468,Mike Farmer,447
Primary_2023,City Council,TACOMA,Pos. 8,695,< 25%,14766,Kristina Walker,19923,Todd Briske,5157
Primary_2023,City Council,TACOMA,District 3,695,> 50%,523,Jamika Scott,2045,Chris Van Vechten,1522
Primary_2023,City Council,TUMWATER,Pos. 7,47,25-50%,183,Andrea McGhee,1956,Kelly Von Holtz,1773
Primary_2023,City Council,UNION GAP,Pos. 6,2,< 25%,119,Julie Schilling,239,Dave Matson,120
Primary_2023,City Council,WARDEN,Pos. 5,0,< 25%,39,Jesus Martinez,74,Leilani Pruneda,35
Primary_2023,City Council,WESTPORT,Pos. 5,1,< 25%,19,Darcia Davis,199,Kathryn Franzen,180
Primary_2023,City Council,WINLOCK,Pos. 3,3,< 25%,72,Jodie Curtis,134,Eric Contreras,62
Primary_2023,City Council,YAKIMA,District 1,161,> 50%,7,Dulce Gutierrez,198,Leo Roy,191
Primary_2023,City Council,YELM,Pos. 2,18,> 50%,4,Joseph Dale Richardson,407,Jerry Toompas,403
Primary_2021,City Council,ABERDEEN,Pos. 1,11,< 25%,69,Melvin Taylor,164,Kimberly Strom,95
Primary_2021,City Council,ABERDEEN,Pos. 10,11,< 25%,50,Debi Ann Pieraccini,113,Alan Richrod,63
Primary_2021,City Council,ABERDEEN,Pos. 7,11,> 50%,16,Antara Croft,249,Marissa Aube,233
Primary_2021,City Council,AUBURN,Pos. 4,999,25-50%,3164,Yolanda Trout,5869,Hanan Amer,2705
Primary_2021,City Council,BAINBRIDGE ISLAND,Pos. 5,33,< 25%,1635,Clarence Moriwaki,2343,Rasham Nassar,708
Primary_2021,City Council,BAINBRIDGE ISLAND,Pos. 7,33,< 25%,841,Joe Deets,1441,Ron Peltier,600
Primary_2021,City Council,BELLEVUE,Pos. 2,1827,< 25%,7594,Conrad Lee,15066,Dexter Borbe,7472
Primary_2021,City Council,BELLINGHAM,At-Large,292,< 25%,4964,Kristina Michele Martens,11536,Russ Whidbee,6572
Primary_2021,City Council,BENTON CITY,Pos. 3,3,< 25%,27,Alex Weber,292,David Sandretto,265
Primary_2021,City Council,BLAINE,Ward 2,59,> 50%,102,Rhyan Lopez,293,Colin Hawkins,191
Primary_2021,City Council,BLAINE,Ward 3,59,> 50%,33,Barbara M. Sturdivant,284,Eric Davidson,251
Primary_2021,City Council,BOTHELL,Pos. 5,1263,> 50%,253,Ben Mahnkey,4084,Matt Kuehn,3831
Primary_2021,City Council,BREMERTON,District 3,71,> 50%,113,Melissa Watkinson,367,Jeff Coughlin,254
Primary_2021,City Council,BUCKLEY,Pos. 1,6,< 25%,489,Ron Smith,660,Sean Wilson,171
Primary_2021,City Council,BUCKLEY,Pos. 7,6,< 25%,625,Brandon Green,752,Donovan Colt Torp,127
Primary_2021,City Council,BURIEN,Pos. 1,530,> 50%,444,Martin Barrett,5121,Hugo Garcia,4677
Primary_2021,City Council,BURIEN,Pos. 3,530,> 50%,639,Jimmy Matta,4714,Mark Dorsey,4075
Primary_2021,City Council,BURIEN,Pos. 5,530,> 50%,549,Sarah Moore,4610,Alex Simkus,4061
Primary_2021,City Council,BURIEN,Pos. 7,530,25-50%,1180,Krystal Marx,3351,Stephanie Mora,2171
Primary_2021,City Council,CAMAS,Ward 1,171,> 50%,103,Marilyn Dale-Boerke,686,Gary Perman,583
Primary_2021,City Council,CAMAS,Ward 3,171,25-50%,498,Leslie Lewallen,940,Jennifer McDaniel,442
Primary_2021,City Council,CENTRAL,Ward Pos. 2 City Pos. 2 Central,0,< 25%,483,Adam Kirtley,1003,Brian Casey,520
Primary_2021,City Council,CENTRALIA,Pos. 1,11,< 25%,137,Cameron McGee,271,Lisa Striedinger,134
Primary_2021,City Council,CENTRALIA,Pos. 3,11,< 25%,124,Max Vogt,344,Rhoda Angove,220
Primary_2021,City Council,CENTRALIA,Pos. 2,11,> 50%,17,Sarah Althauser,199,Rebecca Staebler,182
Primary_2021,City Council,CHENEY,Pos. 3,27,25-50%,79,Jacquelyn Belock,452,Mark Posthuma,373
Primary_2021,City Council,CLYDE HILL,Pos. 5,43,> 50%,34,John A. Schwager,337,Dean Hachamovitch,303
Primary_2021,City Council,CONCRETE,Pos. 3,0,< 25%,43,Drew T Jenkins,71,Michael Bartel,28
Primary_2021,City Council,DARRINGTON,Pos. 2,0,< 25%,43,Julie Ford,123,Robert Requa,80
Primary_2021,City Council,DEER PARK,Pos. 1,9,< 25%,208,Jason Upchurch,496,Billy Costello,288
Primary_2021,City Council,DEER PARK,Pos. 3,9,< 25%,107,Richard Schut,541,Heather Newsom,434
Primary_2021,City Council,DES MOINES,Pos. 5,528,< 25%,2486,Traci Buxton,4083,Tad Doviak,1597
Primary_2021,City Council,DES MOINES,Pos. 7,528,> 50%,620,Matt Mahoney,2686,Soleil Lewis,2066
Primary_2021,City Council,DUPONT,Pos. 3,16,< 25%,384,Beth Elliott,817,Susanna Keilman,433
Primary_2021,City Council,DUPONT,Pos. 7,16,> 50%,12,Susan Walton,500,John P. Colvin,488
Primary_2021,City Council,EATONVILLE,Pos. 1,6,< 25%,208,Kyle Litzenberger,405,Nathon Style Smith,197
Primary_2021,City Council,EATONVILLE,Pos. 2,6,< 25%,98,Peter Paul,313,Joe Hagen,215
Primary_2021,City Council,EDGEWOOD,Pos. 3,42,< 25%,780,Christi Keith,1247,Joshua Shulkind,467
Primary_2021,City Council,EDMONDS,Pos. 1,352,> 50%,294,Alicia Crank,5832,Kristiana Johnson,5538
Primary_2021,City Council,EDMONDS,Pos. 2,352,> 50%,440,Janelle Cass,4124,Will Chen,3684
Primary_2021,City Council,ELLENSBURG,Pos. 1,26,< 25%,1050,Nancy Lillquist,1922,Kip Storey,872
Primary_2021,City Council,ELLENSBURG,Pos. 3,26,< 25%,255,Barbara del Mar Robles,1594,Adam Winn,1339
Primary_2021,City Council,EVERETT,District 5,1359,> 50%,438,Ben Zarlingo,1183,Demi Chatters,745
Primary_2021,City Council,EVERETT,District 3,1359,> 50%,1853,Don Schwab,2459,Lacey Sauvageau,606
Primary_2021,City Council,FEDERAL WAY,Pos. 4,974,> 50%,489,Daniel Miller,4939,Hoang Tran,4450
Primary_2021,City Council,FEDERAL WAY,Pos. 6,974,> 50%,189,Jack Dovey,4358,Renae Seam,4169
Primary_2021,City Council,FERNDALE,Pos. 6,51,> 50%,18,Kate Bishop,1113,Robert J. Pinkley,1095
Primary_2021,City Council,FORD,Pos. 5,2,25-50%,4,Mark Lonam Jr.,38,Ivan Willmschen,34
Primary_2021,City Council,FORKS,Pos. 2,2,< 25%,136,Clinton W. Wood,289,Josef Echeita,153
Primary_2021,City Council,GEORGE,Pos. 4,0,< 25%,4,Julia Schooler,16,John Ammons,12
Primary_2021,City Council,GIG HARBOR,Pos. 1,96,< 25%,1856,Jeni Woock,2428,Robert Wiles,572
Primary_2021,City Council,GIG HARBOR,Pos. 2,96,< 25%,773,Roger Henderson,1844,John Skansi,1071
Primary_2021,City Council,GRAND COULEE,Pos. 1,2,< 25%,70,Ben Hughes,101,Tracy Justice Wright,31
Primary_2021,City Council,GRANITE FALLS,Pos. 2,16,< 25%,144,David Griggs,325,Scott Morrison,181
Primary_2021,City Council,HARTLINE,Pos. 2,0,< 25%,8,Goldye Moyer,28,Brian Sayler,20
Primary_2021,City Council,HOQUIAM,Pos. 7,3,25-50%,12,Gregory Grun,107,Jamie Brand,95
Primary_2021,City Council,ISSAQUAH,Pos. 5,369,< 25%,2435,Russell Joe,4108,Rose Zibrat,1673
Primary_2021,City Council,KALAMA,Pos. 1,2,< 25%,44,Jon Stanfill,382,Sara Hutchinson,338
Primary_2021,City Council,KALAMA,Pos. 2,2,< 25%,41,Sandra Macias-Hughes,369,Scott Moon,328
Primary_2021,City Council,KELSO,Pos. 1,23,< 25%,339,Brian Wood,697,Curtis J. Hart,358
Primary_2021,City Council,KELSO,Pos. 4,23,< 25%,146,Jim Hill,551,Rowan Kelsall,405
Primary_2021,City Council,KENMORE,Pos. 4,220,< 25%,2523,Nigel G. Herbig,3566,Bob Black,1043
Primary_2021,City Council,KENMORE,Pos. 6,220,< 25%,3083,Debra Srebnik,3967,Jon Culver,884
Primary_2021,City Council,KENNEWICK,Pos. 4,303,< 25%,3061,Bill McKay,6822,Ken Short,3761
Primary_2021,City Council,KENNEWICK,Ward District 1 Pos. 1,303,> 50%,330,Gretl Crawford,3134,Don Britain,2804
Primary_2021,City Council,KENNEWICK,Ward District 3 Pos. 3,303,25-50%,721,John H. Trumbo,1669,Jason Lohr,948
Primary_2021,City Council,KENT,Pos. 6,2582,25-50%,10007,Brenda Fincher,11960,Larry Hussey,1953
Primary_2021,City Council,LA CENTER,Pos. 1,18,> 50%,25,Justin Keeler,297,Melissa Fox,272
Primary_2021,City Council,LA CENTER,Pos. 2,18,25-50%,48,KC Kasberg,400,Dennis Hill,352
Primary_2021,City Council,LA CENTER,Pos. 3,18,25-50%,58,"T.R. ""Randy"" Williams",359,Sean Boyle,301
Primary_2021,City Council,LAKEWOOD,Pos. 2,95,< 25%,3618,Mike Brandstetter,5310,Amelia Isabel Escobedo,1692
Primary_2021,City Council,LAKEWOOD,Pos. 3,95,< 25%,3302,Jason Whalen,4805,Siabhon Ayuso,1503
Primary_2021,City Council,LAKEWOOD,Pos. 5,95,< 25%,3963,Patti Belle,5108,Ria J. Covington Johnson,1145
Primary_2021,City Council,LIND,Pos. 2,0,< 25%,9,Sheri Marlin,73,Mike J Wold,64
Primary_2021,City Council,LIND,Pos. 3,0,< 25%,86,Laura Dew,119,Richard Baldwin,33
Primary_2021,City Council,LYNNWOOD,Pos. 1,1614,> 50%,904,Shirley Sutton,2653,Nick Coelho,1749
Primary_2021,City Council,LYNNWOOD,Pos. 2,1614,> 50%,160,Naz Lashgari,2080,Patrick Decker,1920
Primary_2021,City Council,LYNNWOOD,Pos. 3,1614,> 50%,942,Joshua Binda,2705,Lisa Utter,1763
Primary_2021,City Council,MALDEN,Pos. 1,1,< 25%,28,Scott J Shauf,35,Scott Hokonson,7
Primary_2021,City Council,MALDEN,Pos. 3,1,< 25%,10,Janell Turner,26,John Lenz,16
Primary_2021,City Council,MANSFIELD,Pos. 4,0,< 25%,40,Thomas J. Tupling,67,Kris Neff,27
Primary_2021,City Council,MARYSVILLE,Pos. 1,310,> 50%,477,Jeffrey D. Vaughan,4560,Cindy Gobel,4083
Primary_2021,City Council,MERCER ISLAND,Pos. 6,149,25-50%,471,Kate Akyuz,3402,Lisa Anderl,2931
Primary_2021,City Council,MILL CREEK,Pos. 6,217,> 50%,21,Melissa Duque,1873,Adam R. Morgan,1852
Primary_2021,City Council,MORTON,Pos. 5,0,< 25%,44,Caro Johnson,121,Jeanette Chamberlain,77
Primary_2021,City Council,MOSES LAKE,Pos. 2,36,> 50%,33,Karen Liebrecht,1043,Dustin Swartz,1010
Primary_2021,City Council,MOSES LAKE,Pos. 5,36,25-50%,119,Judy Madewell,1394,David Curnel,1275
Primary_2021,City Council,MUKILTEO,Pos. 1,239,25-50%,676,Louis Harris,2918,Peter Zieve,2242
Primary_2021,City Council,MUKILTEO,Pos. 2,239,25-50%,539,Kevin Stoltz,2196,Tom Jordal,1657
Primary_2021,City Council,MUKILTEO,Pos. 3,239,25-50%,825,Steve Schmalz,2195,Alex Crocco,1370
Primary_2021,City Council,NEWCASTLE,Pos. 7,117,25-50%,362,Robert Clark,1260,Jesse Tam,898
Primary_2021,City Council,OCEAN SHORES,Pos. 5,2,< 25%,552,Lisa Scott,1226,Patrick Daugherty,674
Primary_2021,City Council,OCEAN SHORES,Pos. 7,2,< 25%,444,Rich Hartman,1306,Patric Hayes,862
Primary_2021,City Council,ODESSA,Pos. 4,0,< 25%,100,Alberto Reyes,162,Amanda Wallace,62
Primary_2021,City Council,OLYMPIA,Pos. 2,371,< 25%,2097,Yen Huynh,7440,Robbi Kesler,5343
Primary_2021,City Council,OLYMPIA,Pos. 6,371,< 25%,3407,Dontae Payne,7367,Corey Gauny,3960
Primary_2021,City Council,OLYMPIA,Pos. 5,371,> 50%,400,Lisa Parshley,4905,Talauna Reed,4505
Primary_2021,City Council,OLYMPIA,Pos. 7,371,> 50%,204,Jim Cooper,5778,Spence Weigand,5574
Primary_2021,City Council,ORTING,Pos. 7,22,< 25%,262,Melodi Koenig,520,Scott Drennen,258
Primary_2021,City Council,PALOUSE,Pos. 6,0,< 25%,5,Robert Brooks,143,Leslie Jo Sena,138
Primary_2021,City Council,PASCO,District 3,57,> 50%,107,Nikki Torres,922,Leo A. Perales,815
Primary_2021,City Council,PATEROS,Pos. 1,1,< 25%,6,Chantel R. Poole,54,Frank Herbert,48
Primary_2021,City Council,PORT ANGELES,Pos. 1,16,< 25%,293,LaTrisha Suggs,2424,Adam Garcia,2131
Primary_2021,City Council,PORT ANGELES,Pos. 2,16,< 25%,1086,Mike French,2927,John Madden,1841
Primary_2021,City Council,PORT ANGELES,Pos. 3,16,< 25%,212,Lindsey Schromen-Wawrin,2160,Jena Stamper,1948
Primary_2021,City Council,PORT ANGELES,Pos. 4,16,< 25%,631,Kate Dexter,2751,John W. Procter,2120
Primary_2021,City Council,PORT ORCHARD,At-Large,36,< 25%,213,Mark Trenary,828,Shaun Williams,615
Primary_2021,City Council,PORT ORCHARD,Pos. 2,36,< 25%,591,Jay Rosapepe,1431,Randy Jones,840
Primary_2021,City Council,PORT TOWNSEND,Pos. 5,9,< 25%,1980,Libby Urner Wennstrom,2873,Tyler Myles Vega,893
Primary_2021,City Council,PULLMAN,Pos. 7,94,25-50%,318,Francis A. Benjamin,927,Al Alan Sorensen,609
Primary_2021,City Council,PUYALLUP,Pos. 2,381,> 50%,589,Dennis King,1425,Joe Colombo,836
Primary_2021,City Council,REDMOND,Pos. 4,1561,> 50%,2688,Melissa Stuart,5916,Dennis Ellis,3228
Primary_2021,City Council,RENTON,Pos. 2,1321,> 50%,2191,Carmen Rivera,5529,Ben Johnson,3338
Primary_2021,City Council,RENTON,Pos. 1,1321,25-50%,2744,James Alberson,7501,Joe Todd,4757
Primary_2021,City Council,RICHLAND,Pos. 1,223,< 25%,1317,CHAUNE' FITZGERALD,6156,Jhoanna R. Jones,4839
Primary_2021,City Council,RICHLAND,Pos. 2,223,< 25%,2076,THERESA RICHARDSON,7542,Marianne Boring,5466
Primary_2021,City Council,SAMMAMISH,Pos. 1,908,> 50%,254,Amy Lam,4174,Josh Amato,3920
Primary_2021,City Council,SEATAC,Pos. 2,1163,> 50%,356,Jake Simpson,1490,Stan Tombs,1134
Primary_2021,City Council,SEATAC,Pos. 6,1163,> 50%,218,Iris Guzm√°n,1575,Pam Fernald,1357
Primary_2021,City Council,SEATTLE,Pos. 8,8052,< 25%,82190,Teresa Mosqueda,113052,Kenneth Wilson,30862
Primary_2021,City Council,SEATTLE,Pos. 9,8052,> 50%,1411,Nikkita Oliver,79799,Sara Nelson,78388
Primary_2021,City Council,SEDRO-WOOLLEY,At-Large,5,< 25%,305,Nickolas Lavacca,845,David J. Baer,540
Primary_2021,City Council,SELAH,Pos. 2,9,< 25%,92,Jared Iverson,370,Joshua N. Pruneda,278
Primary_2021,City Council,SHELTON,Pos. 7,20,> 50%,21,George W. Blush,446,Miguel Gutierrez,425
Primary_2021,City Council,SNOHOMISH,Pos. 5,227,> 50%,412,David Flynn,1227,Kari Zimmerman,815
Primary_2021,City Council,SNOHOMISH,Pos. 7,227,> 50%,95,Steve Dana,1000,Karen W. Guzak,905
Primary_2021,City Council,SOUTH,Pos. 5,0,< 25%,20,Clarence D Williams,148,Rich Pearson,128
Primary_2021,City Council,SPOKANE,Pos. 4,708,< 25%,4465,Ben Wick,8915,Brandon Fenton,4450
Primary_2021,City Council,SPOKANE,Pos. 5,708,< 25%,3148,Pamela Haley,6952,Wayne J. Fenton,3804
Primary_2021,City Council,SPOKANE,District 1,708,> 50%,1410,Jonathan Bingle,3299,Naghmana Sherazi,1889
Primary_2021,City Council,SPOKANE,Pos. 7,708,> 50%,785,Laura Padden,6168,Linda Hatcher Thompson,5383
Primary_2021,City Council,SPOKANE,District 3,708,25-50%,1621,Zack Zappone,5993,Mike Lish,4372
Primary_2021,City Council,STEILACOOM,Pos. 2,12,< 25%,84,Elizabeth Grasher,626,John T. Perry,542
Primary_2021,City Council,STEVENSON,Pos. 1,2,< 25%,9,Robert Muth,127,Kristy Arnett McCaskell,118
Primary_2021,City Council,TACOMA,District 5,695,> 50%,373,Joe Bushnell,2045,Anne Artman,1672
Primary_2021,City Council,TACOMA,District 4,695,25-50%,1673,Catherine Ushka,2825,Israel James McKinney,1152
Primary_2021,City Council,VADER,Pos. 1,2,< 25%,0,Donna Rogers,48,Marie Anne MacIntosh,48
Primary_2021,City Council,VANCOUVER,Pos. 2,947,< 25%,17726,Erik Paulsen,21324,Kara Tess,3598
Primary_2021,City Council,VANCOUVER,Pos. 3,947,< 25%,7064,Diana H. Perez,14573,David Gellatly,7509
Primary_2021,City Council,VANCOUVER,Pos. 1,947,25-50%,3563,Kim D. Harless,10790,John Blom,7227
Primary_2021,City Council,WALLA WALLA,Pos. 3,26,< 25%,735,Gustavo Reyna,2962,Rick Phillips,2227
Primary_2021,City Council,WESTPORT,Pos. 1,1,< 25%,163,Melissa Huerta,295,Dennis Hall,132
Primary_2021,City Council,WESTPORT,Pos. 2,1,< 25%,186,Troy Meyers,288,Brennan Jarnes,102
Primary_2021,City Council,YACOLT,Pos. 3,1,< 25%,96,Joshua Beck,164,Ronald Homola,68
Primary_2021,City Council,YAKIMA,District 2,161,> 50%,66,Danny Herrera,196,Edgar Hernandez,130
Primary_2021,City Council,YAKIMA,District 4,161,> 50%,133,Janice Deccio,462,Mark Shervey,329
Primary_2021,City Council,YAKIMA,District 4,161,> 50%,100,Lisa Wallace,1559,Matt Brown,1459
Primary_2021,City Council,YARROW POINT,Pos. 5,8,< 25%,113,Kathy Smith,194,Avi Belur,81
Primary_2021,City Council,YELM,Pos. 4,18,< 25%,200,Holly Smith,457,Steffen Burney,257
Primary_2021,City Council,YELM,Pos. 7,18,< 25%,208,Terry Kaminski,470,Christopher Chai,262
Primary_2021,City Council,YELM,Pos. 3,18,25-50%,37,Joshua Crossman,438,Jalane McAtee,401
Primary_2019,City Council,ABERDEEN,Pos. 8,11,< 25%,116,Deborah Ross,322,Tara Mareth,206
Primary_2019,City Council,AIRWAY HEIGHTS,Pos. 7,15,< 25%,75,Jennifer Morton,265,Sarah Slater,190
Primary_2019,City Council,ANACORTES,Ward 2,23,< 25%,372,Christine Cleland-Mcgrath,817,Dom Tor Fleming,445
Primary_2019,City Council,AUBURN,Pos. 5,999,> 50%,328,Robyn Mulenga,3367,Ryan Burnett,3039
Primary_2019,City Council,BAINBRIDGE ISLAND,Pos. 2,33,< 25%,184,Kol Medina,1013,Kevin Fetterly,829
Primary_2019,City Council,BATTLE GROUND,Pos. 3,22,< 25%,438,Shauna Walters,1324,Neil Butler,886
Primary_2019,City Council,BATTLE GROUND,Pos. 7,22,< 25%,270,Philip L. Johnson,1210,Joshua Vangelder,940
Primary_2019,City Council,BELLEVUE,Pos. 5,1827,< 25%,12209,Janice Zahn,16122,Jd Yu,3913
Primary_2019,City Council,BELLEVUE,Pos. 1,1827,< 25%,9835,John Stokes,14469,Holly Zhang,4634
Primary_2019,City Council,BELLEVUE,Pos. 7,1827,< 25%,7559,Jennifer Robertson,13187,James Bible,5628
Primary_2019,City Council,BELLEVUE,Pos. 3,1827,25-50%,5356,Jeremy Barksdale,13991,Stephanie Walter,8635
Primary_2019,City Council,BELLINGHAM,At-Large,292,< 25%,9968,Hollie Huthman,14360,Dana Briggs,4392
Primary_2019,City Council,BELLINGHAM,Ward 3,292,25-50%,1155,Daniel Hammill,1971,Ashanti Monts-Treviska,816
Primary_2019,City Council,BENTON CITY,Pos. 3,3,< 25%,18,Ashley Morrison,152,John A. Derderian,134
Primary_2019,City Council,BONNEY LAKE,Pos. 4,78,25-50%,161,James Kelly Mcclimans,906,Pablo Monroy,745
Primary_2019,City Council,BOTHELL,Pos. 6,1263,25-50%,4543,Davina Duerr,5605,Sean G. Palermo,1062
Primary_2019,City Council,BREMERTON,District 6,71,> 50%,79,Michael Simpson,317,Anna Mockler,238
Primary_2019,City Council,BURIEN,Pos. 4,530,> 50%,723,Kevin Schilling,3728,Lucy Krakowiak,3005
Primary_2019,City Council,BURIEN,Pos. 6,530,25-50%,1481,Sofia Aragon,4768,Debi Wagner,3287
Primary_2019,City Council,CARBONADO,Pos. 5,0,< 25%,12,Magdalen Maggie Emry,55,Terry Carter,43
Primary_2019,City Council,CHEWELAH,At-Large,0,< 25%,81,Ashley Grubb,270,John H. Wight,189
Primary_2019,City Council,CHEWELAH,Pos. 4,0,< 25%,8,John May,242,Ryan Sieber,234
Primary_2019,City Council,DES MOINES,Pos. 2,528,> 50%,1047,Luisa Bangs,2737,Jc Harris,1690
Primary_2019,City Council,EAST,Ward Pos. 4 City Pos. 4,0,< 25%,76,G Ted Koehler,395,James Powell,319
Primary_2019,City Council,ENDICOTT,Pos. 3,0,< 25%,33,Derek Starrett,59,Kenda Hergert,26
Primary_2019,City Council,FAIRFIELD,Pos. 3,0,< 25%,25,Dave Watling,58,Steven Walk,33
Primary_2019,City Council,FEDERAL WAY,Pos. 3,974,< 25%,4063,Susan Honda,6793,Rose O'Sharon Sharry Edwards,2730
Primary_2019,City Council,FEDERAL WAY,Pos. 7,974,> 50%,865,Linda Kochmar,4811,Tony Pagliocco,3946
Primary_2019,City Council,FERNDALE,Pos. 7,51,< 25%,304,Maralise Fegan,1492,Ramon Llanos,1188
Primary_2019,City Council,FERNDALE,Pos. 2,51,> 50%,34,Paul Bulanov,1385,Ali Hawkinson,1351
Primary_2019,City Council,FERNDALE,Pos. 3,51,25-50%,129,Erin Gunter,1399,Anya Milton,1270
Primary_2019,City Council,FIRCREST,Pos. 4,42,25-50%,107,Joe Barrentine,614,Jason Medley,507
Primary_2019,City Council,FORKS,Pos. 5,2,< 25%,52,Mike Gilstrap,207,Danny Smith,155
Primary_2019,City Council,GRANGER,Pos. 5,1,< 25%,6,Hilda Guzm&#193;N,77,Israel Bustamante Luevano,71
Primary_2019,City Council,KALAMA,Pos. 4,2,< 25%,193,Steve Kallio,441,John Flynn,248
Primary_2019,City Council,KALAMA,Pos. 3,2,< 25%,103,Wendy Conradi,370,Sara Hutchinson,267
Primary_2019,City Council,KALAMA,Pos. 5,2,< 25%,39,Matthew Merz,283,Tanaja Gravina,244
Primary_2019,City Council,KELSO,Pos. 6,23,< 25%,238,Lisa Knight Alexander,579,Thomas J. Loren,341
Primary_2019,City Council,KENNEWICK,Pos. 6,303,< 25%,1547,Brad Beauchamp,2999,Ed Pacheco,1452
Primary_2019,City Council,KENNEWICK,Pos. 7,303,< 25%,1228,James Jim Millbauer,2897,Russel Del Gesso,1669
Primary_2019,City Council,KENNEWICK,Pos. 5,303,25-50%,912,Chuck Torelli,3645,Chariss Warner,2733
Primary_2019,City Council,KENT,Pos. 1,2582,> 50%,2693,Marli Larimer,7678,Todd Minor,4985
Primary_2019,City Council,KENT,Pos. 3,2582,> 50%,158,Les Thomas,5991,Hira Singh Bhullar,5833
Primary_2019,City Council,KENT,Pos. 7,2582,> 50%,1943,Awale A. Farah,5690,Zandria Michaud,3747
Primary_2019,City Council,LACEY,Pos. 1,143,< 25%,660,Malcolm Miller,2604,Sarah Jean Morris,1944
Primary_2019,City Council,LAKE FOREST PARK,Pos. 6,79,< 25%,804,Tom French,1864,Tracy Furutani,1060
Primary_2019,City Council,LAKE STEVENS,Pos. 4,213,> 50%,42,Mary Dickinson,1727,Todd Welch,1685
Primary_2019,City Council,LAKEWOOD,Pos. 6,95,< 25%,1975,Linda Farmer,3500,Ken Witkoe,1525
Primary_2019,City Council,LIBERTY LAKE,Pos. 7,15,< 25%,242,Cristella Cris Kaminskas,926,Tom Stanley,684
Primary_2019,City Council,LONGVIEW,Pos. 3,31,< 25%,693,Christine Schott,2657,Spencer Boudreau,1964
Primary_2019,City Council,LONGVIEW,Pos. 4,31,< 25%,128,Don Jensen,2416,Ruth Kendall,2288
Primary_2019,City Council,LONGVIEW,Pos. 2,31,< 25%,322,Hillary Strobel,2251,Scott Vydra,1929
Primary_2019,City Council,LYNDEN,Pos. 4,6,< 25%,1948,Brent Lenssen,2656,Jen Marion,708
Primary_2019,City Council,LYNDEN,Pos. 2,6,< 25%,320,Ronald Devalois,1563,Darren Johnson,1243
Primary_2019,City Council,LYNNWOOD,Pos. 7,1614,> 50%,727,Shannon Sessions,2539,Shirley Sutton,1812
Primary_2019,City Council,LYNNWOOD,Pos. 5,1614,> 50%,368,Julieta Altamirano-Crosby,2229,David Schirle,1861
Primary_2019,City Council,LYNNWOOD,Pos. 4,1614,> 50%,830,Jim Smith,1872,Van Aubuchon,1042
Primary_2019,City Council,MARYSVILLE,Pos. 5,310,< 25%,1272,Jeff Seibert,2850,Kelly J. Richards,1578
Primary_2019,City Council,MERCER ISLAND,Pos. 7,149,< 25%,1678,Debbie Bertlin,4022,Jake Jacobson,2344
Primary_2019,City Council,MILTON,Pos. 6,12,< 25%,108,Mark E. Hutson,374,Phil Linden,266
Primary_2019,City Council,MILTON,Pos. 2,12,> 50%,6,Theresa Boots,27,Travis M. Patrick,21
Primary_2019,City Council,MUKILTEO,Pos. 7,239,< 25%,2456,Joe Marine,3467,Kristina O. Melnichenko,1011
Primary_2019,City Council,MUKILTEO,Pos. 6,239,< 25%,1265,Elisabeth L. Crawford,3007,Peter Zieve,1742
Primary_2019,City Council,MUKILTEO,Pos. 5,239,> 50%,95,Christopher Maddux,1956,Riaz Khan,1861
Primary_2019,City Council,MUKILTEO,Pos. 4,239,25-50%,727,Richard C. Emery,2705,Scott Whelpley,1978
Primary_2019,City Council,NORMANDY PARK,Pos. 5,16,< 25%,342,Michelle Sipes-Marvin,1100,Kathleen Sherry,758
Primary_2019,City Council,NORMANDY PARK,Pos. 3,16,< 25%,515,Shawn Mcevoy,1091,Jonathan Chicquette,576
Primary_2019,City Council,NORTH BEND,Pos. 7,31,< 25%,326,Mary Miller,767,Darren Glazier,441
Primary_2019,City Council,OCEAN SHORES,Pos. 4,2,< 25%,359,Jon Martin,1040,Lorraine Hardin,681
Primary_2019,City Council,OCEAN SHORES,Pos. 7,2,< 25%,85,Eric Noble,967,David Linn,882
Primary_2019,City Council,OCEAN SHORES,Pos. 3,2,< 25%,124,Frank Elduen,796,Richard Wills,672
Primary_2019,City Council,OLYMPIA,Pos. 3,371,< 25%,3923,Dani Madrone,6842,Matt Goldenberg,2919
Primary_2019,City Council,OLYMPIA,Pos. 2,371,< 25%,3550,Jessica Bateman,6209,Phyllis Booth,2659
Primary_2019,City Council,PASCO,Pos. 7,57,< 25%,1173,Zahra Roach,3015,Patrick Guettner,1842
Primary_2019,City Council,PORT ANGELES,Pos. 5,16,< 25%,715,Charlie Mccaughan,1568,Richard W. Robinson,853
Primary_2019,City Council,PORT ANGELES,Pos. 7,16,< 25%,303,Martha Cunningham,1225,Brendan Meyer,922
Primary_2019,City Council,PUYALLUP,Pos. 1,381,> 50%,281,Robin Farris,861,Curtis Thiel,580
Primary_2019,City Council,REDMOND,Pos. 7,1561,> 50%,968,David Carson,4054,Carlos Jimenez,3086
Primary_2019,City Council,RENTON,Pos. 3,1321,> 50%,334,Valerie O'Halloran,4709,James Alberson,4375
Primary_2019,City Council,REPUBLIC,Pos. 2,2,> 50%,3,April Drennan,94,Aaron R Agent,91
Primary_2019,City Council,RICHLAND,Pos. 2,223,> 50%,289,Brad Anderson,3767,Shir Regev,3478
Primary_2019,City Council,RICHLAND,Pos. 5,223,> 50%,433,Phillip R. Lemley,3557,Lisa Thomas,3124
Primary_2019,City Council,RICHLAND,Pos. 1,223,25-50%,637,Bob Thompson,2666,Lillian Randy Slovic,2029
Primary_2019,City Council,SEATAC,Pos. 1,1163,> 50%,135,Senayet Negusse,1436,Tony Anderson,1301
Primary_2019,City Council,SEATTLE,District 1,8052,> 50%,4847,Lisa Herbold,13405,Phil Tavel,8558
Primary_2019,City Council,SEATTLE,District 2,8052,> 50%,5707,Tammy Morales,10630,Mark Solomon,4923
Primary_2019,City Council,SEATTLE,District 3,8052,> 50%,5010,Kshama Sawant,12088,Egan Orion,7078
Primary_2019,City Council,SEATTLE,District 4,8052,> 50%,4427,Alex Pedersen,10447,Shaun Scott,6020
Primary_2019,City Council,SEATTLE,District 5,8052,> 50%,4521,Debora Juarez,11085,Ann Davison Sattler,6564
Primary_2019,City Council,SEATTLE,District 6,8052,> 50%,4280,Dan Strauss,11328,Heidi Wills,7048
Primary_2019,City Council,SEATTLE,District 7,8052,> 50%,1843,Andrew J. Lewis,8409,Jim Pugel,6566
Primary_2019,City Council,SEDRO-WOOLLEY,Ward 5,5,< 25%,21,Corrin Hamburg,134,Charles Chuck Owen,113
Primary_2019,City Council,SEDRO-WOOLLEY,Ward 1,5,> 50%,4,Brendan Mcgoffin,60,Dave Bates,56
Primary_2019,City Council,SHELTON,Pos. 2,20,< 25%,263,Kathy Mcdowell,520,Dean Jewett,257
Primary_2019,City Council,SHORELINE,Pos. 4,580,25-50%,2157,David Chen,6276,Doris Mcconnell,4119
Primary_2019,City Council,SNOHOMISH,Pos. 2,227,> 50%,7,Elizabeth Larsen,713,Judith Kuleta,706
Primary_2019,City Council,SNOQUALMIE,Pos. 2,160,25-50%,398,Katherine Ross,1149,Elaine Armstrong,751
Primary_2019,City Council,SPOKANE,District 2,708,< 25%,6573,Lori Kinnear,10799,Tony Kiepe,4226
Primary_2019,City Council,SPOKANE,District 3,708,< 25%,3785,Karen J. Stratton,7616,Andy Rathbun,3831
Primary_2019,City Council,SPOKANE,Pos. 3,708,< 25%,2850,Arne Woodard,6843,Lance Gurel,3993
Primary_2019,City Council,SPOKANE,District 1,708,> 50%,249,Tim Benn,2370,Michael Cathcart,2121
Primary_2019,City Council,SPOKANE,Pos. 2,708,> 50%,886,Brandi Peetz,7298,Michelle Rasmussen,6412
Primary_2019,City Council,SPOKANE,President,708,25-50%,2501,Breean L. Beggs,16595,Cindy Wendle,14094
Primary_2019,City Council,SPOKANE,Pos. 6,708,25-50%,2375,Tim Hattenburg,6884,Bo Tucker,4509
Primary_2019,City Council,STANWOOD,Pos. 6,24,< 25%,265,Sid Roberts,574,Marcus Metz,309
Primary_2019,City Council,SUNNYSIDE,Pos. 5,13,< 25%,75,Mike Farmer,388,Julia Hart,313
Primary_2019,City Council,SUNNYSIDE,Pos. 7,13,> 50%,17,Betty Lynn Garza,306,Craig Hicks,289
Primary_2019,City Council,TACOMA,Pos. 7,695,< 25%,7938,Conor Mccarthy,14039,Courtney Love,6101
Primary_2019,City Council,TONASKET,Pos. 2,1,< 25%,58,Jeff Mcmillan,113,Deanna Swallom,55
Primary_2019,City Council,VANCOUVER,Pos. 2,947,< 25%,10088,Erik Paulsen,14753,Maureen Mcgoldrick,4665
Primary_2019,City Council,VANCOUVER,Pos. 6,947,> 50%,123,Sarah Fox,5183,Jeanne E. Stewart,5060
Primary_2019,City Council,WALLA WALLA,Pos. 7,26,< 25%,1549,Steve Moss,2697,Julian Saturno,1148
Primary_2019,City Council,WAPATO,Pos. 2,5,< 25%,192,Jesse Farias,257,Edwin Andrade,65
Primary_2019,City Council,WAPATO,Pos. 6,5,< 25%,138,Judith Owens-Canapo,237,Rosemary &Quot;Rosie&Quot; Reyes,99
Primary_2019,City Council,WAPATO,Pos. 7,5,< 25%,98,Caroline Solis,202,Karina M. Lara,104
Primary_2019,City Council,WAPATO,Pos. 5,5,< 25%,42,Tony Guzm&#193;N,126,Frances M. Ayres,84
Primary_2019,City Council,WAPATO,Pos. 4,5,< 25%,29,Margaret Estrada,109,Doug Milne,80
Primary_2019,City Council,WENATCHEE,At-Large,36,< 25%,1036,Linda Herald,2690,Jorge R. Chac&#211;N,1654
Primary_2019,City Council,WEST,Ward Pos. 5 City Pos. 5,0,< 25%,26,Sharon Kay Schiller,198,Susan Smiley-Nakonieczny,172
Primary_2019,City Council,YAKIMA,District 7,161,< 25%,1120,Holly N. Cousens,1508,Sarah Towell,388
Primary_2019,City Council,YAKIMA,District 1,161,> 50%,18,Eliana Macias,261,Kenton Gartrell,243
Primary_2019,City Council,YAKIMA,District 3,161,> 50%,144,Patricia Byers,719,Thomas B. Sund,575
Primary_2019,City Council,YAKIMA,District 5,161,> 50%,79,Soneya Lund,686,Liz Hallock,607
Primary_2019,City Council,YELM,Pos. 1,18,> 50%,13,Ej Curry,335,James Blair,322
Primary_2018,City Council,EVERETT,Pos. 4,1359,> 50%,1607,Tyler Rourke,7146,Liz Vogeli,5539
Primary_2018,City Council,VANCOUVER,Pos. 1,947,25-50%,2587,Laurie Lebowsky,12683,Sarah Fox,10096
Primary_2017,City Council,ABERDEEN,Pos. 2,11,25-50%,29,Tawni Andrews,99,Dick Murchy,70
Primary_2017,City Council,BELLEVUE,Pos. 4,1827,> 50%,1754,Jared Nieuwenhuis,10845,Karol Brown,9091
Primary_2017,City Council,BELLINGHAM,At-Large,292,< 25%,8801,Roxanne Murphy,11997,Eric Bostrom,3196
Primary_2017,City Council,BLACK DIAMOND,Pos. 4,26,> 50%,51,Ed Hanrahan,445,Erin Rose Stout,394
Primary_2017,City Council,BLAINE,Pos. 7,59,> 50%,19,Alicia Rule,496,Harry Robinson,477
Primary_2017,City Council,BONNEY LAKE,Pos. 6,78,25-50%,219,Terry Carter,989,Pablo Monroy,770
Primary_2017,City Council,BREMERTON,District 1,71,> 50%,130,Patricia Pat Sullivan,410,Suzanne Griffith,280
Primary_2017,City Council,BREMERTON,District 3,71,25-50%,249,Kevin Gorman,593,Adam C. Brockus,344
Primary_2017,City Council,BURIEN,Pos. 5,530,> 50%,21,Darla Green,2888,Nancy Tosta,2867
Primary_2017,City Council,BURIEN,Pos. 1,530,> 50%,417,Pedro E. Olguin,2687,Joel Manning,2270
Primary_2017,City Council,BURIEN,Pos. 7,530,> 50%,322,Krystal Marx,2212,Patty Janssen,1890
Primary_2017,City Council,BURIEN,Pos. 3,530,25-50%,1756,Debi Wagner,4485,Jimmy Matta,2729
Primary_2017,City Council,CAMAS,Ward 1 Pos. 2,171,> 50%,193,Melissa Smith,384,Emilia Brasier,191
Primary_2017,City Council,CHELAN,Pos. 6,6,< 25%,72,Tim Hollingsworth,461,Cameron Skip Morehouse,389
Primary_2017,City Council,CHEWELAH,Pos. 2,0,< 25%,209,Cori Wuesthoff,369,Dee Henderson,160
Primary_2017,City Council,CHEWELAH,Pos. 1,0,< 25%,90,Nicole Norvell,329,John H Kabosky,239
Primary_2017,City Council,CITY,Ward District 7 North,0,< 25%,527,Joe Deets,968,Kevin Fetterly,441
Primary_2017,City Council,DES MOINES,Pos. 5,528,> 50%,93,Traci Buxton,1962,Harry Steinmetz,1869
Primary_2017,City Council,DES MOINES,Pos. 1,528,25-50%,1456,Matt Pina,2651,Anthony Martinelli,1195
Primary_2017,City Council,DUPONT,Pos. 7,16,< 25%,205,Leo R. Gruba,671,Kevin Andre White,466
Primary_2017,City Council,DUPONT,Pos. 3,16,< 25%,101,Rex Bruce,512,Patty Moore,411
Primary_2017,City Council,ENTIAT,Pos. 1,0,< 25%,115,Robert Anderson,156,Norman Stenberg,41
Primary_2017,City Council,ENUMCLAW,Pos. 5,5,< 25%,605,Kyle Jacobson,1045,Blain Thomas,440
Primary_2017,City Council,ENUMCLAW,Pos. 3,5,< 25%,61,Kael Johnson,744,Anthony Wright,683
Primary_2017,City Council,EVERETT,Pos. 2,1359,> 50%,1122,Jeff Moore,6394,Alex Lark,5272
Primary_2017,City Council,EVERETT,Pos. 3,1359,25-50%,4643,Scott D. Murphy,7770,Jennifer A. Hesse,3127
Primary_2017,City Council,EVERETT,Pos. 1,1359,25-50%,3911,Paul Roberts,7246,Leland Lee Dart,3335
Primary_2017,City Council,FEDERAL WAY,Pos. 4,974,> 50%,108,Hoang Tran,3159,Diana Noble-Gulliford,3051
Primary_2017,City Council,FIRCREST,Pos. 1,42,> 50%,70,David M. Viafore,608,Matthew P. Jolibois,538
Primary_2017,City Council,FORKS,Pos. 3,2,< 25%,11,Joe Soha,134,Mike Gilstrap,123
Primary_2017,City Council,GARFIELD,Pos. 5,0,< 25%,83,Tom Tevlin,138,Kevin Pickron,55
Primary_2017,City Council,GIG HARBOR,Pos. 3,96,25-50%,320,Jim Franich,1093,Peter Norman,773
Primary_2017,City Council,KELSO,Pos. 2,23,< 25%,127,Michael Karnofski,522,Lisa Knight Alexander,395
Primary_2017,City Council,KENMORE,Pos. 6,220,< 25%,1322,Debra Srebnik,2450,Carol Baker,1128
Primary_2017,City Council,KENNEWICK,Pos. 4,303,> 50%,277,Bill McKay,2656,Christy Watts,2379
Primary_2017,City Council,KENNEWICK,Ward District 2 Pos. 2,303,> 50%,83,Gregory A. Jones,1106,Steve Lee,1023
Primary_2017,City Council,KENT,Pos. 4,2582,> 50%,2583,Toni Troutner,6792,Tye Whitfield,4209
Primary_2017,City Council,KENT,Pos. 2,2582,> 50%,2795,Satwinder Kaur,6495,Paul Addis,3700
Primary_2017,City Council,KIRKLAND,Pos. 7,1345,< 25%,7985,Jon Pascal,11722,Uzma Butte,3737
Primary_2017,City Council,LA CENTER,Pos. 1,18,< 25%,344,Doug Boff,437,Linda Tracy,93
Primary_2017,City Council,LACEY,Pos. 7,143,25-50%,556,Ken Balsley,2207,Carolyn H. Cox,1651
Primary_2017,City Council,LONGVIEW,Pos. 5,31,< 25%,1117,MaryAlice L. Wallis,2244,Megan Richie,1127
Primary_2017,City Council,LYNNWOOD,Pos. 1,1614,> 50%,719,Christine Frizzell,2072,Van AuBuchon,1353
Primary_2017,City Council,MARYSVILLE,Pos. 2,310,> 50%,247,Mark James,3439,Donna M. Wright,3192
Primary_2017,City Council,MCCLEARY,Pos. 3,0,< 25%,33,Jaron Heller,119,Eric J. Hart,86
Primary_2017,City Council,MEDICAL LAKE,Pos. 2,2,< 25%,141,John Merrick,350,Elizabeth Rosenbeck,209
Primary_2017,City Council,MEDICAL LAKE,Pos. 5,2,< 25%,143,Theodore E. Olson,350,Gary J. Plumlee,207
Primary_2017,City Council,MEDICAL LAKE,Pos. 4,2,< 25%,36,Tony Harbolt,328,Don Kennedy,292
Primary_2017,City Council,MERCER ISLAND,Pos. 6,149,< 25%,2511,Benson D. Wong,3989,Mark Coen,1478
Primary_2017,City Council,MOSES LAKE,Pos. 1,36,> 50%,34,Michael Riggs,785,Dean Hankins,751
Primary_2017,City Council,MOUNT VERNON,At-Large,37,> 50%,32,Richard Brocksmith,1502,Dale Ragan,1470
Primary_2017,City Council,MOUNT VERNON,Ward 1 Pos. 2,37,> 50%,11,Ken Quam,411,Iris Car√≠as,400
Primary_2017,City Council,MUKILTEO,Pos. 2,239,< 25%,1381,Bob Champion,2729,Peter Zieve,1348
Primary_2017,City Council,MUKILTEO,Pos. 3,239,> 50%,141,Sarah L. Kneller,2016,Tony Markey,1875
Primary_2017,City Council,MUKILTEO,Pos. 1,239,25-50%,711,Anna Rohrbough,2227,James Yoo,1516
Primary_2017,City Council,OCEAN SHORES,Pos. 5,2,< 25%,298,Steve Ensley,859,Randy D. Scott,561
Primary_2017,City Council,OCEAN SHORES,Pos. 1,2,< 25%,174,Susan Conniry,814,John Lynn,640
Primary_2017,City Council,OCEAN SHORES,Pos. 3,2,< 25%,14,Shannon Rubin,566,Lisa Griebel,552
Primary_2017,City Council,OLYMPIA,Pos. 7,371,< 25%,4253,Jim Cooper,6042,Daniel Danny Marsh,1789
Primary_2017,City Council,OLYMPIA,Pos. 5,371,> 50%,736,Allen Miller,3932,Lisa Parshley,3196
Primary_2017,City Council,OLYMPIA,Pos. 6,371,25-50%,795,Jeannine Roe,4237,Renata Rollins,3442
Primary_2017,City Council,ORTING,Pos. 1,22,< 25%,197,Tod Gunther,579,Gregory Hogan,382
Primary_2017,City Council,PASCO,District 4,57,> 50%,49,Dan Hatch,242,Pete Serrano,193
Primary_2017,City Council,PASCO,District 5,57,25-50%,136,Rebecca Francik,635,David Milne,499
Primary_2017,City Council,PORT ANGELES,Pos. 1,16,< 25%,407,James Jim Moran,1635,Todd Negus,1228
Primary_2017,City Council,PORT ANGELES,Pos. 2,16,< 25%,168,Mike French,1449,Jacob Oppelt,1281
Primary_2017,City Council,PULLMAN,Pos. 1,94,< 25%,385,Al Alan Sorensen,773,Eric Fejeran,388
Primary_2017,City Council,PULLMAN,Pos. 2,94,> 50%,49,Garren Shannon,128,Dan Records,79
Primary_2017,City Council,PUYALLUP,Pos. 2,381,> 50%,356,Jim Kastama,844,John Hopkins,488
Primary_2017,City Council,PUYALLUP,Pos. 2,381,> 50%,212,Heather Shadko,849,Cynthia Jacobsen,637
Primary_2017,City Council,REDMOND,Pos. 6,1561,> 50%,3009,Jeralee Anderson,5544,Jason Antonelli,2535
Primary_2017,City Council,REDMOND,Pos. 2,1561,> 50%,618,Steve Fields,3921,Byron Shutz,3303
Primary_2017,City Council,RENTON,Pos. 2,1321,> 50%,1601,Armondo Pavone,6089,Diane Dobson,4488
Primary_2017,City Council,RENTON,Pos. 6,1321,> 50%,1788,Ruth Perez,5516,Jami Smith,3728
Primary_2017,City Council,RICHLAND,Pos. 3,223,< 25%,1086,Sandra Kent,3732,Lloyd Becker,2646
Primary_2017,City Council,RICHLAND,Pos. 1,223,< 25%,939,Bob Thompson,3150,Rhoda Williams,2211
Primary_2017,City Council,RICHLAND,Pos. 4,223,> 50%,53,Ginger Wireman,3688,Ryan Lukson,3635
Primary_2017,City Council,RICHLAND,Pos. 7,223,> 50%,39,Dori Luzzo Gilmour,3564,Michael Alvarez,3525
Primary_2017,City Council,RICHLAND,Pos. 1,223,> 50%,445,John E. Smart,1091,Robert Perkes,646
Primary_2017,City Council,RICHLAND,Pos. 6,223,> 50%,43,Fred Brink,937,Kate Moran,894
Primary_2017,City Council,ROSLYN,Pos. 5,0,< 25%,40,Jeff Adams,139,Doug Kilgore,99
Primary_2017,City Council,SAMMAMISH,Pos. 5,908,> 50%,1766,Chris Ross,5393,Rituja Indapure,3627
Primary_2017,City Council,SAMMAMISH,Pos. 3,908,> 50%,78,Karen Moran,3953,Karen N. Howe,3875
Primary_2017,City Council,SAMMAMISH,Pos. 7,908,25-50%,2484,Pam Stuart,5924,John Robinson,3440
Primary_2017,City Council,SEATAC,Pos. 2,1163,> 50%,149,Kathryn Campbell,1268,Joel Wachtel,1119
Primary_2017,City Council,SEATAC,Pos. 4,1163,> 50%,240,Clyde Fuzz Hill,1143,Pam Pollock,903
Primary_2017,City Council,SEATTLE,Pos. 9,8052,< 25%,75253,M. Lorena Gonz√°lez,108602,Pat Murakami,33349
Primary_2017,City Council,SEATTLE,Pos. 8,8052,> 50%,8024,Teresa Mosqueda,53676,Jon Grant,45652
Primary_2017,City Council,SEDRO-WOOLLEY,At-Large,5,< 25%,35,Pola Kelley,464,Jared W. Couch,429
Primary_2017,City Council,SEDRO-WOOLLEY,Ward 3,5,25-50%,11,Brenda Kinzer,70,J. Dennis ONeil,59
Primary_2017,City Council,SHORELINE,Pos. 5,580,< 25%,6642,Susan Chang,8206,Carolyn Ahlgreen,1564
Primary_2017,City Council,SNOHOMISH,Pos. 7,227,> 50%,389,Steve Dana,1028,Lisa Caldwell,639
Primary_2017,City Council,SNOHOMISH,Pos. 6,227,25-50%,812,Larry Countryman,1427,Eric Reyes,615
Primary_2017,City Council,SNOQUALMIE,Pos. 2,160,> 50%,317,Katherine Ross,1402,Lesley Sheppard,1085
Primary_2017,City Council,SOAP LAKE,Pos. 4,2,> 50%,1,Robert L Brown,90,Debra Parmeter Still,89
Primary_2017,City Council,SPOKANE,District 2,708,< 25%,4085,Breean L. Beggs,6893,Andy Dunau,2808
Primary_2017,City Council,SPOKANE,Pos. 5,708,< 25%,3136,Pamela Haley,5829,Angie Beem,2693
Primary_2017,City Council,SPOKANE,District 1,708,> 50%,452,Kate Burke,2433,Tim Benn,1981
Primary_2017,City Council,SPOKANE,Pos. 1,708,> 50%,1071,Rod Higgins,4665,Chris Jackson,3594
Primary_2017,City Council,SPOKANE,District 3,708,25-50%,2332,Candace Mumm,5430,Matthew Howes,3098
Primary_2017,City Council,STANWOOD,Pos. 7,24,25-50%,63,Judy Williams,442,Mike Braley,379
Primary_2017,City Council,STEILACOOM,Pos. 3,12,< 25%,104,Roger A. Neal,594,Paul P.K. Thumbi,490
Primary_2017,City Council,TACOMA,Pos. 6,695,< 25%,3363,Lillian Hunter,9803,Meredith Neal,6440
Primary_2017,City Council,TACOMA,District 4,695,> 50%,411,Catherine Ushka,1651,Kevin Grossman,1240
Primary_2017,City Council,TACOMA,District 5,695,> 50%,168,Chris Beale,1220,Brian Arnold,1052
Primary_2017,City Council,TUKWILA,Pos. 5,938,> 50%,421,Zak Idan,1146,Dennis Martinez,725
Primary_2017,City Council,TUMWATER,Pos. 6,47,< 25%,883,Debbie Sullivan,1722,Brian Tomlinson,839
Primary_2017,City Council,UNIVERSITY PLACE,Pos. 3,236,25-50%,883,Steve Worthington,2273,Ken Campbell,1390
Primary_2017,City Council,VANCOUVER,Pos. 3,947,< 25%,7850,Linda Glover,12064,Michelle Beardshear,4214
Primary_2017,City Council,VANCOUVER,Pos. 1,947,< 25%,7457,Scott Campbell,10705,Maureen McGoldrick,3248
Primary_2017,City Council,WALLA WALLA,Pos. 1,26,< 25%,430,Riley Clubb,2177,Jim Barrow,1747
Primary_2017,City Council,WALLA WALLA,Pos. 3,26,< 25%,621,Myron Huie,1884,Devon Wootten,1263
Primary_2017,City Council,WASHOUGAL,Pos. 6,41,25-50%,120,Julie A. Russell,683,Adam S. Philbin,563
Primary_2017,City Council,WENATCHEE,Pos. 4,36,< 25%,250,Keith Huffaker,1754,Adam MacDonald,1504
Primary_2017,City Council,WOODLAND,Pos. 6,9,< 25%,204,Benjamin Fredricks,365,Jeremy Heffernan,161
Primary_2017,City Council,WOODLAND,Pos. 3,9,> 50%,11,Dave Plaza,242,Nate Cook,231
Primary_2015,City Council,BELLEVUE,Pos. 7,1827,< 25%,10983,Jennifer Robertson,12898,Lyndon Heywood,1915
Primary_2015,City Council,BELLEVUE,Pos. 5,1827,> 50%,1247,Vandana Slatter,7341,Michelle Hilhorst,6094
Primary_2015,City Council,BOTHELL,Pos. 6,1263,> 50%,1629,Davina Duerr,3558,John Lee,1929
Primary_2015,City Council,BOTHELL,Pos. 2,1263,> 50%,1907,Andy Rheaume,3535,Roz Gorc,1628
Primary_2015,City Council,BOTHELL,Pos. 4,1263,> 50%,663,James G. McNeal,3002,Tim Ottersburg,2339
Primary_2015,City Council,BREMERTON,District 6,71,25-50%,196,Richard Huddy,381,Roy Runyon,185
Primary_2015,City Council,CARBONADO,Pos. 4,0,< 25%,60,Emily Jones,104,Roberta Doodie Kyllonen,44
Primary_2015,City Council,CARBONADO,Pos. 5,0,< 25%,25,Amos Green,81,Buck McBride,56
Primary_2015,City Council,CARNATION,Pos. 1,32,> 50%,32,Fred Bereswill,107,Steve McFall,75
Primary_2015,City Council,CARNATION,Pos. 5,32,> 50%,1,Dustin Green,89,Ernest Fix,88
Primary_2015,City Council,CLARKSTON,Pos. 6,0,< 25%,84,Belinda Campbell,351,Jeffry Ty Aiken,267
Primary_2015,City Council,CONCRETE,Pos. 1,0,< 25%,28,Rob Thomas,45,Bill Sullivan,17
Primary_2015,City Council,EDGEWOOD,Pos. 1,42,< 25%,1012,Mark L. Creley,1386,Ted Christie,374
Primary_2015,City Council,EDGEWOOD,Pos. 7,42,< 25%,498,Nathaniel Lowry,1103,Jamie Sargent,605
Primary_2015,City Council,EDGEWOOD,Pos. 2,42,< 25%,491,Luke Meyers,1085,Carolyn Trumbull,594
Primary_2015,City Council,ELLENSBURG,Pos. 7,26,< 25%,149,Fennelle Miller,546,Chris Herion,397
Primary_2015,City Council,EVERETT,Pos. 4,1359,25-50%,2719,Cassie Franklin,6339,Ron Gipson,3620
Primary_2015,City Council,EVERETT,Pos. 5,1359,25-50%,2850,Scott Bader,6052,Charlene N. Rawson,3202
Primary_2015,City Council,FEDERAL WAY,Pos. 1,974,> 50%,1412,Lydia Assefa-Dawson,4329,Mark Greene,2917
Primary_2015,City Council,FERNDALE,Pos. 3,51,< 25%,719,Keith M. Olson,1334,Glenn Stewart,615
Primary_2015,City Council,FERNDALE,Pos. 4,51,< 25%,268,Paul S. Ingram,1064,Teresa N. Taylor,796
Primary_2015,City Council,GARFIELD,Pos. 1,0,< 25%,53,Neal Leon,84,Sharon Schnebly,31
Primary_2015,City Council,ISSAQUAH,Pos. 6,369,25-50%,1038,Paul Winterstein,2486,Christopher Reh,1448
Primary_2015,City Council,ISSAQUAH,Pos. 4,369,25-50%,793,Bill Ramos,1988,Tim Flood,1195
Primary_2015,City Council,KELSO,Pos. 4,23,< 25%,243,David Futcher,536,Dale Barto,293
Primary_2015,City Council,KELSO,Pos. 7,23,< 25%,133,Nancy Malone,457,Gary Schimmel,324
Primary_2015,City Council,KENNEWICK,Pos. 6,303,25-50%,919,Paul Parish,2782,Diane Crawford,1863
Primary_2015,City Council,KENT,Pos. 1,2582,> 50%,904,Tina Budell,4092,Hira Singh Bhullar,3188
Primary_2015,City Council,KIRKLAND,Pos. 2,1345,25-50%,4325,Shelley Kloba,6097,Jason Chinchilla,1772
Primary_2015,City Council,LAKE STEVENS,Pos. 5,213,> 50%,308,Rauchel McDaniel,1312,Michael Boe,1004
Primary_2015,City Council,LAKEWOOD,Pos. 6,95,< 25%,1984,Marie Barth,4094,Ben Gonter,2110
Primary_2015,City Council,LEAVENWORTH,Pos. 2,1,< 25%,222,Mia Bretz,340,Raymond Laramie,118
Primary_2015,City Council,LIND,Pos. 4,0,< 25%,77,Paula Bell,121,John D. Claypool,44
Primary_2015,City Council,LYNNWOOD,Pos. 5,1614,> 50%,190,Chris Frizzell,1812,Benjamin Goodwin,1622
Primary_2015,City Council,LYNNWOOD,Pos. 4,1614,> 50%,228,Loren Simmonds,1749,Shirley Sutton,1521
Primary_2015,City Council,MERCER ISLAND,Pos. 7,149,< 25%,1804,Debbie Bertlin,3183,Traci Granbois,1379
Primary_2015,City Council,MOSES LAKE,Pos. 6,36,< 25%,175,Dick Deane,831,Ryann Leonard,656
Primary_2015,City Council,MOSES LAKE,Pos. 3,36,> 50%,11,Jason Avila,958,Don Myers,947
Primary_2015,City Council,MOSES LAKE,Pos. 7,36,25-50%,109,"Greg ""Speedy"" Nevarez",524,Mike Norman,415
Primary_2015,City Council,MUKILTEO,Pos. 6,239,< 25%,1210,Richard Emery,2220,Jon Boyce,1010
Primary_2015,City Council,NORTH BEND,Pos. 3,31,< 25%,282,Trevor Kostanich,513,Dee Wayne Williamson,231
Primary_2015,City Council,NORTH BEND,Pos. 7,31,< 25%,254,Martin Volken,510,Judy Bilanko,256
Primary_2015,City Council,OLYMPIA,Pos. 2,371,< 25%,1646,Jessica Bateman,4377,Judy Bardin,2731
Primary_2015,City Council,ORTING,Pos. 1,22,< 25%,147,Tod Gunther,492,Gwen Robson,345
Primary_2015,City Council,ORTING,Pos. 5,22,25-50%,44,Guy S. Sam Colorossi,411,Nicola McDonald,367
Primary_2015,City Council,PASCO,Pos. 6,57,< 25%,1690,Matt Watkins,2729,Bertha Aranda Glatt,1039
Primary_2015,City Council,PASCO,District 5,57,< 25%,400,Rebecca Francik,1097,David Milne,697
Primary_2015,City Council,PASCO,District 1,57,25-50%,114,Al Yenney,159,Bertha Alicia Coria,45
Primary_2015,City Council,PORT ANGELES,Pos. 5,16,< 25%,230,Michael Merideth,1053,Marolee Smith,823
Primary_2015,City Council,PORT TOWNSEND,Pos. 6,9,< 25%,917,Amy Smith,1536,Paul S. Rice,619
Primary_2015,City Council,PUYALLUP,Pos. 1,381,> 50%,505,John Palmer,809,Keith W. Sherrill,304
Primary_2015,City Council,QUINCY,Pos. 6,2,< 25%,36,Sonia O. Padron,251,Warren Dan Lybbert,215
Primary_2015,City Council,RENTON,Pos. 4,1321,> 50%,2293,Ryan McIrvin,5034,Monique Taylor-Swan,2741
Primary_2015,City Council,RICHLAND,Pos. 6,223,> 50%,445,Scott Whalen,938,Neomi N. Garza,493
Primary_2015,City Council,RICHLAND,Pos. 1,223,> 50%,120,Byron Martin,720,John E. Smart,600
Primary_2015,City Council,SEATAC,Pos. 3,1163,> 50%,610,Peter Kwon,1421,Sally Andrews,811
Primary_2015,City Council,SEATAC,Pos. 1,1163,> 50%,420,Rick Forschler,1255,Craig Baker,835
Primary_2015,City Council,SEATAC,Pos. 7,1163,> 50%,355,Erin A. Sitterley,1243,Mia Su-Ling Gregerson,888
Primary_2015,City Council,SEATTLE,Pos. 9,8052,< 25%,59944,Lorena Gonzalez,77839,Bill Bradburd,17895
Primary_2015,City Council,SEATTLE,District 1,8052,> 50%,410,Lisa Herbold,5234,Shannon Braddock,4824
Primary_2015,City Council,SEATTLE,District 2,8052,> 50%,4843,Bruce Harrell,8066,Tammy Morales,3223
Primary_2015,City Council,SEATTLE,District 3,8052,> 50%,4024,Kshama Sawant,11675,Pamela Banks,7651
Primary_2015,City Council,SEATTLE,District 4,8052,> 50%,1378,Rob Johnson,5516,Michael Maddux,4138
Primary_2015,City Council,SEATTLE,District 5,8052,> 50%,3275,Debora Juarez,6635,Sandy Brown,3360
Primary_2015,City Council,SEATTLE,District 6,8052,> 50%,7723,Mike O'Brien,12403,Catherine Weatbrook,4680
Primary_2015,City Council,SEATTLE,District 7,8052,> 50%,10148,Sally Bagshaw,12292,Deborah Zech-Artis,2144
Primary_2015,City Council,SEATTLE,Pos. 8,8052,25-50%,17834,Tim Burgess,54771,Jon Grant,36937
Primary_2015,City Council,SHORELINE,Pos. 6,580,< 25%,3477,Jesse Salomon,5880,Lorn Richey,2403
Primary_2015,City Council,SPOKANE,District 2,708,> 50%,315,LaVerne Biel,4699,Lori Kinnear,4384
Primary_2015,City Council,SPOKANE,District 3,708,> 50%,969,Karen Stratton,4519,Evan J. Verduin,3550
Primary_2015,City Council,SPOKANE,District 1,708,25-50%,1447,Mike Fagan,2943,Randy M. Ramos,1496
Primary_2015,City Council,TACOMA,District 1,695,> 50%,1339,Anders Ibsen,3449,John Hines,2110
Primary_2015,City Council,TACOMA,District 3,695,> 50%,147,Tom McCarthy,883,Keith Blocker,736
Primary_2015,City Council,TENINO,Pos. 5,8,< 25%,77,Susan Copeland,179,Ken Jones,102
Primary_2015,City Council,VANCOUVER,Pos. 5,947,> 50%,1059,Ty Stober,8772,Linda Glover,7713
Primary_2015,City Council,WESTPORT,Pos. 5,1,< 25%,13,Brandi Holmes,177,Patricia Gardner,164
Primary_2015,City Council,YELM,Pos. 6,18,< 25%,154,Joe DePinto,335,Terry Kaminski,181
Primary_2013,City Council,ARLINGTON,Pos. 7,52,< 25%,423,Jan Schuette,1121,Mike Hopson,698
Primary_2013,City Council,AUBURN,Pos. 4,999,> 50%,1085,Yolanda Trout,4045,Frank Lonergan,2960
Primary_2013,City Council,BATTLE GROUND,Pos. 1,22,> 50%,9,Michael J. Ciraulo,612,Lyle Lamb,603
Primary_2013,City Council,BELLEVUE,Pos. 4,1827,> 50%,791,Kevin Wallace,9191,Steve Kasner,8400
Primary_2013,City Council,BELLEVUE,Pos. 6,1827,25-50%,4380,Lynne Robinson,9638,Vandana Slatter,5258
Primary_2013,City Council,BELLINGHAM,Ward At Large,292,< 25%,2878,Roxanne Murphy,5610,Bob Burr,2732
Primary_2013,City Council,BOTHELL,Pos. 5,1263,> 50%,165,Steve Booth,2278,Tris Samberg,2113
Primary_2013,City Council,BREMERTON,District 3,71,> 50%,65,Adam C. Brockus,386,Jerald Jerry McDonald,321
Primary_2013,City Council,BREMERTON,District 5,71,> 50%,92,Dino Davis,263,Deirdre McKeel,171
Primary_2013,City Council,BURIEN,Pos. 1,530,> 50%,603,Lauren Berkowitz,3278,"Jack Block, Jr.",2675
Primary_2013,City Council,BURIEN,Pos. 3,530,> 50%,48,Joan McGilton,2090,Debi Wagner,2042
Primary_2013,City Council,BURIEN,Pos. 7,530,25-50%,1277,Steve Armstrong,3119,Joey Martinez,1842
Primary_2013,City Council,BURLINGTON,At-Large,7,< 25%,66,Joe DeGloria,410,Sally L. Straathof,344
Primary_2013,City Council,CITY,Ward District 3 South,0,< 25%,457,Roger Townsend,907,Dee McComb,450
Primary_2013,City Council,DES MOINES,Pos. 4,528,> 50%,923,Jeremy Nutting,2381,James Payne,1458
Primary_2013,City Council,DUPONT,Pos. 3,16,25-50%,43,John Ehrenreich,385,Michael Gorski,342
Primary_2013,City Council,ELLENSBURG,Pos. 3,26,< 25%,553,Mary L. Morgan,1015,David A Douglas,462
Primary_2013,City Council,FEDERAL WAY,Pos. 2,974,> 50%,1573,Kelly Maloney,4607,Mark Koppang,3034
Primary_2013,City Council,FEDERAL WAY,Pos. 6,974,> 50%,670,Martin Moore,4304,Diana Noble-Gulliford,3634
Primary_2013,City Council,FORD,Pos. 5,2,< 25%,45,Robert Tollefson,61,Chuck Collison,16
Primary_2013,City Council,FRIDAY HARBOR,Pos. 4,4,< 25%,58,Farhad Ghatan,212,Matt W. Shildneck,154
Primary_2013,City Council,KAHLOTUS,Pos. 2,0,< 25%,21,Sharee Beckner,37,Marcia Robitaille,16
Primary_2013,City Council,KENMORE,Pos. 2,220,< 25%,1255,Laurie Sperry,2023,Bob Black,768
Primary_2013,City Council,KENMORE,Pos. 6,220,> 50%,370,Allan Van Ness,1609,Ken Smith,1239
Primary_2013,City Council,KENMORE,Pos. 4,220,25-50%,558,Nigel Herbig,1663,Patrick O'Brien,1105
Primary_2013,City Council,KENT,Pos. 6,2582,> 50%,1328,Ken Sharp,4744,Bailey Stober,3416
Primary_2013,City Council,LA CENTER,Pos. 2,18,< 25%,73,Al Luiz,233,Tim Hopkin,160
Primary_2013,City Council,LACEY,Pos. 6,143,25-50%,503,Michael R. Steadman,2343,Ron Lawson,1840
Primary_2013,City Council,LAKEWOOD,Pos. 5,95,< 25%,1041,John Simpson,2879,Bryan L. Thomas,1838
Primary_2013,City Council,LATAH,Pos. 2,0,< 25%,8,Larry La Bolle,35,Teresa Galvin,27
Primary_2013,City Council,LIND,Pos. 2,0,< 25%,6,Calah Kulm,69,Kathy White,63
Primary_2013,City Council,LYNNWOOD,Pos. 1,1614,> 50%,208,M. Christopher Boyer,1896,Michael Moore,1688
Primary_2013,City Council,LYNNWOOD,Pos. 2,1614,> 50%,4,Ian Cotton,1481,James R. Jim Smith,1477
Primary_2013,City Council,LYNNWOOD,Pos. 3,1614,> 50%,180,Ruth Ross,1405,Douglas Lovitt,1225
Primary_2013,City Council,MILL CREEK,Pos. 1,217,> 50%,56,Sean Kelly,1230,Lynn Sordel,1174
Primary_2013,City Council,MILL CREEK,Pos. 2,217,25-50%,740,Donna Michelson,1703,Jason Wingert,963
Primary_2013,City Council,OTHELLO,Pos. 3,4,< 25%,162,Kenneth E. Caylor,323,Corey Everett,161
Primary_2013,City Council,PACIFIC,Pos. 4,42,> 50%,42,Vic Kave,252,Leanne Guier,210
Primary_2013,City Council,PACIFIC,Pos. 5,42,> 50%,3,Stacy May Knudtson,233,Gary Nitschke,230
Primary_2013,City Council,PORT ORCHARD,At-Large,36,< 25%,589,Jerry Childs,1087,Eric Gonnason,498
Primary_2013,City Council,PORT TOWNSEND,Pos. 1,9,< 25%,1207,Michelle Sandoval,2147,Bob Jautz,940
Primary_2013,City Council,PORT TOWNSEND,Pos. 5,9,< 25%,195,Harold J Sherwood,1558,Pamela Adams,1363
Primary_2013,City Council,PROSSER,Pos. 1,1,< 25%,361,Don Aubrey,568,Trevor Day,207
Primary_2013,City Council,PULLMAN,Pos. 6,94,25-50%,234,Eileen Mac Macoll,959,Marcus Crossler,725
Primary_2013,City Council,QUINCY,Pos. 6,2,< 25%,59,Dustin Petersen,208,Matt Tait,149
Primary_2013,City Council,REARDAN,Pos. 5,0,< 25%,48,Leanne Merkel,98,Joy A. Howard,50
Primary_2013,City Council,RICHLAND,Pos. 7,223,> 50%,209,Melody Reed,3457,Gregory L. Jones,3248
Primary_2013,City Council,SEATAC,Pos. 2,1163,> 50%,197,Rick Forschler,1201,Kathryn Campbell,1004
Primary_2013,City Council,SEATTLE,Pos. 2,8052,> 50%,16079,Richard Conlin,60537,Kshama Sawant,44458
Primary_2013,City Council,SEATTLE,Pos. 8,8052,25-50%,31319,Mike O'Brien,74372,Albert Shen,43053
Primary_2013,City Council,SEDRO-WOOLLEY,At-Large,5,> 50%,4,Brett Sandstrom,666,CharlesChuckOwen,662
Primary_2013,City Council,SPOKANE,District 2,708,< 25%,4077,Jon Snyder,7267,John Ahern,3190
Primary_2013,City Council,SPOKANE,District 3,708,< 25%,2839,Candace Mumm,5619,Michael Cannon,2780
Primary_2013,City Council,SPOKANE,Pos. 4,708,> 50%,281,Ed Pace,3659,Gary Schimmels,3378
Primary_2013,City Council,SUMNER,Pos. 1,16,< 25%,237,Earle Stuard,581,Ed Hannus,344
Primary_2013,City Council,TENINO,Pos. 1,8,< 25%,55,Sirena Painter,139,Bret D. Brodersen,84
Primary_2013,City Council,TUMWATER,Pos. 6,47,> 50%,35,Debbie Sullivan,1149,Kyle Taylor Lucas,1114
Primary_2013,City Council,VANCOUVER,Pos. 1,947,< 25%,4098,Jack Burkman,7769,Micheline Doan,3671
Primary_2013,City Council,VANCOUVER,Pos. 2,947,> 50%,1319,Jeanne E. Stewart,6862,Alishia Topper,5543
Primary_2013,City Council,VANCOUVER,Pos. 3,947,25-50%,1899,Anne McEnerny-Ogle,6175,Frank Decker,4276
Primary_2013,City Council,WASHOUGAL,Pos. 3,41,< 25%,308,Paul Greenlee,771,Lisa D. Voeltz,463
Primary_2013,City Council,WILBUR,Pos. 2,0,< 25%,42,Don R. Rolfe,153,Allan Shaner,111
Primary_2012,City Council,EVERETT,Pos. 5,1359,> 50%,107,Scott Bader,4612,June Robinson,4505
General_2024,City Council,SEATTLE,Pos. 8,8052,< 25%,60550,Alexis Mercedes Rinck,210298,Tanya Woo,149748
Primary_2022,Legislative,District 1,Pos. 1,1495,< 25%,16826,Davina Duerr,28386,John Peeples,11560
Primary_2022,Legislative,District 1,Pos. 2,1495,< 25%,17188,Shelley Kloba,28574,Jerry Buccola,11386
Primary_2022,Legislative,District 2,Pos. 1,227,< 25%,21045,Andrew Barkis,23099,Write-In,2054
Primary_2022,Legislative,District 2,Pos. 2,227,< 25%,14809,JT Wilcox,21893,Edward Meer,7084
Primary_2022,Legislative,District 3,Pos. 1,330,< 25%,11177,Marcus Riccelli,25199,Scotty Nicol,14022
Primary_2022,Legislative,District 3,Pos. 2,330,< 25%,9084,Timm Ormsby,23789,Natalie Poulson,14705
Primary_2022,Legislative,District 4,Pos. 1,213,> 50%,249,Ted Cummings,15003,Suzanne Schmidt,14754
Primary_2022,Legislative,District 4,Pos. 2,213,< 25%,1289,Rob Chase,17616,Leonard Christian,16327
Primary_2022,Legislative,District 5,Pos. 1,774,< 25%,12692,Bill Ramos,25231,Ken Moninski,12539
Primary_2022,Legislative,District 5,Pos. 2,774,< 25%,4648,Lisa Callan,23898,Chad Magendanz,19250
Primary_2022,Legislative,District 6,Pos. 1,356,< 25%,24708,Mike Volz,26366,Write-In,1658
Primary_2022,Legislative,District 6,Pos. 2,356,< 25%,8516,Jenny Graham,23194,Michaela Kelso,14678
Primary_2022,Legislative,District 7,Pos. 1,51,< 25%,17012,Jacquelin Maycumber,27445,Lonny Ray Williams,10433
Primary_2022,Legislative,District 7,Pos. 2,51,< 25%,32364,Joel Kretz,33519,Write-In,1155
Primary_2022,Legislative,District 8,Pos. 1,471,< 25%,15273,Stephanie Barnard,22080,Patrick Guettner,6807
Primary_2022,Legislative,District 8,Pos. 2,471,> 50%,480,April Connors,12715,Joe Cotta,12235
Primary_2022,Legislative,District 9,Pos. 1,168,< 25%,29024,Mary Dye,30577,Write-In,1553
Primary_2022,Legislative,District 9,Pos. 2,168,< 25%,28072,Joe Schmick,29566,Write-In,1494
Primary_2022,Legislative,District 10,Pos. 1,133,< 25%,2000,Clyde Shavers,26165,Greg Gilday,24165
Primary_2022,Legislative,District 10,Pos. 2,133,< 25%,4377,Dave Paul,27619,Karen Lesetmoe,23242
Primary_2022,Legislative,District 11,Pos. 1,2381,< 25%,9977,David Hackney,17845,Stephanie Peters,7868
Primary_2022,Legislative,District 11,Pos. 2,2381,25-50%,9502,Steve Bergquist,17694,Jeanette Burrage,8192
Primary_2022,Legislative,District 12,Pos. 1,380,< 25%,25707,Keith W. Goehner,27759,Write-In,2052
Primary_2022,Legislative,District 12,Pos. 2,380,< 25%,21568,Mike Steele,26249,Robert K Amenn,4681
Primary_2022,Legislative,District 13,Pos. 1,88,< 25%,25136,Tom Dent,25841,Write-In,705
Primary_2022,Legislative,District 13,Pos. 2,88,< 25%,25082,Alex Ybarra,25693,Write-In,611
Primary_2022,Legislative,District 14,Pos. 1,58,< 25%,10737,Chris Corry,19911,Laurene Contreras,9174
Primary_2022,Legislative,District 14,Pos. 2,58,< 25%,13250,Gina Mosbrucker,19429,Liz Hallock,6179
Primary_2022,Legislative,District 15,Pos. 1,172,< 25%,10040,Bruce Chandler,10421,Write-In,381
Primary_2022,Legislative,District 15,Pos. 2,172,< 25%,9734,Bryan Sandlin,10116,Write-In,382
Primary_2022,Legislative,District 16,Pos. 1,172,< 25%,13751,Mark Klicker,24087,Jeff Strickler,10336
Primary_2022,Legislative,District 16,Pos. 2,172,< 25%,15300,Skyler Rude,25281,Jan Corn,9981
Primary_2022,Legislative,District 17,Pos. 1,496,< 25%,9599,Terri Niles,20364,Kevin Waters,10765
Primary_2022,Legislative,District 17,Pos. 2,496,< 25%,6663,Joe Kear,20737,Paul Harris,14074
Primary_2022,Legislative,District 18,Pos. 1,319,< 25%,2410,Stephanie McClintock,22979,John Zingale,20569
Primary_2022,Legislative,District 18,Pos. 2,319,< 25%,10234,Duncan Camacho,19237,Greg Cheney,9003
Primary_2022,Legislative,District 19,Pos. 1,77,< 25%,9844,Jim Walsh,27044,Kelli Hughes-Ham,17200
Primary_2022,Legislative,District 19,Pos. 2,77,< 25%,13182,Joel McEntire,26592,Cara Cusack,13410
Primary_2022,Legislative,District 20,Pos. 1,103,< 25%,31968,Peter Abbarno,33543,Write-In,1575
Primary_2022,Legislative,District 20,Pos. 2,103,< 25%,32102,Ed Orcutt,33653,Write-In,1551
Primary_2022,Legislative,District 21,Pos. 1,1715,< 25%,11821,Strom Peterson,23082,Amy Schaper,11261
Primary_2022,Legislative,District 21,Pos. 2,1715,< 25%,16491,Lillian Ortiz-Self,22621,Petra Bigea,6130
Primary_2022,Legislative,District 22,Pos. 1,416,< 25%,13250,Beth Doglio,22036,Loretta Byrnes,8786
Primary_2022,Legislative,District 22,Pos. 2,416,< 25%,13509,Jessica Bateman,27181,Kate Plager,13672
Primary_2022,Legislative,District 23,Pos. 1,130,< 25%,15618,Tarra Simmons,29956,Janell Hulst,14338
Primary_2022,Legislative,District 23,Pos. 2,130,< 25%,14900,Drew Hansen,30573,Paige A Jarquin,15673
Primary_2022,Legislative,District 24,Pos. 1,68,< 25%,16307,Mike Chapman,32945,Sue Forde,16638
Primary_2022,Legislative,District 24,Pos. 2,68,< 25%,5015,Steve Tharinger,29210,Brian Pruiett,24195
Primary_2022,Legislative,District 25,Pos. 1,359,< 25%,3288,Kelly Chambers,17814,Jamie Smith,14526
Primary_2022,Legislative,District 25,Pos. 2,359,< 25%,17941,Cyndy Jacobsen,20277,Write-In,2336
Primary_2022,Legislative,District 26,Pos. 1,175,> 50%,113,Adison Richards,24900,Spencer Hutchins,24787
Primary_2022,Legislative,District 26,Pos. 2,175,< 25%,4964,Michelle Caldier,27267,Matt Macklin,22303
Primary_2022,Legislative,District 27,Pos. 1,460,< 25%,16239,Laurie Jinkins,24747,Jalonnie Givens Jackson,8508
Primary_2022,Legislative,District 27,Pos. 2,460,< 25%,14824,Jake Fey,24203,Janet Large,9379
Primary_2022,Legislative,District 28,Pos. 1,441,< 25%,10835,Mari Leavitt,16832,Gabe Sachwitz,5997
Primary_2022,Legislative,District 28,Pos. 2,441,< 25%,8216,Dan Bronoske,15866,Susanna Keilman,7650
Primary_2022,Legislative,District 29,Pos. 1,281,< 25%,1353,Melanie Morgan,10220,Brett Johnson,8867
Primary_2022,Legislative,District 29,Pos. 2,281,> 50%,262,Sharlett Mena,9005,David H. Figuracion,8743
Primary_2022,Legislative,District 30,Pos. 1,1330,< 25%,5711,Jamila E. Taylor,13669,Casey Jones,7958
Primary_2022,Legislative,District 30,Pos. 2,1330,> 50%,1493,Kristine Reeves,10883,Ashli Tagoai,9390
Primary_2022,Legislative,District 31,Pos. 1,327,25-50%,1231,Holly Stanton,14462,Drew Stokesbary,13231
Primary_2022,Legislative,District 31,Pos. 2,327,< 25%,22729,Eric E. Robertson,25260,Write-In,2531
Primary_2022,Legislative,District 32,Pos. 1,1771,< 25%,24811,Cindy Ryu,31071,Lori Theis,6260
Primary_2022,Legislative,District 32,Pos. 2,1771,< 25%,23613,Lauren Davis,30862,Anthony Hubbard,7249
Primary_2022,Legislative,District 33,Pos. 1,2936,< 25%,18058,Tina L. Orwall,19401,Write-In,1343
Primary_2022,Legislative,District 33,Pos. 2,2936,< 25%,17450,Mia Su-Ling Gregerson,18841,Write-In,1391
Primary_2022,Legislative,District 34,Pos. 1,1767,< 25%,9712,Emily Alvarado,23002,Leah Griffin,13290
Primary_2022,Legislative,District 34,Pos. 2,1767,< 25%,28897,Joe Fitzgibbon,35778,Andrew Pilloud,6881
Primary_2022,Legislative,District 35,Pos. 1,115,< 25%,7332,Daniel Griffey,28288,James DeHart,20956
Primary_2022,Legislative,District 35,Pos. 2,115,< 25%,8998,Sandy Kaiser,22224,Travis Couture,13226
Primary_2022,Legislative,District 36,Pos. 1,773,< 25%,18516,Julia G. Reed,24548,Jeff Manson,6032
Primary_2022,Legislative,District 36,Pos. 2,773,< 25%,36447,Liz Berry,37407,Write-In,960
Primary_2022,Legislative,District 37,Pos. 1,3259,< 25%,30200,Sharon Tomiko Santos,32796,John Dickinson,2596
Primary_2022,Legislative,District 37,Pos. 2,3259,> 50%,2114,Chipalo Street,14273,Emijah Smith,12159
Primary_2022,Legislative,District 38,Pos. 1,816,< 25%,5337,Julio Cortes,12118,Gary Kemp,6781
Primary_2022,Legislative,District 38,Pos. 2,816,< 25%,5437,Mary Fosse,17268,Mark James,11831
Primary_2022,Legislative,District 39,Pos. 1,362,< 25%,2337,Robert J. Sutherland,12835,Sam Low,10498
Primary_2022,Legislative,District 39,Pos. 2,362,< 25%,3200,Carolyn Eslick,17281,Jessica Wadhams,14081
Primary_2022,Legislative,District 40,Pos. 1,204,< 25%,32035,Debra Lekanoff,34261,Write-In,2226
Primary_2022,Legislative,District 40,Pos. 2,204,< 25%,19547,Alex Ramel,28855,Trevor Smith,9308
Primary_2022,Legislative,District 41,Pos. 1,1714,< 25%,20619,Tana Senn,27958,Mike Nykreim,7339
Primary_2022,Legislative,District 41,Pos. 2,1714,< 25%,17791,My-Linh T. Thai,26270,Al Rosenthal,8479
Primary_2022,Legislative,District 42,Pos. 1,292,< 25%,6997,Alicia Rule,25232,Tawsha (Dykstra) Thompson,18235
Primary_2022,Legislative,District 42,Pos. 2,292,> 50%,502,Joe Timmons,14826,Dan Johnson,14324
Primary_2022,Legislative,District 43,Pos. 1,980,< 25%,29588,Nicole Macri,30161,Write-In,573
Primary_2022,Legislative,District 43,Pos. 2,980,< 25%,28827,Frank Chopp,29531,Write-In,704
Primary_2022,Legislative,District 44,Pos. 1,1359,> 50%,2643,Brandy Donaghy,19978,Mark Harmsworth,17335
Primary_2022,Legislative,District 44,Pos. 2,1359,25-50%,4929,April Berg,21111,Ryne Rohla,16182
Primary_2022,Legislative,District 45,Pos. 1,2310,< 25%,15785,Roger Goodman,27564,Cherese Bourgoin,11779
Primary_2022,Legislative,District 45,Pos. 2,2310,< 25%,20422,Larry Springer,28373,John P. Gibbons,7951
Primary_2022,Legislative,District 46,Pos. 1,1266,< 25%,26490,Gerry Pollet,32734,Hadeel Jeanne,6244
Primary_2022,Legislative,District 46,Pos. 2,1266,> 50%,1495,Darya Farivar,13162,Lelach Rave,11667
Primary_2022,Legislative,District 47,Pos. 1,2308,25-50%,7257,Debra Jean Entenman,16512,Kyle Lyebyedyev,9255
Primary_2022,Legislative,District 47,Pos. 2,2308,> 50%,4148,Chris Stearns,10051,Shukri Olow,5903
Primary_2022,Legislative,District 48,Pos. 1,2036,< 25%,18917,Vandana Slatter,20098,Write-In,1181
Primary_2022,Legislative,District 48,Pos. 2,2036,< 25%,18733,Amy Walen,19935,Write-In,1202
Primary_2022,Legislative,District 49,Pos. 1,397,< 25%,7968,Sharon Wylie,20786,Park Llafet,12818
Primary_2022,Legislative,District 49,Pos. 2,397,< 25%,6824,Monica Jurado Stonier,20299,Jeremy Baker,13475
Primary_2020,Legislative,District 1,Pos. 1,1495,< 25%,18120,Davina Duerr,36117,Adam Bartholomew,17997
Primary_2020,Legislative,District 1,Pos. 2,1495,< 25%,20219,Shelley Kloba,33740,Jeb Brewer,13521
Primary_2020,Legislative,District 2,Pos. 1,227,< 25%,33484,Andrew Barkis,35984,Write-In,2500
Primary_2020,Legislative,District 2,Pos. 2,227,< 25%,6745,JT Wilcox,21387,Veronica Whitcher Rockett,14642
Primary_2020,Legislative,District 3,Pos. 1,330,< 25%,7097,Marcus Riccelli,21707,Laura D Carder,14610
Primary_2020,Legislative,District 3,Pos. 2,330,< 25%,8412,Timm Ormsby,22263,Bob Apple,13851
Primary_2020,Legislative,District 4,Pos. 1,213,< 25%,1452,Bob McCaslin,20120,Lori Feagan,18668
Primary_2020,Legislative,District 4,Pos. 2,213,25-50%,583,Lance Gurel,17503,Rob Chase,16920
Primary_2020,Legislative,District 5,Pos. 1,774,< 25%,13696,Bill Ramos,33297,Ken Moninski,19601
Primary_2020,Legislative,District 5,Pos. 2,774,< 25%,35580,Lisa Callan,38801,Write-In,3221
Primary_2020,Legislative,District 6,Pos. 1,356,< 25%,5022,Mike Volz,27620,Zack Zappone,22598
Primary_2020,Legislative,District 6,Pos. 2,356,< 25%,12717,Jenny Graham,27341,Tom McGarry,14624
Primary_2020,Legislative,District 7,Pos. 1,51,< 25%,25187,Jacquelin Maycumber,40356,Georgia D. Davenport,15169
Primary_2020,Legislative,District 7,Pos. 2,51,< 25%,28925,Joel Kretz,41264,JJ Wandler,12339
Primary_2020,Legislative,District 8,Pos. 1,471,< 25%,16625,Brad Klippert,32491,Shir Regev,15866
Primary_2020,Legislative,District 8,Pos. 2,471,< 25%,28909,Matt Boehnke,36388,Larry Stanley,7479
Primary_2020,Legislative,District 9,Pos. 1,168,< 25%,21193,Mary Dye,29082,Brett Borden,7889
Primary_2020,Legislative,District 9,Pos. 2,168,< 25%,28116,Joe Schmick,29808,Write-In,1692
Primary_2020,Legislative,District 10,Pos. 1,133,< 25%,12364,Greg Gilday,28368,Angie Homola,16004
Primary_2020,Legislative,District 10,Pos. 2,133,< 25%,1033,Bill Bruch,30248,Dave Paul,29215
Primary_2020,Legislative,District 11,Pos. 2,2381,< 25%,16212,Steve Bergquist,27010,Sean Atchison,10798
Primary_2020,Legislative,District 11,Pos. 1,2381,> 50%,4286,David Hackney,16306,Zack Hudgins,12020
Primary_2020,Legislative,District 12,Pos. 1,380,< 25%,14725,Keith Goehner,32409,Adrianne Moore,17684
Primary_2020,Legislative,District 12,Pos. 2,380,< 25%,35113,Mike Steele,37110,Write-In,1997
Primary_2020,Legislative,District 13,Pos. 1,88,< 25%,21583,Tom Dent,31136,Eduardo Castaneda-D√≠az,9553
Primary_2020,Legislative,District 13,Pos. 2,88,< 25%,32043,Alex Ybarra,33029,Write-In,986
Primary_2020,Legislative,District 14,Pos. 1,58,< 25%,10586,Chris Corry,24450,Tracy Rushing,13864
Primary_2020,Legislative,District 14,Pos. 2,58,< 25%,26754,Gina Mosbrucker,28966,Write-In,2212
Primary_2020,Legislative,District 15,Pos. 1,172,< 25%,8653,Bruce Chandler,16545,Jack McEntire,7892
Primary_2020,Legislative,District 15,Pos. 2,172,< 25%,8909,Jeremie Dufault,16691,AJ Cooper,7782
Primary_2020,Legislative,District 16,Pos. 1,172,< 25%,12735,Mark Klicker,25437,Frances Chvatal,12702
Primary_2020,Legislative,District 16,Pos. 2,172,< 25%,15102,Skyler Rude,26461,Carly Coburn,11359
Primary_2020,Legislative,District 17,Pos. 1,496,< 25%,3019,Vicki Kraft,24504,Tanisha L. Harris,21485
Primary_2020,Legislative,District 17,Pos. 2,496,< 25%,14094,Paul Harris,25213,Bryan White,11119
Primary_2020,Legislative,District 18,Pos. 1,319,< 25%,12230,Brandon Vick,34229,Kassandra Bessert,21999
Primary_2020,Legislative,District 18,Pos. 2,319,< 25%,7187,Larry Hoff,31791,Donna L. Sinclair,24604
Primary_2020,Legislative,District 19,Pos. 1,77,< 25%,16678,Jim Walsh,27203,Marianna Everson,10525
Primary_2020,Legislative,District 19,Pos. 2,77,< 25%,3121,Joel McEntire,25081,Brian E. Blake,21960
Primary_2020,Legislative,District 20,Pos. 1,103,< 25%,11312,Peter Abbarno,25368,Timothy Zahn,14056
Primary_2020,Legislative,District 20,Pos. 2,103,< 25%,25486,Ed Orcutt,39842,Will Rollet,14356
Primary_2020,Legislative,District 21,Pos. 1,1715,< 25%,9443,Strom H. Peterson,25272,Brian Thompson,15829
Primary_2020,Legislative,District 21,Pos. 2,1715,< 25%,14639,Lillian Ortiz-Self,29673,Amy Schaper,15034
Primary_2020,Legislative,District 22,Pos. 1,416,< 25%,18718,Laurie Dolan,35514,J. D. Ingram,16796
Primary_2020,Legislative,District 22,Pos. 2,416,25-50%,1416,Dusty Pierpoint,20652,Jessica Bateman,19236
Primary_2020,Legislative,District 23,Pos. 1,130,< 25%,5323,Tarra Simmons,24191,April Ferguson,18868
Primary_2020,Legislative,District 23,Pos. 2,130,< 25%,14997,Drew Hansen,34572,Elaina Gonzales-Blanton,19575
Primary_2020,Legislative,District 24,Pos. 1,68,< 25%,17062,Mike Chapman,34982,Sue Forde,17920
Primary_2020,Legislative,District 24,Pos. 2,68,< 25%,12045,Steve Tharinger,28800,Brian Pruiett,16755
Primary_2020,Legislative,District 25,Pos. 1,359,< 25%,5282,Kelly Chambers,25342,Jamie Smith,20060
Primary_2020,Legislative,District 25,Pos. 2,359,< 25%,4113,Cyndy Jacobsen,24682,Brian Duthie,20569
Primary_2020,Legislative,District 26,Pos. 1,175,< 25%,6691,Jesse L. Young,30095,Carrie Hesch,23404
Primary_2020,Legislative,District 26,Pos. 2,175,< 25%,3269,Joy Stanford,24820,Michelle Caldier,21551
Primary_2020,Legislative,District 27,Pos. 1,460,< 25%,25442,Laurie Jinkins,32636,Ryan Talen,7194
Primary_2020,Legislative,District 27,Pos. 2,460,< 25%,22200,Jake Fey,32871,Barry Knowles,10671
Primary_2020,Legislative,District 28,Pos. 1,441,< 25%,6270,Mari Leavitt,24845,Kevin Ballard,18575
Primary_2020,Legislative,District 28,Pos. 2,441,< 25%,11862,Dan Bronoske,22679,Chris Nye,10817
Primary_2020,Legislative,District 29,Pos. 1,281,< 25%,7241,Melanie Morgan,18509,Koshin Mohamed Fidaar,11268
Primary_2020,Legislative,District 29,Pos. 2,281,< 25%,2544,Terry Harder,11874,Steve Kirby,9330
Primary_2020,Legislative,District 30,Pos. 1,1330,< 25%,5924,Jamila Taylor,15773,Martin A. Moore,9849
Primary_2020,Legislative,District 30,Pos. 2,1330,< 25%,8531,Jesse Johnson,20606,Jack Walsh,12075
Primary_2020,Legislative,District 31,Pos. 1,327,< 25%,15937,Drew Stokesbary,32702,Katie Young,16765
Primary_2020,Legislative,District 31,Pos. 2,327,< 25%,1788,Eric E. Robertson,19096,Thomas R. Clark,17308
Primary_2020,Legislative,District 32,Pos. 1,1771,< 25%,18273,Cindy Ryu,29641,Shirley Sutton,11368
Primary_2020,Legislative,District 32,Pos. 2,1771,< 25%,27124,Lauren Davis,34915,Tamra Smilanich,7791
Primary_2020,Legislative,District 33,Pos. 1,2936,< 25%,24490,Tina L. Orwall,26424,Write-In,1934
Primary_2020,Legislative,District 33,Pos. 2,2936,< 25%,16946,Mia Su-Ling Gregerson,24105,Marliza Melzer,7159
Primary_2020,Legislative,District 34,Pos. 1,1767,< 25%,47730,Eileen L. Cody,49238,Write-In,1508
Primary_2020,Legislative,District 34,Pos. 2,1767,< 25%,47741,Joe Fitzgibbon,49241,Write-In,1500
Primary_2020,Legislative,District 35,Pos. 1,115,< 25%,9225,Dan Griffey,32459,Colton Myers,23234
Primary_2020,Legislative,District 35,Pos. 2,115,< 25%,7217,Drew C. MacEwen,30723,Darcy Huffman,23506
Primary_2020,Legislative,District 36,Pos. 1,773,< 25%,56572,Noel Christina Frame,57886,Write-In,1314
Primary_2020,Legislative,District 36,Pos. 2,773,< 25%,5968,Liz Berry,33333,Sarah Reyneveld,27365
Primary_2020,Legislative,District 37,Pos. 1,3259,< 25%,33887,Sharon Tomiko Santos,40028,John Stafford,6141
Primary_2020,Legislative,District 37,Pos. 2,3259,< 25%,14799,Kirsten Harris-Talley,26940,Chukundi Salisbury,12141
Primary_2020,Legislative,District 38,Pos. 1,816,< 25%,4541,Emily Wicks,19502,Bert Johnson,14961
Primary_2020,Legislative,District 38,Pos. 2,816,< 25%,13647,Mike Sells,25215,David Wiley,11568
Primary_2020,Legislative,District 39,Pos. 1,362,< 25%,11382,Robert J. Sutherland,30685,Claus Joens,19303
Primary_2020,Legislative,District 39,Pos. 2,362,< 25%,6614,Carolyn Eslick,24389,Ryan Johnson,17775
Primary_2020,Legislative,District 40,Pos. 1,204,< 25%,39155,Debra Lekanoff,41704,Write-In,2549
Primary_2020,Legislative,District 40,Pos. 2,204,< 25%,21410,Alex Ramel,39524,Russ Dzialo,18114
Primary_2020,Legislative,District 41,Pos. 1,1714,< 25%,36320,Tana Senn,38802,Write-In,2482
Primary_2020,Legislative,District 41,Pos. 2,1714,< 25%,16613,My-Linh Thai,30617,Al Rosenthal,14004
Primary_2020,Legislative,District 42,Pos. 1,292,< 25%,2368,Luanne Van Werven,32535,Alicia Rule,30167
Primary_2020,Legislative,District 42,Pos. 2,292,25-50%,591,Jennifer Sefzik,31599,Sharon Shewmake,31008
Primary_2020,Legislative,District 43,Pos. 1,980,< 25%,55004,Nicole Macri,59163,Leslie Klein,4159
Primary_2020,Legislative,District 43,Pos. 2,980,< 25%,11777,Frank Chopp,31414,Sherae Lascelles,19637
Primary_2020,Legislative,District 44,Pos. 1,1359,< 25%,6120,John Lovick,30314,John T. Kartak,24194
Primary_2020,Legislative,District 44,Pos. 2,1359,< 25%,8007,Mark A. James,25594,April Berg,17587
Primary_2020,Legislative,District 45,Pos. 1,2310,< 25%,24633,Roger Goodman,39079,John P. Gibbons,14446
Primary_2020,Legislative,District 45,Pos. 2,2310,< 25%,19265,Larry Springer,36657,Amber Krabach,17392
Primary_2020,Legislative,District 46,Pos. 1,1266,< 25%,44949,Gerry Pollet,53779,Eric J. Brown,8830
Primary_2020,Legislative,District 46,Pos. 2,1266,< 25%,41328,Javier Valdez,52007,Beth Daranciang,10679
Primary_2020,Legislative,District 47,Pos. 2,2308,< 25%,10900,Pat Sullivan,23717,Ted Cooke,12817
Primary_2020,Legislative,District 47,Pos. 1,2308,25-50%,5874,Debra Entenman,23837,Kyle Lyebyedyev,17963
Primary_2020,Legislative,District 48,Pos. 1,2036,< 25%,19371,Vandana Slatter,30657,Victor H. Bishop,11286
Primary_2020,Legislative,District 48,Pos. 2,2036,< 25%,17871,Amy Walen,28930,Tim J. Hickey,11059
Primary_2020,Legislative,District 49,Pos. 1,397,< 25%,10624,Sharon Wylie,23149,Justin Forsman,12525
Primary_2020,Legislative,District 49,Pos. 2,397,< 25%,11201,Monica Stonier,24130,Park Llafet,12929
Primary_2019,Legislative,District 13,Pos. 2,88,< 25%,9411,Alex Ybarra,16406,Steve Verhey,6995
Primary_2018,Legislative,District 1,Pos. 1,1495,< 25%,14735,Derek Stanford,23927,Josh Colver,9192
Primary_2018,Legislative,District 1,Pos. 2,1495,< 25%,11496,Shelley Kloba,22638,Debra Blodgett,11142
Primary_2018,Legislative,District 2,Pos. 1,227,< 25%,3826,Andrew Barkis,15337,Anneliese Feld,11511
Primary_2018,Legislative,District 2,Pos. 2,227,< 25%,18853,JT Wilcox,18853,,0
Primary_2018,Legislative,District 3,Pos. 1,330,< 25%,9722,Marcus Riccelli,20597,Tom Taylor,10875
Primary_2018,Legislative,District 3,Pos. 2,330,< 25%,9085,Timm Ormsby,20352,Dave Lucas,11267
Primary_2018,Legislative,District 4,Pos. 1,213,< 25%,6168,Matt Shea,23934,Ted Cummings,17766
Primary_2018,Legislative,District 4,Pos. 2,213,< 25%,9299,Bob McCaslin,25518,Mary May,16219
Primary_2018,Legislative,District 5,Pos. 1,774,< 25%,3463,Bill Ramos,23148,Chad Magendanz,19685
Primary_2018,Legislative,District 5,Pos. 2,774,< 25%,3494,Lisa Callan,22806,Paul Graves,19312
Primary_2018,Legislative,District 6,Pos. 1,356,> 50%,228,Mike Volz,22031,Kay Murano,21803
Primary_2018,Legislative,District 6,Pos. 2,356,< 25%,2850,Dave Wilson,17033,Jenny Graham,14183
Primary_2018,Legislative,District 7,Pos. 1,51,< 25%,15392,Jacquelin Maycumber,30181,Randall (Randy) Michaelis,14789
Primary_2018,Legislative,District 7,Pos. 2,51,< 25%,22405,Joel Kretz,29650,Mike Bell,7245
Primary_2018,Legislative,District 8,Pos. 1,471,< 25%,5107,Brad Klippert,15612,Shir Regev,10505
Primary_2018,Legislative,District 8,Pos. 2,471,> 50%,784,Matt Boehnke,12164,Christopher Tracy,11380
Primary_2018,Legislative,District 9,Pos. 1,168,< 25%,8242,Mary Dye,19479,Jenn Goulet,11237
Primary_2018,Legislative,District 9,Pos. 2,168,< 25%,6317,Joe Schmick,18267,Matthew Sutherland,11950
Primary_2018,Legislative,District 10,Pos. 1,133,< 25%,553,Scott McMullen,21584,Norma Smith,21031
Primary_2018,Legislative,District 10,Pos. 2,133,< 25%,2411,Dave Paul,22259,Dave Hayes,19848
Primary_2018,Legislative,District 11,Pos. 1,2381,< 25%,18948,Zack Hudgins,18948,,0
Primary_2018,Legislative,District 11,Pos. 2,2381,< 25%,19019,Steve Bergquist,19019,,0
Primary_2018,Legislative,District 12,Pos. 1,380,< 25%,4882,Keith Goehner,15280,Ann Diamond,10398
Primary_2018,Legislative,District 12,Pos. 2,380,< 25%,9492,Mike Steele,20323,Valerie Sarratt,10831
Primary_2018,Legislative,District 13,Pos. 1,88,< 25%,11427,Tom Dent,19685,Jesse Hegstrom Oakey,8258
Primary_2018,Legislative,District 13,Pos. 2,88,< 25%,7560,Matt Manweller,17802,Sylvia Hammond,10242
Primary_2018,Legislative,District 14,Pos. 1,58,< 25%,2379,Chris Corry,11879,Sasha Bentley,9500
Primary_2018,Legislative,District 14,Pos. 2,58,< 25%,9142,Gina Mosbrucker,17265,Liz Hallock,8123
Primary_2018,Legislative,District 15,Pos. 1,172,< 25%,5868,Bruce Chandler,11882,Jack McEntire,6014
Primary_2018,Legislative,District 15,Pos. 2,172,< 25%,3568,Jeremie Dufault,8270,A.J. Cooper,4702
Primary_2018,Legislative,District 16,Pos. 1,172,< 25%,7309,William 'Bill' Jenkin,17169,Everett Maroon,9860
Primary_2018,Legislative,District 16,Pos. 2,172,> 50%,340,Rebecca Francik,10187,Skyler Rude,9847
Primary_2018,Legislative,District 17,Pos. 1,496,25-50%,1664,Vicki Kraft,14459,Tanisha Harris,12795
Primary_2018,Legislative,District 17,Pos. 2,496,< 25%,2848,Paul Harris,15907,"Damion E Jiles, Sr.",13059
Primary_2018,Legislative,District 18,Pos. 1,319,< 25%,1363,Brandon Vick,18748,Chris Thobaben,17385
Primary_2018,Legislative,District 18,Pos. 2,319,< 25%,1533,Kathy Gillespie,18883,Larry A. Hoff,17350
Primary_2018,Legislative,District 19,Pos. 1,77,> 50%,136,Jim Walsh,17605,Erin Frasier,17469
Primary_2018,Legislative,District 19,Pos. 2,77,< 25%,12569,Brian E. Blake,20067,Joel McEntire,7498
Primary_2018,Legislative,District 20,Pos. 1,103,< 25%,6690,Richard DeBolt,19564,John Thompson,12874
Primary_2018,Legislative,District 20,Pos. 2,103,< 25%,7517,Ed Orcutt,18893,Brennan Bailey,11376
Primary_2018,Legislative,District 21,Pos. 1,1715,< 25%,10236,Strom Peterson,20498,Amy Schaper,10262
Primary_2018,Legislative,District 21,Pos. 2,1715,< 25%,10096,Lillian Ortiz-Self,20597,Petra Bigea,10501
Primary_2018,Legislative,District 22,Pos. 1,416,< 25%,19278,Laurie Dolan,28403,C Davis,9125
Primary_2018,Legislative,District 22,Pos. 2,416,< 25%,20104,Beth Doglio,28425,Allen Acosta,8321
Primary_2018,Legislative,District 23,Pos. 1,130,< 25%,9622,Sherry V. Appleton,22328,Becky Erickson,12706
Primary_2018,Legislative,District 23,Pos. 2,130,< 25%,26504,Drew Hansen,26504,,0
Primary_2018,Legislative,District 24,Pos. 1,68,< 25%,9861,Mike Chapman,29069,Jodi Wilke,19208
Primary_2018,Legislative,District 24,Pos. 2,68,< 25%,8404,Steve Tharinger,28080,Jim McEntire,19676
Primary_2018,Legislative,District 25,Pos. 1,359,< 25%,2541,Kelly Chambers,10036,Jamie Smith,7495
Primary_2018,Legislative,District 25,Pos. 2,359,> 50%,322,Chris Gildon,12533,Brian Duthie,12211
Primary_2018,Legislative,District 26,Pos. 1,175,< 25%,2707,Connie FitzPatrick,19515,Jesse L. Young,16808
Primary_2018,Legislative,District 26,Pos. 2,175,< 25%,2764,Joy Stanford,16775,Michelle Caldier,14011
Primary_2018,Legislative,District 27,Pos. 1,460,< 25%,13737,Laurie Jinkins,21678,Kyle Paskewitz,7941
Primary_2018,Legislative,District 27,Pos. 2,460,< 25%,15033,Jake Fey,21575,Donald Golden,6542
Primary_2018,Legislative,District 28,Pos. 1,441,< 25%,1894,Mari Leavitt,15724,Richard (Dick) Muri,13830
Primary_2018,Legislative,District 28,Pos. 2,441,< 25%,5079,Christine Kilduff,17253,Maia Espinoza,12174
Primary_2018,Legislative,District 29,Pos. 1,281,< 25%,2894,Melanie Morgan,7125,Terry Harder,4231
Primary_2018,Legislative,District 29,Pos. 2,281,< 25%,12043,Steve Kirby,12043,,0
Primary_2018,Legislative,District 30,Pos. 1,1330,25-50%,4569,Mike Pellicciotti,15043,Linda Kochmar,10474
Primary_2018,Legislative,District 30,Pos. 2,1330,< 25%,6449,Kristine M. Reeves,15747,Mark Greene,9298
Primary_2018,Legislative,District 31,Pos. 1,327,< 25%,4037,Drew Stokesbary,17966,Victoria Mena,13929
Primary_2018,Legislative,District 31,Pos. 2,327,< 25%,4539,Morgan Irwin,17353,Mark Boswell,12814
Primary_2018,Legislative,District 32,Pos. 1,1771,< 25%,19204,Cindy Ryu,27207,Diodato (Dio) Boucsieguez,8003
Primary_2018,Legislative,District 32,Pos. 2,1771,< 25%,10908,Lauren Davis,19821,Frank Deisler,8913
Primary_2018,Legislative,District 33,Pos. 1,2936,< 25%,18201,Tina L. Orwall,18201,,0
Primary_2018,Legislative,District 33,Pos. 2,2936,25-50%,7939,Mia Su-Ling Gregerson,15992,Anthony L. Lamb,8053
Primary_2018,Legislative,District 34,Pos. 1,1767,< 25%,35619,Eileen L. Cody,35619,,0
Primary_2018,Legislative,District 34,Pos. 2,1767,< 25%,35410,Joe Fitzgibbon,35410,,0
Primary_2018,Legislative,District 35,Pos. 1,115,< 25%,2156,Dan Griffey,19606,James Thomas,17450
Primary_2018,Legislative,District 35,Pos. 2,115,< 25%,468,David Daggett,18674,Drew C. MacEwen,18206
Primary_2018,Legislative,District 36,Pos. 1,773,< 25%,39243,Noel Christina Frame,44691,Sydney Gillman Wissel,5448
Primary_2018,Legislative,District 36,Pos. 2,773,< 25%,37141,Gael Tarleton,43785,Matt Dubin,6644
Primary_2018,Legislative,District 37,Pos. 1,3259,< 25%,31940,Sharon Tomiko Santos,31940,,0
Primary_2018,Legislative,District 37,Pos. 2,3259,< 25%,28834,Eric Pettigrew,31627,Tamra Smilanich,2793
Primary_2018,Legislative,District 38,Pos. 1,816,< 25%,8314,June Robinson,16071,Bert Johnson,7757
Primary_2018,Legislative,District 38,Pos. 2,816,< 25%,18525,Mike Sells,18525,,0
Primary_2018,Legislative,District 39,Pos. 1,362,< 25%,1892,Ivan Lewis,13692,Robert J. Sutherland,11800
Primary_2018,Legislative,District 39,Pos. 2,362,< 25%,2878,Carolyn Eslick,16485,Eric Halvorson,13607
Primary_2018,Legislative,District 40,Pos. 1,204,< 25%,2877,Debra Lekanoff,11323,Michael Petrish,8446
Primary_2018,Legislative,District 40,Pos. 2,204,< 25%,28016,Jeff Morris,28016,,0
Primary_2018,Legislative,District 41,Pos. 1,1714,< 25%,12486,Tana Senn,25894,Tim Cruickshank,13408
Primary_2018,Legislative,District 41,Pos. 2,1714,25-50%,4563,My-Linh Thai,17144,Michael Appleby,12581
Primary_2018,Legislative,District 42,Pos. 1,292,< 25%,2685,Justin Boneau,21125,Luanne Van Werven,18440
Primary_2018,Legislative,District 42,Pos. 2,292,< 25%,1896,Sharon Shewmake,21733,Vincent Buys,19837
Primary_2018,Legislative,District 43,Pos. 1,980,< 25%,38471,Nicole Macri,42610,John Peeples,4139
Primary_2018,Legislative,District 43,Pos. 2,980,< 25%,36898,Frank Chopp,41067,Claire Torstenbo,4169
Primary_2018,Legislative,District 44,Pos. 1,1359,25-50%,5028,John Lovick,19992,Jeff Sax,14964
Primary_2018,Legislative,District 44,Pos. 2,1359,> 50%,2360,Jared M. Mead,18871,Mark Harmsworth,16511
Primary_2018,Legislative,District 45,Pos. 1,2310,< 25%,14409,Roger Goodman,27505,Michael Curtis,13096
Primary_2018,Legislative,District 45,Pos. 2,2310,< 25%,14470,Larry Springer,27501,Amber Krabach,13031
Primary_2018,Legislative,District 46,Pos. 1,1266,< 25%,31640,Gerry Pollet,39569,Jeff Patton,7929
Primary_2018,Legislative,District 46,Pos. 2,1266,< 25%,31788,Javier Valdez,39571,Jerry Zeiger-Buccola,7783
Primary_2018,Legislative,District 47,Pos. 1,2308,> 50%,289,Mark Hargrove,14719,Debra Entenman,14430
Primary_2018,Legislative,District 47,Pos. 2,2308,< 25%,10164,Pat Sullivan,17394,Ted Cooke,7230
Primary_2018,Legislative,District 48,Pos. 1,2036,< 25%,23074,Vandana Slatter,23074,,0
Primary_2018,Legislative,District 48,Pos. 2,2036,< 25%,13568,Amy Walen,19758,Cindi Bright,6190
Primary_2018,Legislative,District 49,Pos. 1,397,< 25%,21439,Sharon Wylie,21439,,0
Primary_2018,Legislative,District 49,Pos. 2,397,< 25%,21419,Monica Jurado Stonier,21419,,0
Primary_2017,Legislative,District 48,Pos. 1,2036,< 25%,12666,Vandana Slatter,17888,Ciaran Dougherty,5222
Primary_2017,Legislative,District 7,Pos. 1,51,< 25%,9524,Jacquelin Maycumber,19599,Susan Swanson,10075
Primary_2017,Legislative,District 31,Pos. 2,327,< 25%,3113,Morgan Irwin,12658,Nate Lowry,9545
Primary_2016,Legislative,District 1,Pos. 1,1495,< 25%,7486,Derek Stanford,14512,Neil Thannisch,7026
Primary_2016,Legislative,District 1,Pos. 2,1495,> 50%,2446,Jim Langston,11657,Shelley Kloba,9211
Primary_2016,Legislative,District 2,Pos. 1,227,< 25%,3726,Andrew Barkis,13670,Amy Pivetta Hoffman,9944
Primary_2016,Legislative,District 2,Pos. 2,227,< 25%,11145,JT Wilcox,15708,Derek Maynes,4563
Primary_2016,Legislative,District 3,Pos. 1,330,< 25%,8488,Marcus Riccelli,14148,Randy McGlenn II,5660
Primary_2016,Legislative,District 3,Pos. 2,330,< 25%,7168,Timm Ormsby,13335,Laura Carder,6167
Primary_2016,Legislative,District 4,Pos. 1,213,< 25%,5936,Matt Shea,17226,Scott V. Stucker,11290
Primary_2016,Legislative,District 4,Pos. 2,213,< 25%,21234,Bob McCaslin,21234,,0
Primary_2016,Legislative,District 5,Pos. 1,774,25-50%,2596,Jay Rodne,16052,Jason Ritchie,13456
Primary_2016,Legislative,District 5,Pos. 2,774,25-50%,2829,Paul Graves,13843,Darcy Burner,11014
Primary_2016,Legislative,District 6,Pos. 1,356,< 25%,4074,Lynnette Vehrs,13022,Mike Volz,8948
Primary_2016,Legislative,District 6,Pos. 2,356,< 25%,4869,Jeff Holy,17704,Shar Lichty,12835
Primary_2016,Legislative,District 7,Pos. 1,51,< 25%,25075,Shelly Short,25075,,0
Primary_2016,Legislative,District 7,Pos. 2,51,< 25%,17044,Joel Kretz,23161,Mike Foster,6117
Primary_2016,Legislative,District 8,Pos. 1,471,< 25%,5483,Brad Klippert,13116,Rick Jansons,7633
Primary_2016,Legislative,District 8,Pos. 2,471,< 25%,6541,Larry Haler,14829,Steve Simmons,8288
Primary_2016,Legislative,District 9,Pos. 1,168,< 25%,6116,Mary Dye,12813,Jennifer Goulet,6697
Primary_2016,Legislative,District 9,Pos. 2,168,< 25%,16816,Joe Schmick,16816,,0
Primary_2016,Legislative,District 10,Pos. 1,133,< 25%,14562,Norma Smith,23012,Michael Scott,8450
Primary_2016,Legislative,District 10,Pos. 2,133,< 25%,4257,Dave Hayes,19717,Doris Brevoort,15460
Primary_2016,Legislative,District 11,Pos. 2,2381,< 25%,15523,Steve Bergquist,15523,,0
Primary_2016,Legislative,District 11,Pos. 1,2381,25-50%,6500,Zack Hudgins,13201,Erin Smith Aboudara,6701
Primary_2016,Legislative,District 12,Pos. 1,380,< 25%,7969,Cary Condotta,17897,Dan Maher,9928
Primary_2016,Legislative,District 12,Pos. 2,380,< 25%,2128,Mike Steele,8129,Jerry Paine,6001
Primary_2016,Legislative,District 13,Pos. 1,88,< 25%,17101,Tom Dent,17101,,0
Primary_2016,Legislative,District 13,Pos. 2,88,< 25%,8593,Matt Manweller,14883,Jordan Webb,6290
Primary_2016,Legislative,District 14,Pos. 1,58,< 25%,7753,Norm Johnson,14920,Susan Soto Palmer,7167
Primary_2016,Legislative,District 14,Pos. 2,58,< 25%,7503,Gina McCabe,14759,John Eric Adams,7256
Primary_2016,Legislative,District 15,Pos. 1,172,< 25%,10528,Bruce Chandler,10528,,0
Primary_2016,Legislative,District 15,Pos. 2,172,< 25%,929,David V. Taylor,4962,AJ Cooper,4033
Primary_2016,Legislative,District 16,Pos. 1,172,< 25%,1511,Rebecca Francik,5933,William 'Bill' Jenkin,4422
Primary_2016,Legislative,District 16,Pos. 2,172,< 25%,6894,Terry R. Nealey,12914,Gary Downing,6020
Primary_2016,Legislative,District 17,Pos. 1,496,< 25%,2809,Vicki Kraft,7714,Sam Kim,4905
Primary_2016,Legislative,District 17,Pos. 2,496,25-50%,1813,Paul Harris,10633,Martin Hash,8820
Primary_2016,Legislative,District 18,Pos. 1,319,< 25%,7313,Brandon Vick,16197,Justin Oberg,8884
Primary_2016,Legislative,District 18,Pos. 2,319,< 25%,3802,Liz Pike,11972,Kathy Gillespie,8170
Primary_2016,Legislative,District 19,Pos. 1,77,< 25%,1264,Jim Walsh,7675,Teresa Purcell,6411
Primary_2016,Legislative,District 19,Pos. 2,77,< 25%,4210,Brian E. Blake,14470,Jimi O'Hagan,10260
Primary_2016,Legislative,District 20,Pos. 1,103,< 25%,19080,Richard DeBolt,19080,,0
Primary_2016,Legislative,District 20,Pos. 2,103,< 25%,19699,Ed Orcutt,19699,,0
Primary_2016,Legislative,District 21,Pos. 1,1715,< 25%,13357,Strom Peterson,18958,Alex Hels,5601
Primary_2016,Legislative,District 21,Pos. 2,1715,25-50%,6311,Lillian Ortiz-Self,14760,Jeff Scherrer,8449
Primary_2016,Legislative,District 22,Pos. 2,416,< 25%,23257,Beth Doglio,23257,,0
Primary_2016,Legislative,District 22,Pos. 1,416,25-50%,1121,Laurie Dolan,10352,Donald Austin,9231
Primary_2016,Legislative,District 23,Pos. 1,130,< 25%,8605,Sherry V. Appleton,16475,Loretta Byrnes,7870
Primary_2016,Legislative,District 23,Pos. 2,130,< 25%,22258,Drew Hansen,22258,,0
Primary_2016,Legislative,District 24,Pos. 1,68,< 25%,3267,Mike Chapman,16506,George Vrable,13239
Primary_2016,Legislative,District 24,Pos. 2,68,< 25%,7719,Steve Tharinger,21567,John D. Alger,13848
Primary_2016,Legislative,District 25,Pos. 1,359,< 25%,3953,Melanie Stambaugh,14155,Jamie Smith,10202
Primary_2016,Legislative,District 25,Pos. 2,359,< 25%,3386,Joyce McDonald,13805,Michelle Chatterton,10419
Primary_2016,Legislative,District 26,Pos. 1,175,< 25%,1016,Jesse L. Young,12291,Larry Seaquist,11275
Primary_2016,Legislative,District 26,Pos. 2,175,< 25%,4145,Michelle Caldier,17103,Randy Spitzer,12958
Primary_2016,Legislative,District 27,Pos. 1,460,< 25%,18810,Laurie Jinkins,18810,,0
Primary_2016,Legislative,District 27,Pos. 2,460,< 25%,18835,Jake Fey,18835,,0
Primary_2016,Legislative,District 28,Pos. 1,441,< 25%,3534,Richard Dick Muri,13794,Mari Leavitt,10260
Primary_2016,Legislative,District 28,Pos. 2,441,< 25%,6153,Christine Kilduff,13447,Paul Wagemann,7294
Primary_2016,Legislative,District 29,Pos. 2,281,< 25%,3649,Steve Kirby,9633,Jessica Garcia,5984
Primary_2016,Legislative,District 29,Pos. 1,281,25-50%,871,David Sawyer,6252,Rick Thomas,5381
Primary_2016,Legislative,District 30,Pos. 1,1330,> 50%,955,Mike Pellicciotti,10828,Linda Kochmar,9873
Primary_2016,Legislative,District 30,Pos. 2,1330,> 50%,68,Kristine Reeves,10412,Teri Hickel,10344
Primary_2016,Legislative,District 31,Pos. 1,327,< 25%,11139,Drew Stokesbary,17184,John Frostad,6045
Primary_2016,Legislative,District 31,Pos. 2,327,25-50%,871,Phil Fortunato,9878,Lane Walthers,9007
Primary_2016,Legislative,District 32,Pos. 1,1771,< 25%,17247,Cindy Ryu,22927,Alvin Rutledge,5680
Primary_2016,Legislative,District 32,Pos. 2,1771,< 25%,13275,Ruth Kagi,20221,David D. Schirle,6946
Primary_2016,Legislative,District 33,Pos. 2,2936,> 50%,5831,Mia Su-Ling Gregerson,13098,Pamela Pollock,7267
Primary_2016,Legislative,District 33,Pos. 1,2936,25-50%,8591,Tina L. Orwall,14207,John Potter,5616
Primary_2016,Legislative,District 34,Pos. 1,1767,< 25%,20422,Eileen L. Cody,26189,Matthew Benson,5767
Primary_2016,Legislative,District 34,Pos. 2,1767,< 25%,22163,Joe Fitzgibbon,28967,Andrew Pilloud,6804
Primary_2016,Legislative,District 35,Pos. 1,115,< 25%,2825,Dan Griffey,17267,Irene Bowling,14442
Primary_2016,Legislative,District 35,Pos. 2,115,< 25%,2371,Drew C. MacEwen,16774,Craig Patti,14403
Primary_2016,Legislative,District 36,Pos. 1,773,< 25%,33154,Noel Christina Frame,33154,,0
Primary_2016,Legislative,District 36,Pos. 2,773,< 25%,33330,Gael Tarleton,33330,,0
Primary_2016,Legislative,District 37,Pos. 1,3259,< 25%,25184,Sharon Tomiko Santos,27183,John Dickinson,1999
Primary_2016,Legislative,District 37,Pos. 2,3259,< 25%,22972,Eric Pettigrew,26097,Tamra Smilanich,3125
Primary_2016,Legislative,District 38,Pos. 1,816,< 25%,16294,June Robinson,16294,,0
Primary_2016,Legislative,District 38,Pos. 2,816,< 25%,7898,Mike Sells,14227,Bert Johnson,6329
Primary_2016,Legislative,District 39,Pos. 1,362,< 25%,4951,Dan Kristiansen,15334,Linda M. Wright,10383
Primary_2016,Legislative,District 39,Pos. 2,362,< 25%,4901,John Koster,14821,Ronda Metcalf,9920
Primary_2016,Legislative,District 40,Pos. 1,204,< 25%,22955,Kristine Lytton,22955,,0
Primary_2016,Legislative,District 40,Pos. 2,204,< 25%,22430,Jeff Morris,22430,,0
Primary_2016,Legislative,District 41,Pos. 1,1714,< 25%,9017,Tana Senn,19436,John Pass,10419
Primary_2016,Legislative,District 41,Pos. 2,1714,25-50%,6644,Judy Clibborn,16533,Michael Appleby,9889
Primary_2016,Legislative,District 42,Pos. 1,292,< 25%,3752,Luanne Van Werven,16834,Sharlaine LaClair,13082
Primary_2016,Legislative,District 42,Pos. 2,292,< 25%,6541,Vincent Buys,17408,Tracy Atwood,10867
Primary_2016,Legislative,District 43,Pos. 1,980,< 25%,10683,Nicole Macri,20180,Dan Shih,9497
Primary_2016,Legislative,District 43,Pos. 2,980,< 25%,31930,Frank Chopp,31930,,0
Primary_2016,Legislative,District 44,Pos. 2,1359,< 25%,5482,Mark Harmsworth,14598,Katrina Ondracek,9116
Primary_2016,Legislative,District 44,Pos. 1,1359,> 50%,1363,John Lovick,14833,Janice Huxford,13470
Primary_2016,Legislative,District 45,Pos. 2,2310,< 25%,21017,Larry Springer,21017,,0
Primary_2016,Legislative,District 45,Pos. 1,2310,25-50%,6766,Roger Goodman,17801,Ramiro Valderrama,11035
Primary_2016,Legislative,District 46,Pos. 1,1266,< 25%,28848,Gerry Pollet,33327,Stephanie Heart Viskovich,4479
Primary_2016,Legislative,District 46,Pos. 2,1266,< 25%,32170,Jessyn Farrell,32170,,0
Primary_2016,Legislative,District 47,Pos. 1,2308,> 50%,3708,Mark Hargrove,13050,Brooke Valentine,9342
Primary_2016,Legislative,District 47,Pos. 2,2308,> 50%,2902,Pat Sullivan,12692,Barry Knowles,9790
Primary_2016,Legislative,District 48,Pos. 1,2036,< 25%,11387,Patty Kuderer,17504,Michelle Darnell,6117
Primary_2016,Legislative,District 48,Pos. 2,2036,< 25%,12903,Joan McBride,18157,Benjamin Judah Phelps,5254
Primary_2016,Legislative,District 49,Pos. 1,397,< 25%,9442,Sharon Wylie,13823,Kaitlyn Beck,4381
Primary_2016,Legislative,District 49,Pos. 2,397,< 25%,2053,Monica Jurado Stonier,8367,Alishia Topper,6314
Primary_2015,Legislative,District 9,Pos. 1,168,< 25%,4233,Mary Dye,"9,132",Richard Lathim,"4,899"
Primary_2015,Legislative,District 30,Pos. 2,1330,> 50%,536,Teri Hickel,7982,Carol Gregory,7446
Primary_2014,Legislative,District 1,Pos. 1,1495,< 25%,14367,Derek Stanford,14367,,0
Primary_2014,Legislative,District 1,Pos. 2,1495,> 50%,146,Luis Moscoso,9008,Edward J. Barton,8862
Primary_2014,Legislative,District 2,Pos. 1,227,< 25%,3600,Graham Hunt,11010,Greg Hartman,7410
Primary_2014,Legislative,District 2,Pos. 2,227,< 25%,9047,J.T. Wilcox,12496,Steven Nielson,3449
Primary_2014,Legislative,District 3,Pos. 1,330,< 25%,4789,Marcus Riccelli,11873,Tim Benn,7084
Primary_2014,Legislative,District 3,Pos. 2,330,< 25%,7932,Timm Ormsby,14019,Paul Delaney,6087
Primary_2014,Legislative,District 4,Pos. 1,213,< 25%,3764,Bob McCaslin,11876,Diana Wilhite,8112
Primary_2014,Legislative,District 4,Pos. 2,213,< 25%,2893,Matt Shea,14798,Josh Arritola,11905
Primary_2014,Legislative,District 5,Pos. 1,774,< 25%,3456,Jay Rodne,13112,Essie Hicks,9656
Primary_2014,Legislative,District 5,Pos. 2,774,< 25%,5358,Chad Magendanz,12733,David Spring,7375
Primary_2014,Legislative,District 6,Pos. 1,356,< 25%,8516,Kevin Parker,19991,Donald Dover,11475
Primary_2014,Legislative,District 6,Pos. 2,356,< 25%,22228,Jeff Holy,22228,,0
Primary_2014,Legislative,District 7,Pos. 1,51,< 25%,17953,Shelly Short,23704,James R. Apker,5751
Primary_2014,Legislative,District 7,Pos. 2,51,< 25%,20493,Joel Kretz,24902,Ronnie Rae,4409
Primary_2014,Legislative,District 8,Pos. 1,471,< 25%,21725,Brad Klippert,21725,,0
Primary_2014,Legislative,District 8,Pos. 2,471,< 25%,14809,Larry Haler,21434,Eric Kalia,6625
Primary_2014,Legislative,District 9,Pos. 1,168,< 25%,18679,Susan Fagan,18679,,0
Primary_2014,Legislative,District 9,Pos. 2,168,< 25%,18331,Joe Schmick,18331,,0
Primary_2014,Legislative,District 10,Pos. 1,133,< 25%,15371,Norma Smith,21174,Michael Scott,5803
Primary_2014,Legislative,District 10,Pos. 2,133,< 25%,6402,Dave Hayes,14049,Nick Petrish,7647
Primary_2014,Legislative,District 11,Pos. 1,2381,< 25%,11117,Zack Hudgins,11117,,0
Primary_2014,Legislative,District 11,Pos. 2,2381,25-50%,4766,Steve Bergquist,9874,Sarah Sanoy-Wright,5108
Primary_2014,Legislative,District 12,Pos. 1,380,< 25%,17725,Cary Condotta,17725,,0
Primary_2014,Legislative,District 12,Pos. 2,380,< 25%,18179,Brad Hawkins,18179,,0
Primary_2014,Legislative,District 13,Pos. 1,88,< 25%,6027,Tom Dent,13329,Dannette Dani Bolyard,7302
Primary_2014,Legislative,District 13,Pos. 2,88,< 25%,18656,Matt Manweller,18656,,0
Primary_2014,Legislative,District 14,Pos. 1,58,< 25%,17979,Norm Johnson,17979,,0
Primary_2014,Legislative,District 14,Pos. 2,58,< 25%,4041,Gina R. McCabe,11123,Paul George,7082
Primary_2014,Legislative,District 15,Pos. 1,172,< 25%,12462,Bruce Chandler,12462,,0
Primary_2014,Legislative,District 15,Pos. 2,172,< 25%,7563,David V. Taylor,11246,Teodora Martinez-Chavez,3683
Primary_2014,Legislative,District 16,Pos. 1,172,< 25%,4391,Maureen S. Walsh,13401,Mary Ruth Edwards,9010
Primary_2014,Legislative,District 16,Pos. 2,172,< 25%,18818,Terry R. Nealey,18818,,0
Primary_2014,Legislative,District 17,Pos. 1,496,> 50%,692,Lynda Wilson,10841,Monica Stonier,10149
Primary_2014,Legislative,District 17,Pos. 2,496,< 25%,2421,Paul Harris,10551,Richard McCluskey,8130
Primary_2014,Legislative,District 18,Pos. 1,319,25-50%,710,Mike Briggs,9703,Brandon Vick,8993
Primary_2014,Legislative,District 18,Pos. 2,319,< 25%,3952,Liz Pike,14797,Maureen Winningham,10845
Primary_2014,Legislative,District 19,Pos. 1,77,< 25%,10517,Dean Takko,17797,David A. Steenson,7280
Primary_2014,Legislative,District 19,Pos. 2,77,< 25%,7528,Brian Blake,15697,Hugh Fleet,8169
Primary_2014,Legislative,District 20,Pos. 1,103,< 25%,8025,Richard DeBolt,15851,Michael Savoca,7826
Primary_2014,Legislative,District 20,Pos. 2,103,< 25%,6129,Ed Orcutt,13478,John Morgan,7349
Primary_2014,Legislative,District 21,Pos. 1,1715,> 50%,827,Allen McPheeters,6684,Strom Peterson,5857
Primary_2014,Legislative,District 21,Pos. 2,1715,25-50%,4457,Lillian Ortiz-Self,11552,Jeff Scherrer,7095
Primary_2014,Legislative,District 22,Pos. 1,416,< 25%,7652,Chris Reykdal,16857,Steve Owens,9205
Primary_2014,Legislative,District 22,Pos. 2,416,< 25%,13483,Sam Hunt,19006,Franklin Edwards,5523
Primary_2014,Legislative,District 23,Pos. 1,130,< 25%,5313,Sherry V. Appleton,16692,Scott Henden,11379
Primary_2014,Legislative,District 23,Pos. 2,130,< 25%,6566,Drew Hansen,16978,James M. Olsen,10412
Primary_2014,Legislative,District 24,Pos. 1,68,< 25%,24346,Kevin Van De Wege,24346,,0
Primary_2014,Legislative,District 24,Pos. 2,68,< 25%,7624,Steve Tharinger,19995,Thomas W. Greisamer,12371
Primary_2014,Legislative,District 25,Pos. 1,359,> 50%,451,Dawn Morrell,9717,Melanie Stambaugh,9266
Primary_2014,Legislative,District 25,Pos. 2,359,< 25%,4675,Hans Zeiger,11706,Eric Renz,7031
Primary_2014,Legislative,District 26,Pos. 1,175,< 25%,2975,Nathan Schlicher,15837,Jesse Young,12862
Primary_2014,Legislative,District 26,Pos. 2,175,25-50%,610,Larry Seaquist,17250,Michelle Caldier,16640
Primary_2014,Legislative,District 27,Pos. 1,460,< 25%,7089,Laurie Jinkins,12156,Rodger Deskins,5067
Primary_2014,Legislative,District 27,Pos. 2,460,< 25%,7258,Jake Fey,12223,Steven T. Cook,4965
Primary_2014,Legislative,District 28,Pos. 1,441,< 25%,4106,Richard Dick Muri,13693,Mary Moss,9587
Primary_2014,Legislative,District 28,Pos. 2,441,25-50%,958,Christine Kilduff,7341,Paul Wagemann,6383
Primary_2014,Legislative,District 29,Pos. 1,281,< 25%,2051,David Sawyer,6631,Jason Bergstrom,4580
Primary_2014,Legislative,District 29,Pos. 2,281,< 25%,8748,Steve Kirby,8748,,0
Primary_2014,Legislative,District 30,Pos. 1,1330,25-50%,3310,Linda Kochmar,10793,Greg Baruso,7483
Primary_2014,Legislative,District 30,Pos. 2,1330,> 50%,352,Roger Freeman,9331,Jack Dovey,8979
Primary_2014,Legislative,District 31,Pos. 1,327,< 25%,4500,Drew Stokesbary,11469,Mike Sando,6969
Primary_2014,Legislative,District 31,Pos. 2,327,< 25%,2055,Christopher Hurst,12088,Phil Fortunato,10033
Primary_2014,Legislative,District 32,Pos. 1,1771,< 25%,17198,Cindy Ryu,17198,,0
Primary_2014,Legislative,District 32,Pos. 2,1771,< 25%,10423,Ruth Kagi,16575,Alvin A. Rutledge,6152
Primary_2014,Legislative,District 33,Pos. 1,2936,> 50%,4311,Tina Orwall,10246,Michael J. Siefkes,5935
Primary_2014,Legislative,District 33,Pos. 2,2936,> 50%,1979,Mia Su-Ling Gregerson,8039,Jeanette Burrage,6060
Primary_2014,Legislative,District 34,Pos. 1,1767,< 25%,20502,Eileen L. Cody,20502,,0
Primary_2014,Legislative,District 34,Pos. 2,1767,< 25%,14155,Joe Fitzgibbon,18605,Brendan B. Kolding,4450
Primary_2014,Legislative,District 35,Pos. 1,115,< 25%,6010,Kathy Haigh,14785,Dan Griffey,8775
Primary_2014,Legislative,District 35,Pos. 2,115,< 25%,2573,Drew C. MacEwen,15790,Tammey Newton,13217
Primary_2014,Legislative,District 36,Pos. 1,773,< 25%,23877,Reuven Carlyle,28532,Leslie Klein,4655
Primary_2014,Legislative,District 36,Pos. 2,773,< 25%,23611,Gael Tarleton,28042,Paul Addis,4431
Primary_2014,Legislative,District 37,Pos. 1,3259,< 25%,17291,Sharon Tomiko Santos,19176,Daniel Bretzke,1885
Primary_2014,Legislative,District 37,Pos. 2,3259,< 25%,15376,Eric Pettigrew,18456,Tamra Smilanich,3080
Primary_2014,Legislative,District 38,Pos. 1,816,25-50%,2952,June Robinson,9754,Jesse Anderson,6802
Primary_2014,Legislative,District 38,Pos. 2,816,< 25%,6067,Mike Sells,10985,Elijah Olson,4918
Primary_2014,Legislative,District 39,Pos. 1,362,< 25%,15400,Dan Kristiansen,15400,,0
Primary_2014,Legislative,District 39,Pos. 2,362,< 25%,3204,Elizabeth Scott,11905,Charles Jensen,8701
Primary_2014,Legislative,District 40,Pos. 1,204,< 25%,8332,Kristine Lytton,17710,Daniel R. Miller,9378
Primary_2014,Legislative,District 40,Pos. 2,204,< 25%,19852,Jeff Morris,19852,,0
Primary_2014,Legislative,District 41,Pos. 1,1714,25-50%,5038,Tana Senn,14523,Bill Stinson,9485
Primary_2014,Legislative,District 41,Pos. 2,1714,< 25%,11073,Judy Clibborn,16390,Alex O'Neil,5317
Primary_2014,Legislative,District 42,Pos. 1,292,< 25%,1376,Satpal Sidhu,11736,Luanne VanWerven,10360
Primary_2014,Legislative,District 42,Pos. 2,292,< 25%,4191,Vincent Buys,17195,Joy Monjure,13004
Primary_2014,Legislative,District 43,Pos. 1,980,< 25%,23235,Brady Walkinshaw,23235,,0
Primary_2014,Legislative,District 43,Pos. 2,980,< 25%,17666,Frank Chopp,23578,Jessica Spear,5912
Primary_2014,Legislative,District 44,Pos. 1,1359,> 50%,1404,Hans Dunshee,11948,Rob Toyer,10544
Primary_2014,Legislative,District 44,Pos. 2,1359,> 50%,868,Mark Harmsworth,11567,Mike Wilson,10699
Primary_2014,Legislative,District 45,Pos. 1,2310,> 50%,2021,Roger Goodman,13631,Joel Hussey,11610
Primary_2014,Legislative,District 45,Pos. 2,2310,> 50%,2975,Larry Springer,14078,Brendan Woodward,11103
Primary_2014,Legislative,District 46,Pos. 1,1266,< 25%,23984,Gerry Pollet,23984,,0
Primary_2014,Legislative,District 46,Pos. 2,1266,< 25%,19716,Jessyn Farrell,25075,Branden Curtis,5359
Primary_2014,Legislative,District 47,Pos. 1,2308,> 50%,3216,Mark Hargrove,11373,Chris Barringer,8157
Primary_2014,Legislative,District 47,Pos. 2,2308,> 50%,814,Pat Sullivan,10159,Barry Knowles,9345
Primary_2014,Legislative,District 48,Pos. 1,2036,< 25%,8207,Ross Hunter,14496,Bill Hirt,6289
Primary_2014,Legislative,District 48,Pos. 2,2036,25-50%,7812,Joan McBride,13749,Tim Turner,5937
Primary_2014,Legislative,District 49,Pos. 1,397,< 25%,3785,Sharon Wylie,11505,Anson Service,7720
Primary_2014,Legislative,District 49,Pos. 2,397,< 25%,5841,Jim Moeller,11381,Lisa Ross,5540
Primary_2012,Legislative,District 1,Pos. 1,1495,25-50%,5662,Derek Stanford,13388,Sandy Guinn,7726
Primary_2012,Legislative,District 1,Pos. 2,1495,< 25%,19250,Luis Moscoso,19798,Write-In: Mark T. Davies,548
Primary_2012,Legislative,District 2,Pos. 1,227,< 25%,4024,Gary Alexander,13501,Greg Hartman,9477
Primary_2012,Legislative,District 2,Pos. 2,227,< 25%,17880,J.T. Wilcox,17880,,0
Primary_2012,Legislative,District 3,Pos. 1,330,< 25%,1409,Marcus Riccelli,6277,Tim Benn,4868
Primary_2012,Legislative,District 3,Pos. 2,330,< 25%,5608,Timm Ormsby,14102,Dave White,8494
Primary_2012,Legislative,District 4,Pos. 1,213,< 25%,22277,Larry Crouse,22277,,0
Primary_2012,Legislative,District 4,Pos. 2,213,< 25%,6030,Matt Shea,18047,Amy C. Biviano,12017
Primary_2012,Legislative,District 5,Pos. 1,774,< 25%,19775,Jay Rodne,19775,,0
Primary_2012,Legislative,District 5,Pos. 2,774,< 25%,3128,Chad Magendanz,14654,David Spring,11526
Primary_2012,Legislative,District 6,Pos. 1,356,< 25%,21398,Kevin Parker,21398,,0
Primary_2012,Legislative,District 6,Pos. 2,356,< 25%,3287,Dennis Dellwo,12967,Jeff Holy,9680
Primary_2012,Legislative,District 7,Pos. 1,51,< 25%,25092,Shelly Short,25092,,0
Primary_2012,Legislative,District 7,Pos. 2,51,< 25%,6670,Joel Kretz,16775,Robert Bob Wilson,10105
Primary_2012,Legislative,District 8,Pos. 1,471,< 25%,7483,Brad Klippert,16203,Jay Clough,8720
Primary_2012,Legislative,District 8,Pos. 2,471,< 25%,7628,Larry Haler,13663,Richard Reuther,6035
Primary_2012,Legislative,District 9,Pos. 1,168,< 25%,18669,Susan Fagan,18669,,0
Primary_2012,Legislative,District 9,Pos. 2,168,< 25%,18722,Joe Schmick,18722,,0
Primary_2012,Legislative,District 10,Pos. 1,133,< 25%,7271,Norma Smith,23054,Aaron Simpson,15783
Primary_2012,Legislative,District 10,Pos. 2,133,< 25%,1234,Dave Hayes,19543,Tom Riggs,18309
Primary_2012,Legislative,District 11,Pos. 1,2381,25-50%,7519,Zack Hudgins,12653,Jim Flynn,5134
Primary_2012,Legislative,District 11,Pos. 2,2381,> 50%,623,Steve Bergquist,6074,Sarah Sanoy-Wright,5451
Primary_2012,Legislative,District 12,Pos. 1,380,< 25%,8365,Cary Condotta,17901,Stan Morse,9536
Primary_2012,Legislative,District 12,Pos. 2,380,< 25%,4883,Mike Armstrong,16451,Brad Hawkins,11568
Primary_2012,Legislative,District 13,Pos. 1,88,< 25%,18345,Judith Judy Warnick,18345,,0
Primary_2012,Legislative,District 13,Pos. 2,88,< 25%,8841,Matt Manweller,15589,Kaj Selmann,6748
Primary_2012,Legislative,District 14,Pos. 1,58,< 25%,6568,Norm Johnson,14208,Paul Spencer,7640
Primary_2012,Legislative,District 14,Pos. 2,58,< 25%,7461,Charles Ross,14730,Mathew K.M. Tomaskin,7269
Primary_2012,Legislative,District 15,Pos. 1,172,< 25%,12006,Bruce Chandler,12006,,0
Primary_2012,Legislative,District 15,Pos. 2,172,< 25%,5714,David V. Taylor,9990,Pablo Gonzalez,4276
Primary_2012,Legislative,District 16,Pos. 1,172,< 25%,5414,Maureen Walsh,13468,Mary Ruth Edwards,8054
Primary_2012,Legislative,District 16,Pos. 2,172,< 25%,18433,Terry R. Nealey,18433,,0
Primary_2012,Legislative,District 17,Pos. 1,496,> 50%,605,Monica Stonier,9390,Julie Olson,8785
Primary_2012,Legislative,District 17,Pos. 2,496,< 25%,2955,Paul Harris,11749,Jim Gizzi,8794
Primary_2012,Legislative,District 18,Pos. 1,319,< 25%,5174,Brandon Vick,11373,Adrian E. Cortes,6199
Primary_2012,Legislative,District 18,Pos. 2,319,< 25%,7560,Liz Pike,14838,David Shehorn,7278
Primary_2012,Legislative,District 19,Pos. 1,77,< 25%,5273,Dean Takko,16589,Dixie Kolditz,11316
Primary_2012,Legislative,District 19,Pos. 2,77,< 25%,18654,Brian E. Blake,19506,Write-In: Tim Sutinen,852
Primary_2012,Legislative,District 20,Pos. 1,103,< 25%,20117,Richard DeBolt,20117,,0
Primary_2012,Legislative,District 20,Pos. 2,103,< 25%,4063,Ed Orcutt,12616,John Morgan,8553
Primary_2012,Legislative,District 21,Pos. 1,1715,< 25%,18239,Mary Helen Roberts,18239,,0
Primary_2012,Legislative,District 21,Pos. 2,1715,< 25%,16995,Marko Liias,17378,Write-In: Kevin Morrison,383
Primary_2012,Legislative,District 22,Pos. 1,416,< 25%,23547,Chris Reykdal,23547,,0
Primary_2012,Legislative,District 22,Pos. 2,416,< 25%,23809,Sam Hunt,23809,,0
Primary_2012,Legislative,District 23,Pos. 1,130,< 25%,6954,Sherry V. Appleton,20298,Tony Stephens,13344
Primary_2012,Legislative,District 23,Pos. 2,130,< 25%,4043,Drew Hansen,17377,James M. Olsen,13334
Primary_2012,Legislative,District 24,Pos. 1,68,< 25%,25743,Kevin Van De Wege,26680,Write-In: Craig Durgan,937
Primary_2012,Legislative,District 24,Pos. 2,68,< 25%,5734,Steve Tharinger,22133,Steve Gale,16399
Primary_2012,Legislative,District 25,Pos. 1,359,< 25%,3764,Dawn Morrell,11704,Shelly Schlumpf,7940
Primary_2012,Legislative,District 25,Pos. 2,359,< 25%,4029,Hans Zeiger,14484,Bill Hilton,10455
Primary_2012,Legislative,District 26,Pos. 1,175,< 25%,9389,Jan Angel,19152,Karin Ashabraner,9763
Primary_2012,Legislative,District 26,Pos. 2,175,< 25%,2230,Larry Seaquist,17638,Doug Richards,15408
Primary_2012,Legislative,District 27,Pos. 1,460,< 25%,11652,Laurie Jinkins,17937,Steven T. Cook,6285
Primary_2012,Legislative,District 27,Pos. 2,460,25-50%,1439,Jake Fey,12078,Lauren Walker,10639
Primary_2012,Legislative,District 28,Pos. 1,441,25-50%,984,Steve O'Ban,12375,Eric Choiniere,11391
Primary_2012,Legislative,District 28,Pos. 2,441,< 25%,3871,Tami Green,14110,Paul Wagemann,10239
Primary_2012,Legislative,District 29,Pos. 1,281,> 50%,303,David Sawyer,6404,Terry Harder,6101
Primary_2012,Legislative,District 29,Pos. 2,281,< 25%,12840,Steve Kirby,12840,,0
Primary_2012,Legislative,District 30,Pos. 1,1330,> 50%,132,Linda Kochmar,5492,Roger Flygare,5360
Primary_2012,Legislative,District 30,Pos. 2,1330,25-50%,3244,Katrina Asay,9965,Roger Freeman,6721
Primary_2012,Legislative,District 31,Pos. 1,327,< 25%,7057,Cathy Dahlquist,16169,Brian L. Gunn,9112
Primary_2012,Legislative,District 31,Pos. 2,327,< 25%,3383,Christopher Hurst,14082,Lisa Connors,10699
Primary_2012,Legislative,District 32,Pos. 1,1771,< 25%,11556,Cindy Ryu,20249,Randy J. Hayden,8693
Primary_2012,Legislative,District 32,Pos. 2,1771,< 25%,14481,Ruth Kagi,20346,Robert Reedy,5865
Primary_2012,Legislative,District 33,Pos. 1,2936,25-50%,8118,Tina Orwall,14070,Will Benge,5952
Primary_2012,Legislative,District 33,Pos. 2,2936,< 25%,15387,Dave Upthegrove,15549,Write-In: Martin Metz,162
Primary_2012,Legislative,District 34,Pos. 1,1767,< 25%,18745,Eileen L. Cody,23237,William Giammarese,4492
Primary_2012,Legislative,District 34,Pos. 2,1767,< 25%,24247,Joe Fitzgibbon,24247,,0
Primary_2012,Legislative,District 35,Pos. 1,115,< 25%,1654,Kathy Haigh,17653,Dan Griffey,15999
Primary_2012,Legislative,District 35,Pos. 2,115,< 25%,4823,Drew C. MacEwen,14088,Lynda Ring-Erickson,9265
Primary_2012,Legislative,District 36,Pos. 1,773,< 25%,28841,Reuven Carlyle,31623,Leslie Klein,2782
Primary_2012,Legislative,District 36,Pos. 2,773,25-50%,1690,Gael Tarleton,10130,Noel Christina Frame,8440
Primary_2012,Legislative,District 37,Pos. 1,3259,< 25%,21855,Sharon Tomiko Santos,21855,,0
Primary_2012,Legislative,District 37,Pos. 2,3259,< 25%,18346,Eric Pettigrew,21569,Tamra Smilanich,3223
Primary_2012,Legislative,District 38,Pos. 1,816,< 25%,3790,John McCoy,12865,Sam Wilson,9075
Primary_2012,Legislative,District 38,Pos. 2,816,< 25%,4693,Mike Sells,13156,Michael Casey,8463
Primary_2012,Legislative,District 39,Pos. 1,362,< 25%,2972,Dan Kristiansen,14916,Linda Wright,11944
Primary_2012,Legislative,District 39,Pos. 2,362,25-50%,900,Eleanor Walters,7730,Elizabeth Scott,6830
Primary_2012,Legislative,District 40,Pos. 1,204,< 25%,21056,Kristine Lytton,21777,Write-In: Brandon Robinson,721
Primary_2012,Legislative,District 40,Pos. 2,204,< 25%,14715,Jeff Morris,20283,Howard A. Pellett,5568
Primary_2012,Legislative,District 41,Pos. 1,1714,25-50%,5106,Marcie Maxwell,18349,Tim Eaves,13243
Primary_2012,Legislative,District 41,Pos. 2,1714,< 25%,22326,Judy Clibborn,22326,,0
Primary_2012,Legislative,District 42,Pos. 1,292,< 25%,3624,Jason Overstreet,17348,Natalie McClendon,13724
Primary_2012,Legislative,District 42,Pos. 2,292,< 25%,3553,Vincent Buys,17274,Matthew Krogh,13721
Primary_2012,Legislative,District 43,Pos. 1,980,< 25%,25551,Jamie Pedersen,28405,Kshama Sawant,2854
Primary_2012,Legislative,District 43,Pos. 2,980,< 25%,20682,Frank Chopp,24287,Write-In: Kshama Sawant,3605
Primary_2012,Legislative,District 44,Pos. 1,1359,< 25%,5757,Hans Dunshee,14199,Mark Harmsworth,8442
Primary_2012,Legislative,District 44,Pos. 2,1359,25-50%,4475,Mike Hope,15930,Mary McNaughton,11455
Primary_2012,Legislative,District 45,Pos. 1,2310,> 50%,1289,Roger Goodman,14174,Joel Hussey,12885
Primary_2012,Legislative,District 45,Pos. 2,2310,> 50%,3536,Larry Springer,16309,Jim Thatcher,12773
Primary_2012,Legislative,District 46,Pos. 1,1266,< 25%,6205,Gerry Pollet,19081,Sylvester Cann,12876
Primary_2012,Legislative,District 46,Pos. 2,1266,25-50%,2737,Jessyn Farrell,10560,Sarajane Siegfriedt,7823
Primary_2012,Legislative,District 47,Pos. 1,2308,> 50%,1789,Mark Hargrove,12242,Bud Sizemore,10453
Primary_2012,Legislative,District 47,Pos. 2,2308,> 50%,3699,Pat Sullivan,13090,Andy Massagli,9391
Primary_2012,Legislative,District 48,Pos. 1,2036,< 25%,10042,Ross Hunter,18225,Bill Hirt,8183
Primary_2012,Legislative,District 48,Pos. 2,2036,> 50%,3443,Cyrus Habib,14838,Hank Myers,11395
Primary_2012,Legislative,District 49,Pos. 1,397,< 25%,2925,Sharon Wylie,11905,Debbie Peterson,8980
Primary_2012,Legislative,District 49,Pos. 2,397,< 25%,2885,Jim Moeller,11883,Carolyn Crain,8998
General_2022,Legislative,District 1,Pos. 1,1495,< 25%,28303,Davina Duerr,48043,John Peeples,19740
General_2022,Legislative,District 1,Pos. 2,1495,< 25%,28755,Shelley Kloba,48198,Jerry Buccola,19443
General_2022,Legislative,District 2,Pos. 1,227,< 25%,38282,Andrew Barkis,41291,Write-In,3009
General_2022,Legislative,District 2,Pos. 2,227,< 25%,24901,JT Wilcox,38535,Edward Meer,13634
General_2022,Legislative,District 3,Pos. 1,330,< 25%,15043,Marcus Riccelli,37708,Scotty Nicol,22665
General_2022,Legislative,District 3,Pos. 2,330,< 25%,11881,Timm Ormsby,36170,Natalie Poulson,24289
General_2022,Legislative,District 4,Pos. 1,213,< 25%,17478,Suzanne Schmidt,41275,Ted Cummings,23797
General_2022,Legislative,District 4,Pos. 2,213,< 25%,1329,Leonard Christian,29077,Rob Chase,27748
General_2022,Legislative,District 5,Pos. 1,774,< 25%,13298,Bill Ramos,41825,Ken Moninski,28527
General_2022,Legislative,District 5,Pos. 2,774,< 25%,5502,Lisa Callan,38030,Chad Magendanz,32528
General_2022,Legislative,District 6,Pos. 1,356,< 25%,39357,Mike Volz,41765,Write-In,2408
General_2022,Legislative,District 6,Pos. 2,356,< 25%,13907,Jenny Graham,36580,Michaela Kelso,22673
General_2022,Legislative,District 7,Pos. 1,51,< 25%,27840,Jacquelin Maycumber,42611,Lonny Ray Williams,14771
General_2022,Legislative,District 7,Pos. 2,51,< 25%,49540,Joel Kretz,51074,Write-In,1534
General_2022,Legislative,District 8,Pos. 1,471,< 25%,24714,Stephanie Barnard,37729,Patrick Guettner,13015
General_2022,Legislative,District 8,Pos. 2,471,< 25%,6296,April Connors,29176,Joe Cotta,22880
General_2022,Legislative,District 9,Pos. 1,168,< 25%,44587,Mary Dye,46711,Write-In,2124
General_2022,Legislative,District 9,Pos. 2,168,< 25%,43187,Joe Schmick,45320,Write-In,2133
General_2022,Legislative,District 10,Pos. 2,133,< 25%,3200,Dave Paul,38911,Karen Lesetmoe,35711
General_2022,Legislative,District 10,Pos. 1,133,> 50%,211,Clyde Shavers,37375,Greg Gilday,37164
General_2022,Legislative,District 11,Pos. 1,2381,< 25%,18088,David Hackney,32292,Stephanie Peters,14204
General_2022,Legislative,District 11,Pos. 2,2381,< 25%,17232,Steve Bergquist,31979,Jeanette Burrage,14747
General_2022,Legislative,District 12,Pos. 1,380,< 25%,43055,Keith W. Goehner,45819,Write-In,2764
General_2022,Legislative,District 12,Pos. 2,380,< 25%,33157,Mike Steele,42812,Robert K Amenn,9655
General_2022,Legislative,District 13,Pos. 1,88,< 25%,40382,Tom Dent,41617,Write-In,1235
General_2022,Legislative,District 13,Pos. 2,88,< 25%,40339,Alex Ybarra,41425,Write-In,1086
General_2022,Legislative,District 14,Pos. 1,58,< 25%,14775,Chris Corry,30367,Laurene Contreras,15592
General_2022,Legislative,District 14,Pos. 2,58,< 25%,15732,Gina Mosbrucker,30940,Liz Hallock,15208
General_2022,Legislative,District 15,Pos. 1,172,< 25%,17054,Bruce Chandler,17856,Write-In,802
General_2022,Legislative,District 15,Pos. 2,172,< 25%,16610,Bryan Sandlin,17384,Write-In,774
General_2022,Legislative,District 16,Pos. 1,172,< 25%,20664,Mark Klicker,37792,Jeff Strickler,17128
General_2022,Legislative,District 16,Pos. 2,172,< 25%,23100,Skyler Rude,38916,Jan Corn,15816
General_2022,Legislative,District 17,Pos. 1,496,< 25%,4478,Kevin Waters,36901,Terri Niles,32423
General_2022,Legislative,District 17,Pos. 2,496,< 25%,6453,Paul Harris,37860,Joe Kear,31407
General_2022,Legislative,District 18,Pos. 1,319,< 25%,3174,Stephanie McClintock,34012,John Zingale,30838
General_2022,Legislative,District 18,Pos. 2,319,< 25%,6211,Greg Cheney,35603,Duncan Camacho,29392
General_2022,Legislative,District 19,Pos. 1,77,< 25%,15708,Jim Walsh,39940,Kelli Hughes-Ham,24232
General_2022,Legislative,District 19,Pos. 2,77,< 25%,14714,Joel McEntire,39357,Cara Cusack,24643
General_2022,Legislative,District 20,Pos. 1,103,< 25%,48634,Peter Abbarno,50693,Write-In,2059
General_2022,Legislative,District 20,Pos. 2,103,< 25%,48791,Ed Orcutt,50764,Write-In,1973
General_2022,Legislative,District 21,Pos. 1,1715,< 25%,19915,Strom Peterson,38522,Amy Schaper,18607
General_2022,Legislative,District 21,Pos. 2,1715,< 25%,19032,Lillian Ortiz-Self,37974,Petra Bigea,18942
General_2022,Legislative,District 22,Pos. 1,416,< 25%,21594,Beth Doglio,44740,Loretta Byrnes,23146
General_2022,Legislative,District 22,Pos. 2,416,< 25%,22209,Jessica Bateman,44925,Kate Plager,22716
General_2022,Legislative,District 23,Pos. 1,130,< 25%,19635,Tarra Simmons,45223,Janell Hulst,25588
General_2022,Legislative,District 23,Pos. 2,130,< 25%,21734,Drew Hansen,46302,Paige A Jarquin,24568
General_2022,Legislative,District 24,Pos. 1,68,< 25%,10696,Mike Chapman,46050,Sue Forde,35354
General_2022,Legislative,District 24,Pos. 2,68,< 25%,8708,Steve Tharinger,44910,Brian Pruiett,36202
General_2022,Legislative,District 25,Pos. 1,359,< 25%,6442,Kelly Chambers,31366,Jamie Smith,24924
General_2022,Legislative,District 25,Pos. 2,359,< 25%,8714,Cyndy Jacobsen,32380,Cameron Severns,23666
General_2022,Legislative,District 26,Pos. 1,175,< 25%,735,Spencer Hutchins,37816,Adison Richards,37081
General_2022,Legislative,District 26,Pos. 2,175,< 25%,9346,Michelle Caldier,42087,Matt Macklin,32741
General_2022,Legislative,District 27,Pos. 1,460,< 25%,25096,Laurie Jinkins,41553,Jalonnie Givens Jackson,16457
General_2022,Legislative,District 27,Pos. 2,460,< 25%,24415,Jake Fey,41257,Janet Large,16842
General_2022,Legislative,District 28,Pos. 1,441,< 25%,7725,Mari Leavitt,27095,Gabe Sachwitz,19370
General_2022,Legislative,District 28,Pos. 2,441,< 25%,5390,Dan Bronoske,25886,Susanna Keilman,20496
General_2022,Legislative,District 29,Pos. 1,281,< 25%,5340,Melanie Morgan,21764,Brett Johnson,16424
General_2022,Legislative,District 29,Pos. 2,281,< 25%,6479,Sharlett Mena,22316,David H. Figuracion,15837
General_2022,Legislative,District 30,Pos. 2,1330,< 25%,5783,Kristine Reeves,23909,Ashli Tagoai,18126
General_2022,Legislative,District 30,Pos. 1,1330,25-50%,4555,Jamila E. Taylor,23355,Casey Jones,18800
General_2022,Legislative,District 31,Pos. 1,327,< 25%,13122,Drew Stokesbary,39051,Holly Stanton,25929
General_2022,Legislative,District 31,Pos. 2,327,< 25%,15717,Eric E. Robertson,40206,Carrie Wilbur,24489
General_2022,Legislative,District 32,Pos. 1,1771,< 25%,39883,Cindy Ryu,51038,Lori Theis,11155
General_2022,Legislative,District 32,Pos. 2,1771,< 25%,37402,Lauren Davis,50403,Anthony Hubbard,13001
General_2022,Legislative,District 33,Pos. 1,2936,< 25%,30342,Tina L. Orwall,31945,Write-In,1603
General_2022,Legislative,District 33,Pos. 2,2936,< 25%,29523,Mia Su-Ling Gregerson,31075,Write-In,1552
General_2022,Legislative,District 34,Pos. 1,1767,< 25%,26731,Emily Alvarado,44486,Leah Griffin,17755
General_2022,Legislative,District 34,Pos. 2,1767,< 25%,45677,Joe Fitzgibbon,57269,Andrew Pilloud,11592
General_2022,Legislative,District 35,Pos. 1,115,< 25%,13479,Daniel Griffey,43938,James DeHart,30459
General_2022,Legislative,District 35,Pos. 2,115,< 25%,4683,Travis Couture,39445,Sandy Kaiser,34762
General_2022,Legislative,District 36,Pos. 1,773,< 25%,38174,Julia G. Reed,55251,Jeff Manson,17077
General_2022,Legislative,District 36,Pos. 2,773,< 25%,60863,Liz Berry,61797,Write-In,934
General_2022,Legislative,District 37,Pos. 1,3259,< 25%,48976,Sharon Tomiko Santos,54088,John Dickinson,5112
General_2022,Legislative,District 37,Pos. 2,3259,> 50%,5596,Chipalo Street,30275,Emijah Smith,24679
General_2022,Legislative,District 38,Pos. 1,816,< 25%,8833,Julio Cortes,30209,Gary Kemp,21376
General_2022,Legislative,District 38,Pos. 2,816,< 25%,7272,Mary Fosse,29373,Mark James,22101
General_2022,Legislative,District 39,Pos. 1,362,< 25%,7021,Sam Low,31997,Robert J. Sutherland,24976
General_2022,Legislative,District 39,Pos. 2,362,< 25%,12437,Carolyn Eslick,38519,Jessica Wadhams,26082
General_2022,Legislative,District 40,Pos. 1,204,< 25%,29280,Debra Lekanoff,52488,Shannon Perkes,23208
General_2022,Legislative,District 40,Pos. 2,204,< 25%,32348,Alex Ramel,47326,Trevor Smith,14978
General_2022,Legislative,District 41,Pos. 1,1714,< 25%,32038,Tana Senn,46624,Mike Nykreim,14586
General_2022,Legislative,District 41,Pos. 2,1714,< 25%,23496,My-Linh T. Thai,43512,Al Rosenthal,20016
General_2022,Legislative,District 42,Pos. 1,292,< 25%,2651,Alicia Rule,38871,Tawsha (Dykstra) Thompson,36220
General_2022,Legislative,District 42,Pos. 2,292,< 25%,1952,Joe Timmons,38381,Dan Johnson,36429
General_2022,Legislative,District 43,Pos. 1,980,< 25%,50027,Nicole Macri,50700,Write-In,673
General_2022,Legislative,District 43,Pos. 2,980,< 25%,49368,Frank Chopp,50175,Write-In,807
General_2022,Legislative,District 44,Pos. 2,1359,< 25%,8343,April Berg,35582,Ryne Rohla,27239
General_2022,Legislative,District 44,Pos. 1,1359,25-50%,4241,Brandy Donaghy,33603,Mark Harmsworth,29362
General_2022,Legislative,District 45,Pos. 1,2310,< 25%,25771,Roger Goodman,45739,Cherese Bourgoin,19968
General_2022,Legislative,District 45,Pos. 2,2310,< 25%,29617,Larry Springer,47282,John P. Gibbons,17665
General_2022,Legislative,District 46,Pos. 1,1266,< 25%,44350,Gerry Pollet,53179,Hadeel Jeanne,8829
General_2022,Legislative,District 46,Pos. 2,1266,< 25%,12463,Darya Farivar,38602,Lelach Rave,26139
General_2022,Legislative,District 47,Pos. 2,2308,< 25%,13861,Chris Stearns,27057,Shukri Olow,13196
General_2022,Legislative,District 47,Pos. 1,2308,25-50%,7146,Debra Jean Entenman,28385,Kyle Lyebyedyev,21239
General_2022,Legislative,District 48,Pos. 1,2036,< 25%,32644,Vandana Slatter,33914,Write-In,1270
General_2022,Legislative,District 48,Pos. 2,2036,< 25%,32270,Amy Walen,33557,Write-In,1287
General_2022,Legislative,District 49,Pos. 1,397,< 25%,12429,Sharon Wylie,31967,Park Llafet,19538
General_2022,Legislative,District 49,Pos. 2,397,< 25%,11375,Monica Jurado Stonier,31573,Jeremy Baker,20198
General_2020,Legislative,District 1,Pos. 1,1495,< 25%,28763,Davina Duerr,58019,Adam Bartholomew,29256
General_2020,Legislative,District 1,Pos. 2,1495,< 25%,23926,Shelley Kloba,55622,Jeb Brewer,31696
General_2020,Legislative,District 2,Pos. 1,227,< 25%,62432,Andrew Barkis,65621,Write-In,3189
General_2020,Legislative,District 2,Pos. 2,227,< 25%,25600,JT Wilcox,53552,Veronica Whitcher Rockett,27952
General_2020,Legislative,District 3,Pos. 1,330,< 25%,14011,Marcus Riccelli,40124,Laura D Carder,26113
General_2020,Legislative,District 3,Pos. 2,330,< 25%,16831,Timm Ormsby,41298,Bob Apple,24467
General_2020,Legislative,District 4,Pos. 1,213,< 25%,18633,Bob McCaslin,54119,Lori Feagan,35486
General_2020,Legislative,District 4,Pos. 2,213,< 25%,21570,Rob Chase,55124,Lance Gurel,33554
General_2020,Legislative,District 5,Pos. 1,774,< 25%,19578,Bill Ramos,55109,Ken Moninski,35531
General_2020,Legislative,District 5,Pos. 2,774,< 25%,56892,Lisa Callan,64086,Write-In,7194
General_2020,Legislative,District 6,Pos. 1,356,< 25%,3384,Mike Volz,44537,Zack Zappone,41153
General_2020,Legislative,District 6,Pos. 2,356,< 25%,7355,Jenny Graham,46158,Tom McGarry,38803
General_2020,Legislative,District 7,Pos. 1,51,< 25%,37512,Jacquelin Maycumber,61485,Georgia D. Davenport,23973
General_2020,Legislative,District 7,Pos. 2,51,< 25%,41880,Joel Kretz,62615,JJ Wandler,20735
General_2020,Legislative,District 8,Pos. 1,471,< 25%,25002,Brad Klippert,51981,Shir Regev,26979
General_2020,Legislative,District 8,Pos. 2,471,< 25%,43594,Matt Boehnke,59046,Larry Stanley,15452
General_2020,Legislative,District 9,Pos. 1,168,< 25%,32317,Mary Dye,48408,Brett Borden,16091
General_2020,Legislative,District 9,Pos. 2,168,< 25%,51269,Joe Schmick,53707,Write-In,2438
General_2020,Legislative,District 10,Pos. 1,133,< 25%,891,Greg Gilday,45768,Angie Homola,44877
General_2020,Legislative,District 10,Pos. 2,133,< 25%,738,Dave Paul,46199,Bill Bruch,45461
General_2020,Legislative,District 11,Pos. 1,2381,< 25%,15440,David Hackney,36414,Zack Hudgins,20974
General_2020,Legislative,District 11,Pos. 2,2381,< 25%,27618,Steve Bergquist,47074,Sean Atchison,19456
General_2020,Legislative,District 12,Pos. 1,380,< 25%,15819,Keith Goehner,45817,Adrianne Moore,29998
General_2020,Legislative,District 12,Pos. 2,380,< 25%,55016,Mike Steele,57281,Write-In,2265
General_2020,Legislative,District 13,Pos. 1,88,< 25%,28597,Tom Dent,47701,Eduardo Castaneda-D√≠az,19104
General_2020,Legislative,District 13,Pos. 2,88,< 25%,54005,Alex Ybarra,55215,Write-In,1210
General_2020,Legislative,District 14,Pos. 1,58,< 25%,12798,Chris Corry,39519,Tracy Rushing,26721
General_2020,Legislative,District 14,Pos. 2,58,< 25%,12850,Gina Mosbrucker,39285,Devin Kuh,26435
General_2020,Legislative,District 15,Pos. 1,172,< 25%,7408,Bruce Chandler,26784,Jack McEntire,19376
General_2020,Legislative,District 15,Pos. 2,172,< 25%,8440,Jeremie Dufault,27313,AJ Cooper,18873
General_2020,Legislative,District 16,Pos. 1,172,< 25%,16514,Mark Klicker,38570,Frances Chvatal,22056
General_2020,Legislative,District 16,Pos. 2,172,< 25%,21979,Skyler Rude,41142,Carly Coburn,19163
General_2020,Legislative,District 17,Pos. 2,496,< 25%,28372,Paul Harris,48392,Bryan White,20020
General_2020,Legislative,District 17,Pos. 1,496,25-50%,1771,Vicki Kraft,41908,Tanisha L. Harris,40137
General_2020,Legislative,District 18,Pos. 1,319,< 25%,21152,Brandon Vick,57566,Kassandra Bessert,36414
General_2020,Legislative,District 18,Pos. 2,319,< 25%,13316,Larry Hoff,53773,Donna L. Sinclair,40457
General_2020,Legislative,District 19,Pos. 1,77,< 25%,13690,Jim Walsh,43315,Marianna Everson,29625
General_2020,Legislative,District 19,Pos. 2,77,< 25%,3770,Joel McEntire,38369,Brian E. Blake,34599
General_2020,Legislative,District 20,Pos. 1,103,< 25%,34405,Peter Abbarno,58484,Timothy Zahn,24079
General_2020,Legislative,District 20,Pos. 2,103,< 25%,37678,Ed Orcutt,60030,Will Rollet,22352
General_2020,Legislative,District 21,Pos. 1,1715,< 25%,22992,Strom H. Peterson,50793,Brian Thompson,27801
General_2020,Legislative,District 21,Pos. 2,1715,< 25%,25012,Lillian Ortiz-Self,51619,Amy Schaper,26607
General_2020,Legislative,District 22,Pos. 1,416,< 25%,29884,Laurie Dolan,59959,J. D. Ingram,30075
General_2020,Legislative,District 22,Pos. 2,416,< 25%,18016,Jessica Bateman,54219,Dusty Pierpoint,36203
General_2020,Legislative,District 23,Pos. 1,130,< 25%,20534,Tarra Simmons,53154,April Ferguson,32620
General_2020,Legislative,District 23,Pos. 2,130,< 25%,21108,Drew Hansen,53425,Elaina Gonzales-Blanton,32317
General_2020,Legislative,District 24,Pos. 1,68,< 25%,7758,Mike Chapman,49965,Sue Forde,42207
General_2020,Legislative,District 24,Pos. 2,68,< 25%,6747,Steve Tharinger,49262,Brian Pruiett,42515
General_2020,Legislative,District 25,Pos. 1,359,< 25%,5313,Kelly Chambers,41055,Jamie Smith,35742
General_2020,Legislative,District 25,Pos. 2,359,< 25%,3836,Cyndy Jacobsen,40242,Brian Duthie,36406
General_2020,Legislative,District 26,Pos. 1,175,< 25%,5058,Jesse L. Young,47171,Carrie Hesch,42113
General_2020,Legislative,District 26,Pos. 2,175,< 25%,8784,Michelle Caldier,48973,Joy Stanford,40189
General_2020,Legislative,District 27,Pos. 1,460,< 25%,42612,Laurie Jinkins,54770,Ryan Talen,12158
General_2020,Legislative,District 27,Pos. 2,460,< 25%,31904,Jake Fey,52081,Barry Knowles,20177
General_2020,Legislative,District 28,Pos. 1,441,< 25%,10188,Mari Leavitt,39973,Kevin Ballard,29785
General_2020,Legislative,District 28,Pos. 2,441,< 25%,7138,Dan Bronoske,38365,Chris Nye,31227
General_2020,Legislative,District 29,Pos. 1,281,< 25%,15889,Melanie Morgan,36634,Koshin Mohamed Fidaar,20745
General_2020,Legislative,District 29,Pos. 2,281,< 25%,10530,Steve Kirby,34149,Terry Harder,23619
General_2020,Legislative,District 30,Pos. 1,1330,< 25%,9932,Jamila Taylor,36338,Martin A. Moore,26406
General_2020,Legislative,District 30,Pos. 2,1330,< 25%,12993,Jesse Johnson,37941,Jack Walsh,24948
General_2020,Legislative,District 31,Pos. 1,327,< 25%,23211,Drew Stokesbary,54517,Katie Young,31306
General_2020,Legislative,District 31,Pos. 2,327,< 25%,22201,Eric E. Robertson,53858,Thomas R. Clark,31657
General_2020,Legislative,District 32,Pos. 1,1771,< 25%,33045,Cindy Ryu,52703,Shirley Sutton,19658
General_2020,Legislative,District 32,Pos. 2,1771,< 25%,42790,Lauren Davis,59115,Tamra Smilanich,16325
General_2020,Legislative,District 33,Pos. 1,2936,< 25%,26127,Tina L. Orwall,43397,Kerry French,17270
General_2020,Legislative,District 33,Pos. 2,2936,< 25%,27455,Mia Su-Ling Gregerson,42578,Marliza Melzer,15123
General_2020,Legislative,District 34,Pos. 1,1767,< 25%,71916,Eileen L. Cody,73609,Write-In,1693
General_2020,Legislative,District 34,Pos. 2,1767,< 25%,71580,Joe Fitzgibbon,73231,Write-In,1651
General_2020,Legislative,District 35,Pos. 1,115,< 25%,14183,Dan Griffey,49314,Colton Myers,35131
General_2020,Legislative,District 35,Pos. 2,115,< 25%,10950,Drew C. MacEwen,47618,Darcy Huffman,36668
General_2020,Legislative,District 36,Pos. 1,773,< 25%,84767,Noel Christina Frame,86090,Write-In,1323
General_2020,Legislative,District 36,Pos. 2,773,< 25%,16586,Liz Berry,55717,Sarah Reyneveld,39131
General_2020,Legislative,District 37,Pos. 1,3259,< 25%,50392,Sharon Tomiko Santos,63557,John Stafford,13165
General_2020,Legislative,District 37,Pos. 2,3259,< 25%,25074,Kirsten Harris-Talley,50780,Chukundi Salisbury,25706
General_2020,Legislative,District 38,Pos. 1,816,< 25%,12079,Emily Wicks,39730,Bert Johnson,27651
General_2020,Legislative,District 38,Pos. 2,816,< 25%,22368,Mike Sells,43178,David Wiley,20810
General_2020,Legislative,District 39,Pos. 1,362,< 25%,16367,Robert J. Sutherland,48716,Claus Joens,32349
General_2020,Legislative,District 39,Pos. 2,362,< 25%,21234,Carolyn Eslick,51067,Ryan Johnson,29833
General_2020,Legislative,District 40,Pos. 1,204,< 25%,61983,Debra Lekanoff,64898,Write-In,2915
General_2020,Legislative,District 40,Pos. 2,204,< 25%,31507,Alex Ramel,58915,Russ Dzialo,27408
General_2020,Legislative,District 41,Pos. 1,1714,< 25%,61684,Tana Senn,63815,Write-In,2131
General_2020,Legislative,District 41,Pos. 2,1714,< 25%,27801,My-Linh Thai,55609,Al Rosenthal,27808
General_2020,Legislative,District 42,Pos. 1,292,< 25%,2156,Alicia Rule,47260,Luanne Van Werven,45104
General_2020,Legislative,District 42,Pos. 2,292,< 25%,3201,Sharon Shewmake,47702,Jennifer Sefzik,44501
General_2020,Legislative,District 43,Pos. 1,980,< 25%,77857,Nicole Macri,86409,Leslie Klein,8552
General_2020,Legislative,District 43,Pos. 2,980,< 25%,30759,Frank Chopp,61788,Sherae Lascelles,31029
General_2020,Legislative,District 44,Pos. 1,1359,< 25%,12767,John Lovick,50729,John T. Kartak,37962
General_2020,Legislative,District 44,Pos. 2,1359,25-50%,3155,April Berg,45572,Mark A. James,42417
General_2020,Legislative,District 45,Pos. 1,2310,< 25%,36408,Roger Goodman,60186,John P. Gibbons,23778
General_2020,Legislative,District 45,Pos. 2,2310,< 25%,28745,Larry Springer,56562,Amber Krabach,27817
General_2020,Legislative,District 46,Pos. 1,1266,< 25%,61859,Gerry Pollet,76563,Eric J. Brown,14704
General_2020,Legislative,District 46,Pos. 2,1266,< 25%,57672,Javier Valdez,74377,Beth Daranciang,16705
General_2020,Legislative,District 47,Pos. 1,2308,< 25%,12428,Debra Entenman,42147,Kyle Lyebyedyev,29719
General_2020,Legislative,District 47,Pos. 2,2308,< 25%,12804,Pat Sullivan,42399,Ted Cooke,29595
General_2020,Legislative,District 48,Pos. 1,2036,< 25%,29542,Vandana Slatter,49426,Victor H. Bishop,19884
General_2020,Legislative,District 48,Pos. 2,2036,< 25%,29098,Amy Walen,49213,Tim J. Hickey,20115
General_2020,Legislative,District 49,Pos. 1,397,< 25%,18948,Sharon Wylie,45684,Justin Forsman,26736
General_2020,Legislative,District 49,Pos. 2,397,< 25%,18367,Monica Stonier,45578,Park Llafet,27211
General_2019,Legislative,District 13,Pos. 2,88,< 25%,15940,Alex Ybarra,24211,Steve Verhey,8271
General_2018,Legislative,District 1,Pos. 1,1495,< 25%,26956,Derek Stanford,47881,Josh Colver,20925
General_2018,Legislative,District 1,Pos. 2,1495,< 25%,18412,Shelley Kloba,43560,Debra Blodgett,25148
General_2018,Legislative,District 2,Pos. 1,227,< 25%,10393,Andrew Barkis,33717,Anneliese Feld,23324
General_2018,Legislative,District 2,Pos. 2,227,< 25%,42571,JT Wilcox,42571,,0
General_2018,Legislative,District 3,Pos. 1,330,< 25%,14798,Marcus Riccelli,33539,Tom Taylor,18741
General_2018,Legislative,District 3,Pos. 2,330,< 25%,11661,Timm Ormsby,31983,Dave Lucas,20322
General_2018,Legislative,District 4,Pos. 1,213,< 25%,10609,Matt Shea,39572,Ted Cummings,28963
General_2018,Legislative,District 4,Pos. 2,213,< 25%,16359,Bob McCaslin,42613,Mary May,26254
General_2018,Legislative,District 5,Pos. 2,774,< 25%,3386,Lisa Callan,39330,Paul Graves,35944
General_2018,Legislative,District 5,Pos. 1,774,25-50%,2280,Bill Ramos,38972,Chad Magendanz,36692
General_2018,Legislative,District 6,Pos. 1,356,< 25%,4756,Mike Volz,36800,Kay Murano,32044
General_2018,Legislative,District 6,Pos. 2,356,> 50%,672,Jenny Graham,34644,Dave Wilson,33972
General_2018,Legislative,District 7,Pos. 1,51,< 25%,25498,Jacquelin Maycumber,47365,Randall (Randy) Michaelis,21867
General_2018,Legislative,District 7,Pos. 2,51,< 25%,24717,Joel Kretz,46987,Mike Bell,22270
General_2018,Legislative,District 8,Pos. 1,471,< 25%,18056,Brad Klippert,38570,Shir Regev,20514
General_2018,Legislative,District 8,Pos. 2,471,< 25%,19091,Matt Boehnke,38817,Christopher Tracy,19726
General_2018,Legislative,District 9,Pos. 1,168,< 25%,15047,Mary Dye,33978,Jenn Goulet,18931
General_2018,Legislative,District 9,Pos. 2,168,< 25%,11052,Joe Schmick,31749,Matthew Sutherland,20697
General_2018,Legislative,District 10,Pos. 1,133,< 25%,3134,Norma Smith,37803,Scott McMullen,34669
General_2018,Legislative,District 10,Pos. 2,133,< 25%,685,Dave Paul,36428,Dave Hayes,35743
General_2018,Legislative,District 11,Pos. 1,2381,< 25%,36327,Zack Hudgins,36327,,0
General_2018,Legislative,District 11,Pos. 2,2381,< 25%,36300,Steve Bergquist,36300,,0
General_2018,Legislative,District 12,Pos. 1,380,< 25%,6660,Keith Goehner,32598,Ann Diamond,25938
General_2018,Legislative,District 12,Pos. 2,380,< 25%,16109,Mike Steele,37223,Valerie Sarratt,21114
General_2018,Legislative,District 13,Pos. 1,88,< 25%,21103,Tom Dent,35233,Jesse Hegstrom Oakey,14130
General_2018,Legislative,District 13,Pos. 2,88,< 25%,10860,Matt Manweller,29811,Sylvia Hammond,18951
General_2018,Legislative,District 14,Pos. 1,58,< 25%,9164,Chris Corry,30763,Sasha Bentley,21599
General_2018,Legislative,District 14,Pos. 2,58,< 25%,11511,Gina Mosbrucker,31885,Liz Hallock,20374
General_2018,Legislative,District 15,Pos. 1,172,< 25%,6514,Bruce Chandler,20027,Jack McEntire,13513
General_2018,Legislative,District 15,Pos. 2,172,< 25%,7073,Jeremie Dufault,20275,A.J. Cooper,13202
General_2018,Legislative,District 16,Pos. 1,172,< 25%,12088,William 'Bill' Jenkin,29914,Everett Maroon,17826
General_2018,Legislative,District 16,Pos. 2,172,< 25%,10452,Skyler Rude,29157,Rebecca Francik,18705
General_2018,Legislative,District 17,Pos. 2,496,< 25%,8894,Paul Harris,33580,"Damion E Jiles, Sr.",24686
General_2018,Legislative,District 17,Pos. 1,496,> 50%,859,Vicki Kraft,29807,Tanisha Harris,28948
General_2018,Legislative,District 18,Pos. 1,319,< 25%,8007,Brandon Vick,39434,Chris Thobaben,31427
General_2018,Legislative,District 18,Pos. 2,319,< 25%,3901,Larry A. Hoff,37429,Kathy Gillespie,33528
General_2018,Legislative,District 19,Pos. 1,77,< 25%,484,Jim Walsh,28569,Erin Frasier,28085
General_2018,Legislative,District 19,Pos. 2,77,< 25%,4545,Brian E. Blake,30405,Joel McEntire,25860
General_2018,Legislative,District 20,Pos. 1,103,< 25%,14860,Richard DeBolt,38225,John Thompson,23365
General_2018,Legislative,District 20,Pos. 2,103,< 25%,17444,Ed Orcutt,39992,Brennan Bailey,22548
General_2018,Legislative,District 21,Pos. 1,1715,< 25%,18698,Strom Peterson,39007,Amy Schaper,20309
General_2018,Legislative,District 21,Pos. 2,1715,< 25%,18187,Lillian Ortiz-Self,38626,Petra Bigea,20439
General_2018,Legislative,District 22,Pos. 1,416,< 25%,27215,Laurie Dolan,47261,C Davis,20046
General_2018,Legislative,District 22,Pos. 2,416,< 25%,26124,Beth Doglio,46275,Allen Acosta,20151
General_2018,Legislative,District 23,Pos. 1,130,< 25%,11570,Sherry V. Appleton,37982,Becky Erickson,26412
General_2018,Legislative,District 23,Pos. 2,130,< 25%,48232,Drew Hansen,48232,,0
General_2018,Legislative,District 24,Pos. 1,68,< 25%,11979,Mike Chapman,43504,Jodi Wilke,31525
General_2018,Legislative,District 24,Pos. 2,68,< 25%,8589,Steve Tharinger,41630,Jim McEntire,33041
General_2018,Legislative,District 25,Pos. 1,359,> 50%,611,Kelly Chambers,27561,Jamie Smith,26950
General_2018,Legislative,District 25,Pos. 2,359,25-50%,1288,Chris Gildon,27701,Brian Duthie,26413
General_2018,Legislative,District 26,Pos. 1,175,< 25%,2607,Jesse L. Young,36120,Connie FitzPatrick,33513
General_2018,Legislative,District 26,Pos. 2,175,< 25%,7106,Michelle Caldier,38339,Joy Stanford,31233
General_2018,Legislative,District 27,Pos. 1,460,< 25%,23910,Laurie Jinkins,40108,Kyle Paskewitz,16198
General_2018,Legislative,District 27,Pos. 2,460,< 25%,24244,Jake Fey,39243,Donald Golden,14999
General_2018,Legislative,District 28,Pos. 1,441,< 25%,2946,Mari Leavitt,27735,Richard (Dick) Muri,24789
General_2018,Legislative,District 28,Pos. 2,441,< 25%,7793,Christine Kilduff,29955,Maia Espinoza,22162
General_2018,Legislative,District 29,Pos. 1,281,< 25%,8250,Melanie Morgan,22817,Terry Harder,14567
General_2018,Legislative,District 29,Pos. 2,281,< 25%,28180,Steve Kirby,28180,,0
General_2018,Legislative,District 30,Pos. 1,1330,< 25%,10478,Mike Pellicciotti,28563,Linda Kochmar,18085
General_2018,Legislative,District 30,Pos. 2,1330,< 25%,13136,Kristine M. Reeves,29635,Mark Greene,16499
General_2018,Legislative,District 31,Pos. 1,327,< 25%,11156,Drew Stokesbary,36844,Victoria Mena,25688
General_2018,Legislative,District 31,Pos. 2,327,< 25%,10628,Morgan Irwin,36467,Mark Boswell,25839
General_2018,Legislative,District 32,Pos. 1,1771,< 25%,33714,Cindy Ryu,49413,Diodato (Dio) Boucsieguez,15699
General_2018,Legislative,District 32,Pos. 2,1771,< 25%,31540,Lauren Davis,48199,Frank Deisler,16659
General_2018,Legislative,District 33,Pos. 1,2936,< 25%,34527,Tina L. Orwall,34527,,0
General_2018,Legislative,District 33,Pos. 2,2936,< 25%,16088,Mia Su-Ling Gregerson,30562,Anthony L. Lamb,14474
General_2018,Legislative,District 34,Pos. 1,1767,< 25%,57127,Eileen L. Cody,57127,,0
General_2018,Legislative,District 34,Pos. 2,1767,< 25%,56332,Joe Fitzgibbon,56332,,0
General_2018,Legislative,District 35,Pos. 1,115,< 25%,10068,Dan Griffey,37575,James Thomas,27507
General_2018,Legislative,District 35,Pos. 2,115,< 25%,1582,Drew C. MacEwen,33320,David Daggett,31738
General_2018,Legislative,District 36,Pos. 1,773,< 25%,67613,Noel Christina Frame,77571,Sydney Gillman Wissel,9958
General_2018,Legislative,District 36,Pos. 2,773,< 25%,63185,Gael Tarleton,75390,Matt Dubin,12205
General_2018,Legislative,District 37,Pos. 1,3259,< 25%,54218,Sharon Tomiko Santos,54218,,0
General_2018,Legislative,District 37,Pos. 2,3259,< 25%,47975,Eric Pettigrew,55127,Tamra Smilanich,7152
General_2018,Legislative,District 38,Pos. 1,816,< 25%,10951,June Robinson,29441,Bert Johnson,18490
General_2018,Legislative,District 38,Pos. 2,816,< 25%,35651,Mike Sells,35651,,0
General_2018,Legislative,District 39,Pos. 1,362,< 25%,7717,Robert J. Sutherland,33399,Ivan Lewis,25682
General_2018,Legislative,District 39,Pos. 2,362,< 25%,9528,Carolyn Eslick,34278,Eric Halvorson,24750
General_2018,Legislative,District 40,Pos. 1,204,< 25%,24461,Debra Lekanoff,48153,Michael Petrish,23692
General_2018,Legislative,District 40,Pos. 2,204,< 25%,52847,Jeff Morris,52847,,0
General_2018,Legislative,District 41,Pos. 1,1714,< 25%,21233,Tana Senn,45408,Tim Cruickshank,24175
General_2018,Legislative,District 41,Pos. 2,1714,< 25%,21591,My-Linh Thai,45476,Michael Appleby,23885
General_2018,Legislative,District 42,Pos. 1,292,> 50%,80,Luanne Van Werven,36242,Justin Boneau,36162
General_2018,Legislative,District 42,Pos. 2,292,25-50%,981,Sharon Shewmake,36704,Vincent Buys,35723
General_2018,Legislative,District 43,Pos. 1,980,< 25%,68643,Nicole Macri,76046,John Peeples,7403
General_2018,Legislative,District 43,Pos. 2,980,< 25%,65327,Frank Chopp,74155,Claire Torstenbo,8828
General_2018,Legislative,District 44,Pos. 1,1359,< 25%,9452,John Lovick,38194,Jeff Sax,28742
General_2018,Legislative,District 44,Pos. 2,1359,25-50%,2972,Jared M. Mead,34873,Mark Harmsworth,31901
General_2018,Legislative,District 45,Pos. 1,2310,< 25%,24674,Roger Goodman,47690,Michael Curtis,23016
General_2018,Legislative,District 45,Pos. 2,2310,< 25%,24770,Larry Springer,47674,Amber Krabach,22904
General_2018,Legislative,District 46,Pos. 1,1266,< 25%,51591,Gerry Pollet,65206,Jeff Patton,13615
General_2018,Legislative,District 46,Pos. 2,1266,< 25%,52412,Javier Valdez,65383,Jerry Zeiger-Buccola,12971
General_2018,Legislative,District 47,Pos. 2,2308,< 25%,14244,Pat Sullivan,34915,Ted Cooke,20671
General_2018,Legislative,District 47,Pos. 1,2308,> 50%,3930,Debra Entenman,29911,Mark Hargrove,25981
General_2018,Legislative,District 48,Pos. 1,2036,< 25%,40408,Vandana Slatter,40408,,0
General_2018,Legislative,District 48,Pos. 2,2036,< 25%,21515,Amy Walen,34143,Cindi Bright,12628
General_2018,Legislative,District 49,Pos. 1,397,< 25%,40080,Sharon Wylie,40080,,0
General_2018,Legislative,District 49,Pos. 2,397,< 25%,40087,Monica Jurado Stonier,40087,,0
General_2017,Legislative,District 7,Pos. 1,51,< 25%,12917,Jacquelin Maycumber,25039,Susan Swanson,12122
General_2017,Legislative,District 31,Pos. 2,327,< 25%,4402,Morgan Irwin,16711,Nate Lowry,12309
General_2017,Legislative,District 48,Pos. 1,2036,< 25%,14522,Vandana Slatter,22334,Ciaran Dougherty,7812
General_2016,Legislative,District 1,Pos. 1,1495,< 25%,15546,Derek Stanford,43207,Neil Thannisch,27661
General_2016,Legislative,District 1,Pos. 2,1495,< 25%,7337,Shelley Kloba,39076,Jim Langston,31739
General_2016,Legislative,District 2,Pos. 1,227,< 25%,9623,Andrew Barkis,34167,Amy Pivetta Hoffman,24544
General_2016,Legislative,District 2,Pos. 2,227,< 25%,18620,JT Wilcox,39033,Derek Maynes,20413
General_2016,Legislative,District 3,Pos. 1,330,< 25%,17224,Marcus Riccelli,33484,Randy McGlenn II,16260
General_2016,Legislative,District 3,Pos. 2,330,< 25%,12418,Timm Ormsby,31878,Laura Carder,19460
General_2016,Legislative,District 4,Pos. 1,213,< 25%,19893,Matt Shea,43914,Scott V. Stucker,24021
General_2016,Legislative,District 4,Pos. 2,213,< 25%,55755,Bob McCaslin,55755,,0
General_2016,Legislative,District 5,Pos. 2,774,< 25%,5492,Paul Graves,39330,Darcy Burner,33838
General_2016,Legislative,District 5,Pos. 1,774,25-50%,2818,Jay Rodne,37772,Jason Ritchie,34954
General_2016,Legislative,District 6,Pos. 1,356,< 25%,7281,Mike Volz,37702,Lynnette Vehrs,30421
General_2016,Legislative,District 6,Pos. 2,356,< 25%,17646,Jeff Holy,42948,Shar Lichty,25302
General_2016,Legislative,District 7,Pos. 1,51,< 25%,56589,Shelly Short,56589,,0
General_2016,Legislative,District 7,Pos. 2,51,< 25%,34689,Joel Kretz,49635,Mike Foster,14946
General_2016,Legislative,District 8,Pos. 1,471,< 25%,9961,Brad Klippert,33711,Rick Jansons,23750
General_2016,Legislative,District 8,Pos. 2,471,< 25%,11368,Larry Haler,34579,Steve Simmons,23211
General_2016,Legislative,District 9,Pos. 1,168,< 25%,17696,Mary Dye,35640,Jennifer Goulet,17944
General_2016,Legislative,District 9,Pos. 2,168,< 25%,42695,Joe Schmick,42695,,0
General_2016,Legislative,District 10,Pos. 1,133,< 25%,29400,Norma Smith,48178,Michael Scott,18778
General_2016,Legislative,District 10,Pos. 2,133,< 25%,13206,Dave Hayes,42962,Doris Brevoort,29756
General_2016,Legislative,District 11,Pos. 1,2381,< 25%,18290,Zack Hudgins,34801,Erin Smith Aboudara,16511
General_2016,Legislative,District 11,Pos. 2,2381,< 25%,41507,Steve Bergquist,41507,,0
General_2016,Legislative,District 12,Pos. 1,380,< 25%,15095,Cary Condotta,36748,Dan Maher,21653
General_2016,Legislative,District 12,Pos. 2,380,< 25%,10285,Mike Steele,30397,Jerry Paine,20112
General_2016,Legislative,District 13,Pos. 1,88,< 25%,41673,Tom Dent,41673,,0
General_2016,Legislative,District 13,Pos. 2,88,< 25%,20564,Matt Manweller,35071,Jordan Webb,14507
General_2016,Legislative,District 14,Pos. 1,58,< 25%,17394,Norm Johnson,35787,Susan Soto Palmer,18393
General_2016,Legislative,District 14,Pos. 2,58,< 25%,19934,Gina McCabe,36848,John (Eric) Adams,16914
General_2016,Legislative,District 15,Pos. 1,172,< 25%,30433,Bruce Chandler,30433,,0
General_2016,Legislative,District 15,Pos. 2,172,< 25%,7435,David V. Taylor,21926,AJ Cooper,14491
General_2016,Legislative,District 16,Pos. 1,172,< 25%,11560,William 'Bill' Jenkin,29812,Rebecca Francik,18252
General_2016,Legislative,District 16,Pos. 2,172,< 25%,17353,Terry R. Nealey,32860,Gary Downing,15507
General_2016,Legislative,District 17,Pos. 2,496,< 25%,15334,Paul Harris,36936,Martin Hash,21602
General_2016,Legislative,District 17,Pos. 1,496,25-50%,1967,Vicki Kraft,30552,Sam Kim,28585
General_2016,Legislative,District 18,Pos. 1,319,< 25%,18855,Brandon Vick,44729,Justin Oberg,25874
General_2016,Legislative,District 18,Pos. 2,319,< 25%,9689,Liz Pike,40354,Kathy Gillespie,30665
General_2016,Legislative,District 19,Pos. 1,77,< 25%,559,Jim Walsh,28693,Teresa Purcell,28134
General_2016,Legislative,District 19,Pos. 2,77,< 25%,11125,Brian E. Blake,33629,Jimi O'Hagan,22504
General_2016,Legislative,District 20,Pos. 1,103,< 25%,47206,Richard DeBolt,47206,,0
General_2016,Legislative,District 20,Pos. 2,103,< 25%,49195,Ed Orcutt,49195,,0
General_2016,Legislative,District 21,Pos. 1,1715,< 25%,26545,Strom Peterson,43184,Alex Hels,16639
General_2016,Legislative,District 21,Pos. 2,1715,< 25%,14704,Lillian Ortiz-Self,38170,Jeff Scherrer,23466
General_2016,Legislative,District 22,Pos. 1,416,< 25%,22683,Laurie Dolan,46088,Donald Austin,23405
General_2016,Legislative,District 22,Pos. 2,416,< 25%,52053,Beth Doglio,52053,,0
General_2016,Legislative,District 23,Pos. 1,130,< 25%,9966,Sherry V. Appleton,39457,Loretta Byrnes,29491
General_2016,Legislative,District 23,Pos. 2,130,< 25%,50973,Drew Hansen,50973,,0
General_2016,Legislative,District 24,Pos. 1,68,< 25%,15697,Mike Chapman,43847,George Vrable,28150
General_2016,Legislative,District 24,Pos. 2,68,< 25%,9809,Steve Tharinger,40704,John D. Alger,30895
General_2016,Legislative,District 25,Pos. 1,359,< 25%,10170,Melanie Stambaugh,34719,Jamie Smith,24549
General_2016,Legislative,District 25,Pos. 2,359,< 25%,7297,Joyce McDonald,33101,Michelle Chatterton,25804
General_2016,Legislative,District 26,Pos. 1,175,< 25%,9633,Jesse L. Young,39857,Larry Seaquist,30224
General_2016,Legislative,District 26,Pos. 2,175,< 25%,12368,Michelle Caldier,40755,Randy Spitzer,28387
General_2016,Legislative,District 27,Pos. 1,460,< 25%,46263,Laurie Jinkins,46263,,0
General_2016,Legislative,District 27,Pos. 2,460,< 25%,46153,Jake Fey,46153,,0
General_2016,Legislative,District 28,Pos. 1,441,< 25%,2375,Richard (Dick) Muri,29503,Mari Leavitt,27128
General_2016,Legislative,District 28,Pos. 2,441,< 25%,5338,Christine Kilduff,30920,Paul Wagemann,25582
General_2016,Legislative,District 29,Pos. 1,281,< 25%,7588,David Sawyer,24234,Rick Thomas,16646
General_2016,Legislative,District 29,Pos. 2,281,< 25%,8984,Steve Kirby,25318,Jessica Garcia,16334
General_2016,Legislative,District 30,Pos. 2,1330,> 50%,1082,Kristine Reeves,25206,Teri Hickel,24124
General_2016,Legislative,District 30,Pos. 1,1330,25-50%,4355,Mike Pellicciotti,26820,Linda Kochmar,22465
General_2016,Legislative,District 31,Pos. 1,327,< 25%,25800,Drew Stokesbary,42776,John Frostad,16976
General_2016,Legislative,District 31,Pos. 2,327,< 25%,9636,Phil Fortunato,36000,Lane Walthers,26364
General_2016,Legislative,District 32,Pos. 1,1771,< 25%,34111,Cindy Ryu,50061,Alvin Rutledge,15950
General_2016,Legislative,District 32,Pos. 2,1771,< 25%,29793,Ruth Kagi,47908,David D. Schirle,18115
General_2016,Legislative,District 33,Pos. 1,2936,< 25%,19055,Tina L. Orwall,33312,John Potter,14257
General_2016,Legislative,District 33,Pos. 2,2936,< 25%,14534,Mia Su-Ling Gregerson,30837,Pamela Pollock,16303
General_2016,Legislative,District 34,Pos. 1,1767,< 25%,44628,Eileen L. Cody,58754,Matthew Benson,14126
General_2016,Legislative,District 34,Pos. 2,1767,< 25%,43240,Joe Fitzgibbon,57954,Andrew Pilloud,14714
General_2016,Legislative,District 35,Pos. 1,115,< 25%,6577,Dan Griffey,36235,Irene Bowling,29658
General_2016,Legislative,District 35,Pos. 2,115,< 25%,5496,Drew C. MacEwen,35384,Craig Patti,29888
General_2016,Legislative,District 36,Pos. 1,773,< 25%,71028,Noel Christina Frame,71028,,0
General_2016,Legislative,District 36,Pos. 2,773,< 25%,70492,Gael Tarleton,70492,,0
General_2016,Legislative,District 37,Pos. 1,3259,< 25%,51383,Sharon Tomiko Santos,57092,John Dickinson,5709
General_2016,Legislative,District 37,Pos. 2,3259,< 25%,45191,Eric Pettigrew,53597,Tamra Smilanich,8406
General_2016,Legislative,District 38,Pos. 1,816,< 25%,41895,June Robinson,41895,,0
General_2016,Legislative,District 38,Pos. 2,816,< 25%,12543,Mike Sells,31672,Bert Johnson,19129
General_2016,Legislative,District 39,Pos. 1,362,< 25%,14197,Dan Kristiansen,37503,Linda M. Wright,23306
General_2016,Legislative,District 39,Pos. 2,362,< 25%,13396,John Koster,37250,Ronda Metcalf,23854
General_2016,Legislative,District 40,Pos. 1,204,< 25%,53429,Kristine Lytton,53429,,0
General_2016,Legislative,District 40,Pos. 2,204,< 25%,52376,Jeff Morris,52376,,0
General_2016,Legislative,District 41,Pos. 1,1714,< 25%,20274,Tana Senn,45092,John Pass,24818
General_2016,Legislative,District 41,Pos. 2,1714,< 25%,16283,Judy Clibborn,43077,Michael Appleby,26794
General_2016,Legislative,District 42,Pos. 1,292,< 25%,6619,Luanne Van Werven,39184,Sharlaine LaClair,32565
General_2016,Legislative,District 42,Pos. 2,292,< 25%,11201,Vincent Buys,41054,Tracy Atwood,29853
General_2016,Legislative,District 43,Pos. 1,980,< 25%,23425,Nicole Macri,49605,Dan Shih,26180
General_2016,Legislative,District 43,Pos. 2,980,< 25%,67403,Frank Chopp,67403,,0
General_2016,Legislative,District 44,Pos. 2,1359,< 25%,6365,Mark Harmsworth,38138,Katrina Ondracek,31773
General_2016,Legislative,District 44,Pos. 1,1359,25-50%,2810,John Lovick,36836,Janice Huxford,34026
General_2016,Legislative,District 45,Pos. 1,2310,< 25%,16490,Roger Goodman,42981,Ramiro Valderrama,26491
General_2016,Legislative,District 45,Pos. 2,2310,< 25%,53018,Larry Springer,53018,,0
General_2016,Legislative,District 46,Pos. 1,1266,< 25%,52460,Gerry Pollet,63831,Stephanie Heart Viskovich,11371
General_2016,Legislative,District 46,Pos. 2,1266,< 25%,63887,Jessyn Farrell,63887,,0
General_2016,Legislative,District 47,Pos. 1,2308,25-50%,7771,Mark Hargrove,31327,Brooke Valentine,23556
General_2016,Legislative,District 47,Pos. 2,2308,25-50%,8802,Pat Sullivan,31858,Barry Knowles,23056
General_2016,Legislative,District 48,Pos. 1,2036,< 25%,22648,Patty Kuderer,39472,Michelle Darnell,16824
General_2016,Legislative,District 48,Pos. 2,2036,< 25%,25331,Joan McBride,40633,Benjamin Judah Phelps,15302
General_2016,Legislative,District 49,Pos. 1,397,< 25%,21381,Sharon Wylie,34762,Kaitlyn Beck,13381
General_2016,Legislative,District 49,Pos. 2,397,< 25%,4989,Monica Jurado Stonier,26745,Alishia Topper,21756
General_2015,Legislative,District 9,Pos. 1,168,< 25%,6737,Mary Dye,16019,Richard Lathim,9282
General_2015,Legislative,District 30,Pos. 2,1330,> 50%,2221,Teri Hickel,12652,Carol Gregory,10431
General_2014,Legislative,District 1,Pos. 1,1495,< 25%,7291,Derek Stanford,25276,Mark Davies,17985
General_2014,Legislative,District 1,Pos. 2,1495,25-50%,3364,Luis Moscoso,23198,Edward J. Barton,19834
General_2014,Legislative,District 2,Pos. 1,227,< 25%,8859,Graham Hunt,22369,Greg Hartman,13510
General_2014,Legislative,District 2,Pos. 2,227,< 25%,15103,J.T. Wilcox,24837,Steven Nielson,9734
General_2014,Legislative,District 3,Pos. 1,330,< 25%,6597,Marcus Riccelli,19946,Tim Benn,13349
General_2014,Legislative,District 3,Pos. 2,330,< 25%,12671,Timm Ormsby,22606,Paul Delaney,9935
General_2014,Legislative,District 4,Pos. 1,213,< 25%,6967,Bob McCaslin,25268,Diana Wilhite,18301
General_2014,Legislative,District 4,Pos. 2,213,< 25%,6742,Matt Shea,25114,Josh Arritola,18372
General_2014,Legislative,District 5,Pos. 1,774,< 25%,6898,Jay Rodne,26029,Essie Hicks,19131
General_2014,Legislative,District 5,Pos. 2,774,< 25%,8028,Chad Magendanz,26287,David Spring,18259
General_2014,Legislative,District 6,Pos. 1,356,< 25%,16567,Kevin Parker,32289,Donald Dover,15722
General_2014,Legislative,District 6,Pos. 2,356,< 25%,16801,Jeff Holy,32078,Ziggy Siegfried,15277
General_2014,Legislative,District 7,Pos. 1,51,< 25%,28120,Shelly Short,37648,James R. Apker,9528
General_2014,Legislative,District 7,Pos. 2,51,< 25%,31002,Joel Kretz,38934,Ronnie Rae,7932
General_2014,Legislative,District 8,Pos. 1,471,< 25%,31811,Brad Klippert,31811,,0
General_2014,Legislative,District 8,Pos. 2,471,< 25%,23413,Larry Haler,32188,Eric Kalia,8775
General_2014,Legislative,District 9,Pos. 1,168,< 25%,28550,Susan Fagan,28550,,0
General_2014,Legislative,District 9,Pos. 2,168,< 25%,28058,Joe Schmick,28058,,0
General_2014,Legislative,District 10,Pos. 1,133,< 25%,25575,Norma Smith,37119,Michael Scott,11544
General_2014,Legislative,District 10,Pos. 2,133,< 25%,10038,Dave Hayes,30993,Nick Petrish,20955
General_2014,Legislative,District 11,Pos. 1,2381,< 25%,20763,Zack Hudgins,20763,,0
General_2014,Legislative,District 11,Pos. 2,2381,25-50%,9524,Steve Bergquist,18990,Sarah Sanoy-Wright,9466
General_2014,Legislative,District 12,Pos. 1,380,< 25%,28899,Cary Condotta,28899,,0
General_2014,Legislative,District 12,Pos. 2,380,< 25%,29813,Brad Hawkins,29813,,0
General_2014,Legislative,District 13,Pos. 1,88,< 25%,8753,Tom Dent,20876,Dannette (Dani) Bolyard,12123
General_2014,Legislative,District 13,Pos. 2,88,< 25%,27459,Matt Manweller,27459,,0
General_2014,Legislative,District 14,Pos. 1,58,< 25%,4852,Norm Johnson,20584,Michael S. Brumback,15732
General_2014,Legislative,District 14,Pos. 2,58,< 25%,13789,Gina R. McCabe,25363,Paul George,11574
General_2014,Legislative,District 15,Pos. 1,172,< 25%,18650,Bruce Chandler,18650,,0
General_2014,Legislative,District 15,Pos. 2,172,< 25%,10226,David V. Taylor,16523,Teodora Martinez-Chavez,6297
General_2014,Legislative,District 16,Pos. 1,172,< 25%,5904,Maureen S. Walsh,19152,Mary Ruth Edwards,13248
General_2014,Legislative,District 16,Pos. 2,172,< 25%,15530,Terry R. Nealey,24497,Frank Blair,8967
General_2014,Legislative,District 17,Pos. 2,496,< 25%,8372,Paul Harris,22212,Richard McCluskey,13840
General_2014,Legislative,District 17,Pos. 1,496,25-50%,1173,Lynda Wilson,18920,Monica Stonier,17747
General_2014,Legislative,District 18,Pos. 1,319,< 25%,11700,Brandon Vick,28221,Mike Briggs,16521
General_2014,Legislative,District 18,Pos. 2,319,< 25%,8277,Liz Pike,26619,Maureen Winningham,18342
General_2014,Legislative,District 19,Pos. 1,77,< 25%,13168,Dean Takko,26006,David A. Steenson,12838
General_2014,Legislative,District 19,Pos. 2,77,< 25%,10793,Brian Blake,25430,Hugh Fleet,14637
General_2014,Legislative,District 20,Pos. 1,103,< 25%,12897,Richard DeBolt,27191,Michael Savoca,14294
General_2014,Legislative,District 20,Pos. 2,103,< 25%,15012,Ed Orcutt,26326,John Morgan,11314
General_2014,Legislative,District 21,Pos. 1,1715,< 25%,7422,Strom Peterson,22221,Allen McPheeters,14799
General_2014,Legislative,District 21,Pos. 2,1715,25-50%,6315,Lillian Ortiz-Self,21554,Jeff Scherrer,15239
General_2014,Legislative,District 22,Pos. 1,416,< 25%,12691,Chris Reykdal,28977,Steve Owens,16286
General_2014,Legislative,District 22,Pos. 2,416,< 25%,20580,Sam Hunt,32051,Franklin Edwards,11471
General_2014,Legislative,District 23,Pos. 1,130,< 25%,8085,Sherry V. Appleton,27801,Scott Henden,19716
General_2014,Legislative,District 23,Pos. 2,130,< 25%,11760,Drew Hansen,29064,James M. Olsen,17304
General_2014,Legislative,District 24,Pos. 1,68,< 25%,36758,Kevin Van De Wege,36758,,0
General_2014,Legislative,District 24,Pos. 2,68,< 25%,6858,Steve Tharinger,30087,Thomas W. Greisamer,23229
General_2014,Legislative,District 25,Pos. 1,359,< 25%,3565,Melanie Stambaugh,20384,Dawn Morrell,16819
General_2014,Legislative,District 25,Pos. 2,359,< 25%,10899,Hans Zeiger,23760,Eric Renz,12861
General_2014,Legislative,District 26,Pos. 1,175,< 25%,3628,Jesse Young,26391,Nathan Schlicher,22763
General_2014,Legislative,District 26,Pos. 2,175,25-50%,601,Michelle Caldier,24847,Larry Seaquist,24246
General_2014,Legislative,District 27,Pos. 1,460,< 25%,11917,Laurie Jinkins,23027,Rodger Deskins,11110
General_2014,Legislative,District 27,Pos. 2,460,< 25%,11901,Jake Fey,22992,Steven T. Cook,11091
General_2014,Legislative,District 28,Pos. 1,441,< 25%,5956,Richard (Dick) Muri,22022,Mary Moss,16066
General_2014,Legislative,District 28,Pos. 2,441,> 50%,269,Christine Kilduff,19129,Paul Wagemann,18860
General_2014,Legislative,District 29,Pos. 1,281,< 25%,2564,David Sawyer,12356,Jason Bergstrom,9792
General_2014,Legislative,District 29,Pos. 2,281,< 25%,16925,Steve Kirby,16925,,0
General_2014,Legislative,District 30,Pos. 2,1330,> 50%,1797,Roger Freeman,15953,Jack Dovey,14156
General_2014,Legislative,District 30,Pos. 1,1330,25-50%,4005,Linda Kochmar,17119,Greg Baruso,13114
General_2014,Legislative,District 31,Pos. 1,327,< 25%,8744,Drew Stokesbary,24190,Mike Sando,15446
General_2014,Legislative,District 31,Pos. 2,327,25-50%,1281,Christopher Hurst,20610,Phil Fortunato,19329
General_2014,Legislative,District 32,Pos. 1,1771,< 25%,31041,Cindy Ryu,31041,,0
General_2014,Legislative,District 32,Pos. 2,1771,< 25%,17706,Ruth Kagi,29466,Alvin A. Rutledge,11760
General_2014,Legislative,District 33,Pos. 2,2936,> 50%,3240,Mia Su-Ling Gregerson,16130,Jeanette Burrage,12890
General_2014,Legislative,District 33,Pos. 1,2936,25-50%,8345,Tina Orwall,18776,Michael J. Siefkes,10431
General_2014,Legislative,District 34,Pos. 1,1767,< 25%,33959,Eileen L. Cody,33959,,0
General_2014,Legislative,District 34,Pos. 2,1767,< 25%,26079,Joe Fitzgibbon,32771,Brendan B. Kolding,6692
General_2014,Legislative,District 35,Pos. 1,115,< 25%,504,Dan Griffey,23995,Kathy Haigh,23491
General_2014,Legislative,District 35,Pos. 2,115,< 25%,8523,Drew C. MacEwen,27408,Tammey Newton,18885
General_2014,Legislative,District 36,Pos. 1,773,< 25%,40477,Reuven Carlyle,47808,Leslie Klein,7331
General_2014,Legislative,District 36,Pos. 2,773,< 25%,39043,Gael Tarleton,46515,Paul Addis,7472
General_2014,Legislative,District 37,Pos. 1,3259,< 25%,28030,Sharon Tomiko Santos,33001,Daniel Bretzke,4971
General_2014,Legislative,District 37,Pos. 2,3259,< 25%,26544,Eric Pettigrew,31532,Tamra Smilanich,4988
General_2014,Legislative,District 38,Pos. 1,816,< 25%,3420,June Robinson,17355,Jesse Anderson,13935
General_2014,Legislative,District 38,Pos. 2,816,< 25%,10284,Mike Sells,20241,Elijah Olson,9957
General_2014,Legislative,District 39,Pos. 1,362,< 25%,30832,Dan Kristiansen,30832,,0
General_2014,Legislative,District 39,Pos. 2,362,< 25%,9975,Elizabeth Scott,24753,Charles Jensen,14778
General_2014,Legislative,District 40,Pos. 1,204,< 25%,14541,Kristine Lytton,31305,Daniel R. Miller,16764
General_2014,Legislative,District 40,Pos. 2,204,< 25%,34864,Jeff Morris,34864,,0
General_2014,Legislative,District 41,Pos. 1,1714,< 25%,11596,Tana Senn,28166,Bill Stinson,16570
General_2014,Legislative,District 41,Pos. 2,1714,< 25%,20677,Judy Clibborn,30871,Alex O'Neil,10194
General_2014,Legislative,District 42,Pos. 1,292,< 25%,5841,Luanne VanWerven,28581,Satpal Sidhu,22740
General_2014,Legislative,District 42,Pos. 2,292,< 25%,8262,Vincent Buys,29650,Joy Monjure,21388
General_2014,Legislative,District 43,Pos. 1,980,< 25%,37575,Brady Walkinshaw,37575,,0
General_2014,Legislative,District 43,Pos. 2,980,< 25%,31418,Frank Chopp,40024,Jessica Spear,8606
General_2014,Legislative,District 44,Pos. 1,1359,> 50%,1613,Hans Dunshee,22681,Rob Toyer,21068
General_2014,Legislative,District 44,Pos. 2,1359,25-50%,2910,Mark Harmsworth,23158,Mike Wilson,20248
General_2014,Legislative,District 45,Pos. 1,2310,25-50%,4801,Roger Goodman,26471,Joel Hussey,21670
General_2014,Legislative,District 45,Pos. 2,2310,25-50%,6759,Larry Springer,27412,Brendan Woodward,20653
General_2014,Legislative,District 46,Pos. 1,1266,< 25%,39389,Gerry Pollet,39389,,0
General_2014,Legislative,District 46,Pos. 2,1266,< 25%,32992,Jessyn Farrell,42004,Branden Curtis,9012
General_2014,Legislative,District 47,Pos. 1,2308,> 50%,3889,Mark Hargrove,19108,Chris Barringer,15219
General_2014,Legislative,District 47,Pos. 2,2308,> 50%,3858,Pat Sullivan,19001,Barry Knowles,15143
General_2014,Legislative,District 48,Pos. 1,2036,< 25%,14695,Ross Hunter,26168,Bill Hirt,11473
General_2014,Legislative,District 48,Pos. 2,2036,< 25%,13766,Joan McBride,24815,Tim Turner,11049
General_2014,Legislative,District 49,Pos. 1,397,< 25%,4322,Sharon Wylie,19610,Anson Service,15288
General_2014,Legislative,District 49,Pos. 2,397,< 25%,3545,Jim Moeller,19239,Lisa Ross,15694
General_2012,Legislative,District 1,Pos. 1,1495,< 25%,10265,Derek Stanford,37824,Sandy Guinn,27559
General_2012,Legislative,District 1,Pos. 2,1495,< 25%,13973,Luis Moscoso,38346,Mark T. Davies,24373
General_2012,Legislative,District 2,Pos. 1,227,< 25%,8883,Gary Alexander,32174,Greg Hartman,23291
General_2012,Legislative,District 2,Pos. 2,227,< 25%,44770,J.T. Wilcox,44770,,0
General_2012,Legislative,District 3,Pos. 1,330,< 25%,12662,Marcus Riccelli,31303,Tim Benn,18641
General_2012,Legislative,District 3,Pos. 2,330,< 25%,12109,Timm Ormsby,31261,Dave White,19152
General_2012,Legislative,District 4,Pos. 1,213,< 25%,48609,Larry Crouse,48609,,0
General_2012,Legislative,District 4,Pos. 2,213,< 25%,8652,Matt Shea,36578,Amy C. Biviano,27926
General_2012,Legislative,District 5,Pos. 1,774,< 25%,47851,Jay Rodne,47851,,0
General_2012,Legislative,District 5,Pos. 2,774,< 25%,6805,Chad Magendanz,35961,David Spring,29156
General_2012,Legislative,District 6,Pos. 1,356,< 25%,47730,Kevin Parker,47730,,0
General_2012,Legislative,District 6,Pos. 2,356,< 25%,6235,Jeff Holy,35334,Dennis Dellwo,29099
General_2012,Legislative,District 7,Pos. 1,51,< 25%,50821,Shelly Short,50821,,0
General_2012,Legislative,District 7,Pos. 2,51,< 25%,16410,Joel Kretz,36747,Robert (Bob) Wilson,20337
General_2012,Legislative,District 8,Pos. 1,471,< 25%,14428,Brad Klippert,37123,Jay Clough,22695
General_2012,Legislative,District 8,Pos. 2,471,< 25%,26595,Larry Haler,42953,Richard Reuther,16358
General_2012,Legislative,District 9,Pos. 1,168,< 25%,39428,Susan Fagan,39428,,0
General_2012,Legislative,District 9,Pos. 2,168,< 25%,39620,Joe Schmick,39620,,0
General_2012,Legislative,District 10,Pos. 1,133,< 25%,15520,Norma Smith,42581,Aaron Simpson,27061
General_2012,Legislative,District 10,Pos. 2,133,< 25%,3201,Dave Hayes,36086,Tom Riggs,32885
General_2012,Legislative,District 11,Pos. 1,2381,< 25%,23520,Zack Hudgins,33501,Jim Flynn,9981
General_2012,Legislative,District 11,Pos. 2,2381,< 25%,20848,Steve Bergquist,34695,Sarah Sanoy-Wright,13847
General_2012,Legislative,District 12,Pos. 1,380,< 25%,15031,Cary Condotta,32767,Stan Morse,17736
General_2012,Legislative,District 12,Pos. 2,380,25-50%,933,Brad Hawkins,26186,Mike Armstrong,25253
General_2012,Legislative,District 13,Pos. 1,88,< 25%,37557,Judith (Judy) Warnick,37557,,0
General_2012,Legislative,District 13,Pos. 2,88,< 25%,17253,Matt Manweller,31880,Kaj Selmann,14627
General_2012,Legislative,District 14,Pos. 1,58,< 25%,14347,Norm Johnson,32930,Paul Spencer,18583
General_2012,Legislative,District 14,Pos. 2,58,< 25%,16007,Charles Ross,33676,Mathew K.M. Tomaskin,17669
General_2012,Legislative,District 15,Pos. 1,172,< 25%,29075,Bruce Chandler,29075,,0
General_2012,Legislative,District 15,Pos. 2,172,< 25%,7947,David V. Taylor,21904,Pablo Gonzalez,13957
General_2012,Legislative,District 16,Pos. 1,172,< 25%,7196,Maureen Walsh,25503,Mary Ruth Edwards,18307
General_2012,Legislative,District 16,Pos. 2,172,< 25%,37331,Terry R. Nealey,37331,,0
General_2012,Legislative,District 17,Pos. 2,496,< 25%,6312,Paul Harris,30095,Jim Gizzi,23783
General_2012,Legislative,District 17,Pos. 1,496,> 50%,139,Monica Stonier,27448,Julie Olson,27309
General_2012,Legislative,District 18,Pos. 1,319,< 25%,19244,Brandon Vick,36587,Adrian E. Cortes,17343
General_2012,Legislative,District 18,Pos. 2,319,< 25%,13222,Liz Pike,38224,David Shehorn,25002
General_2012,Legislative,District 19,Pos. 1,77,< 25%,12769,Dean Takko,33981,Dixie Kolditz,21212
General_2012,Legislative,District 19,Pos. 2,77,< 25%,8526,Brian E. Blake,31266,Tim Sutinen,22740
General_2012,Legislative,District 20,Pos. 1,103,< 25%,45137,Richard DeBolt,45137,,0
General_2012,Legislative,District 20,Pos. 2,103,< 25%,18793,Ed Orcutt,34548,John Morgan,15755
General_2012,Legislative,District 21,Pos. 1,1715,< 25%,44616,Mary Helen Roberts,44616,,0
General_2012,Legislative,District 21,Pos. 2,1715,< 25%,12000,Marko Liias,34231,Kevin Morrison,22231
General_2012,Legislative,District 22,Pos. 1,416,< 25%,49337,Chris Reykdal,49337,,0
General_2012,Legislative,District 22,Pos. 2,416,< 25%,49404,Sam Hunt,49404,,0
General_2012,Legislative,District 23,Pos. 1,130,< 25%,14618,Sherry V. Appleton,40764,Tony Stephens,26146
General_2012,Legislative,District 23,Pos. 2,130,< 25%,13533,Drew Hansen,39949,James M. Olsen,26416
General_2012,Legislative,District 24,Pos. 1,68,< 25%,19105,Kevin Van De Wege,43085,Craig Durgan,23980
General_2012,Legislative,District 24,Pos. 2,68,< 25%,11575,Steve Tharinger,40045,Steve Gale,28470
General_2012,Legislative,District 25,Pos. 1,359,< 25%,3041,Dawn Morrell,30049,Shelly Schlumpf,27008
General_2012,Legislative,District 25,Pos. 2,359,< 25%,7685,Hans Zeiger,32017,Bill Hilton,24332
General_2012,Legislative,District 26,Pos. 1,175,< 25%,12070,Jan Angel,39234,Karin Ashabraner,27164
General_2012,Legislative,District 26,Pos. 2,175,< 25%,4709,Larry Seaquist,35384,Doug Richards,30675
General_2012,Legislative,District 27,Pos. 1,460,< 25%,23520,Laurie Jinkins,39290,Steven T. Cook,15770
General_2012,Legislative,District 27,Pos. 2,460,< 25%,13617,Jake Fey,32444,Lauren Walker,18827
General_2012,Legislative,District 28,Pos. 1,441,< 25%,5506,Steve O'Ban,29963,Eric Choiniere,24457
General_2012,Legislative,District 28,Pos. 2,441,< 25%,5944,Tami Green,30572,Paul Wagemann,24628
General_2012,Legislative,District 29,Pos. 1,281,< 25%,10798,David Sawyer,25669,Terry Harder,14871
General_2012,Legislative,District 29,Pos. 2,281,< 25%,33937,Steve Kirby,33937,,0
General_2012,Legislative,District 30,Pos. 1,1330,> 50%,655,Linda Kochmar,24142,Roger Flygare,23487
General_2012,Legislative,District 30,Pos. 2,1330,25-50%,4701,Roger Freeman,26155,Katrina Asay,21454
General_2012,Legislative,District 31,Pos. 1,327,< 25%,15169,Cathy Dahlquist,37187,Brian L. Gunn,22018
General_2012,Legislative,District 31,Pos. 2,327,< 25%,6225,Christopher Hurst,32462,Lisa Connors,26237
General_2012,Legislative,District 32,Pos. 1,1771,< 25%,27847,Cindy Ryu,45276,Randy J. Hayden,17429
General_2012,Legislative,District 32,Pos. 2,1771,< 25%,28578,Ruth Kagi,45495,Robert Reedy,16917
General_2012,Legislative,District 33,Pos. 1,2936,< 25%,19756,Tina Orwall,32698,Will Benge,12942
General_2012,Legislative,District 33,Pos. 2,2936,< 25%,17882,Dave Upthegrove,31700,Martin Metz,13818
General_2012,Legislative,District 34,Pos. 1,1767,< 25%,43463,Eileen L. Cody,52001,William Giammarese,8538
General_2012,Legislative,District 34,Pos. 2,1767,< 25%,51780,Joe Fitzgibbon,51780,,0
General_2012,Legislative,District 35,Pos. 1,115,< 25%,1824,Kathy Haigh,33263,Dan Griffey,31439
General_2012,Legislative,District 35,Pos. 2,115,< 25%,2337,Drew C. MacEwen,32975,Lynda Ring-Erickson,30638
General_2012,Legislative,District 36,Pos. 1,773,< 25%,58410,Reuven Carlyle,67105,Leslie Klein,8695
General_2012,Legislative,District 36,Pos. 2,773,< 25%,8291,Gael Tarleton,39564,Noel Christina Frame,31273
General_2012,Legislative,District 37,Pos. 1,3259,< 25%,49275,Sharon Tomiko Santos,49275,,0
General_2012,Legislative,District 37,Pos. 2,3259,< 25%,42123,Eric Pettigrew,49094,Tamra Smilanich,6971
General_2012,Legislative,District 38,Pos. 1,816,< 25%,10556,John McCoy,30486,Sam Wilson,19930
General_2012,Legislative,District 38,Pos. 2,816,< 25%,12236,Mike Sells,30832,Michael Casey,18596
General_2012,Legislative,District 39,Pos. 1,362,< 25%,6245,Dan Kristiansen,32044,Linda Wright,25799
General_2012,Legislative,District 39,Pos. 2,362,< 25%,3962,Elizabeth Scott,30667,Eleanor Walters,26705
General_2012,Legislative,District 40,Pos. 1,204,< 25%,28303,Kristine Lytton,44113,Brandon Robinson,15810
General_2012,Legislative,District 40,Pos. 2,204,< 25%,29535,Jeff Morris,43868,Howard A. Pellett,14333
General_2012,Legislative,District 41,Pos. 1,1714,< 25%,11668,Marcie Maxwell,40038,Tim Eaves,28370
General_2012,Legislative,District 41,Pos. 2,1714,< 25%,48847,Judy Clibborn,48847,,0
General_2012,Legislative,District 42,Pos. 1,292,< 25%,5253,Jason Overstreet,35225,Natalie McClendon,29972
General_2012,Legislative,District 42,Pos. 2,292,< 25%,4815,Vincent Buys,34967,Matthew Krogh,30152
General_2012,Legislative,District 43,Pos. 1,980,< 25%,59762,Jamie Pedersen,59762,,0
General_2012,Legislative,District 43,Pos. 2,980,< 25%,28700,Frank Chopp,49125,Kshama Sawant,20425
General_2012,Legislative,District 44,Pos. 1,1359,< 25%,5679,Hans Dunshee,35366,Mark Harmsworth,29687
General_2012,Legislative,District 44,Pos. 2,1359,< 25%,7489,Mike Hope,35952,Mary McNaughton,28463
General_2012,Legislative,District 45,Pos. 2,2310,< 25%,10427,Larry Springer,38640,Jim Thatcher,28213
General_2012,Legislative,District 45,Pos. 1,2310,25-50%,8689,Roger Goodman,37975,Joel Hussey,29286
General_2012,Legislative,District 46,Pos. 1,1266,< 25%,20231,Gerry Pollet,42952,Sylvester Cann,22721
General_2012,Legislative,District 46,Pos. 2,1266,< 25%,17390,Jessyn Farrell,40228,Sarajane Siegfriedt,22838
General_2012,Legislative,District 47,Pos. 2,2308,< 25%,10849,Pat Sullivan,32039,Andy Massagli,21190
General_2012,Legislative,District 47,Pos. 1,2308,> 50%,157,Mark Hargrove,27101,Bud Sizemore,26944
General_2012,Legislative,District 48,Pos. 1,2036,< 25%,21899,Ross Hunter,39362,Bill Hirt,17463
General_2012,Legislative,District 48,Pos. 2,2036,< 25%,13007,Cyrus Habib,35078,Hank Myers,22071
General_2012,Legislative,District 49,Pos. 1,397,< 25%,10695,Sharon Wylie,31658,Debbie Peterson,20963
General_2012,Legislative,District 49,Pos. 2,397,< 25%,11121,Jim Moeller,31858,Carolyn Crain,20737
Primary_2022,Congressional,Congressional District 9,U.S. Representative,12212,< 25%,49128,Adam Smith,"78,272",Doug Basler,"29,144"
Primary_2022,Congressional,Congressional District 5,U.S. Representative,1142,< 25%,44221,Cathy McMorris Rodgers,"106,072",Natasha Hill,"61,851"
Primary_2022,Congressional,Congressional District 4,U.S. Representative,930,> 50%,571,Dan Newhouse,"38,331",Doug White,"37,760"
Primary_2022,Congressional,Congressional District 6,U.S. Representative,948,< 25%,61104,Derek Kilmer,"115,725",Elizabeth Kreiselmaier,"54,621"
Primary_2022,Congressional,Congressional District 8,U.S. Representative,4126,< 25%,63016,Kim Schrier,"97,700",Matt Larkin,"34,684"
Primary_2022,Congressional,Congressional District 3,U.S. Representative,1421,< 25%,18093,Marie Gluesenkamp Perez,"68,190",Joe Kent,"50,097"
Primary_2022,Congressional,Congressional District 10,U.S. Representative,1774,< 25%,34862,Marilyn Strickland,"90,093",Keith R Swank,"55,231"
Primary_2022,Congressional,Congressional District 7,U.S. Representative,6145,< 25%,161831,Pramila Jayapal,"177,665",Cliff Moon,"15,834"
Primary_2022,Congressional,Congressional District 2,U.S. Representative,3123,< 25%,63238,Rick Larsen,"100,631",Dan Matthews,"37,393"
Primary_2022,Congressional,Congressional District 1,U.S. Representative,7493,< 25%,69859,Suzan DelBene,"102,857",Vincent J Cavaleri,"32,998"
Primary_2020,Congressional,Congressional District 9,U.S. Representative,12212,< 25%,114678,Adam Smith,"145,601",Doug Basler,"30,923"
Primary_2020,Congressional,Congressional District 5,U.S. Representative,1142,< 25%,66252,Cathy McMorris Rodgers,"122,744",Dave Wilson,"56,492"
Primary_2020,Congressional,Congressional District 4,U.S. Representative,930,< 25%,55068,Dan Newhouse,"101,539",Douglas E. McKinley,"46,471"
Primary_2020,Congressional,Congressional District 6,U.S. Representative,948,< 25%,53418,Derek Kilmer,"125,019",Elizabeth Kreiselmaier,"71,601"
Primary_2020,Congressional,Congressional District 3,U.S. Representative,1421,< 25%,39851,Jaime Herrera Beutler,"135,726",Carolyn Long,"95,875"
Primary_2020,Congressional,Congressional District 8,U.S. Representative,4126,< 25%,57243,Kim Schrier,"106,611",Jesse Jensen,"49,368"
Primary_2020,Congressional,Congressional District 10,U.S. Representative,1774,< 25%,11734,Marilyn Strickland,"45,988",Beth Doglio,"34,254"
Primary_2020,Congressional,Congressional District 7,U.S. Representative,6145,< 25%,216324,Pramila Jayapal,"240,801",Craig Keller,"24,477"
Primary_2020,Congressional,Congressional District 2,U.S. Representative,3123,< 25%,83590,Rick Larsen,"120,694",Timothy S. Hazelo,"37,104"
Primary_2020,Congressional,Congressional District 1,U.S. Representative,7493,< 25%,62011,Suzan DelBene,"147,666","Jeffrey Beeler, Sr.","85,655"
Primary_2018,Congressional,Congressional District 1,U.S. Representative,7493,< 25%,60277,Suzan DelBene,"106,107",Jeffrey Beeler,"45,830"
Primary_2018,Congressional,Congressional District 4,U.S. Representative,930,< 25%,32335,Dan Newhouse,"77,203",Christine Brown,"44,868"
Primary_2018,Congressional,Congressional District 8,U.S. Representative,4126,< 25%,41451,Dino Rossi,"73,288",Kim Schrier,"31,837"
Primary_2018,Congressional,Congressional District 3,U.S. Representative,1421,< 25%,11163,Jaime Herrera Beutler,"68,961",Carolyn Long,"57,798"
Primary_2018,Congressional,Congressional District 9,U.S. Representative,12212,25-50%,31626,Adam Smith,"71,035",Sarah Smith,"39,409"
Primary_2018,Congressional,Congressional District 5,U.S. Representative,1142,< 25%,7951,Cathy McMorris Rodgers,"99,689",Lisa Brown,"91,738"
Primary_2018,Congressional,Congressional District 6,U.S. Representative,948,< 25%,57197,Derek Kilmer,"117,848",Douglas Dightman,"60,651"
Primary_2018,Congressional,Congressional District 10,U.S. Representative,1774,< 25%,37282,Denny Heck,"82,552",Joseph Brumbles,"45,270"
Primary_2018,Congressional,Congressional District 7,U.S. Representative,6145,< 25%,149518,Pramila Jayapal,"189,175",Craig Keller,"39,657"
Primary_2018,Congressional,Congressional District 2,U.S. Representative,3123,< 25%,89177,Rick Larsen,"101,497",Brian Luke,"12,320"
Primary_2016,Congressional,Congressional District 2,U.S. Representative,3123,< 25%,27133,Rick Larsen,"71,955",Marc Hennemann,"44,822"
Primary_2016,Congressional,Congressional District 8,U.S. Representative,4126,< 25%,51565,Dave Reichert,"73,600",Tony Ventrella,"22,035"
Primary_2016,Congressional,Congressional District 10,U.S. Representative,1774,< 25%,12392,Denny Heck,"58,865",Jim Postma,"46,473"
Primary_2016,Congressional,Congressional District 9,U.S. Representative,12212,25-50%,39252,Adam Smith,"67,100",Doug Basler,"27,848"
Primary_2016,Congressional,Congressional District 4,U.S. Representative,930,< 25%,17828,Dan Newhouse,"44,720",Clint Didier,"26,892"
Primary_2016,Congressional,Congressional District 1,U.S. Representative,7493,< 25%,32786,Suzan DelBene,"77,756",Robert J. Sutherland,"44,970"
Primary_2016,Congressional,Congressional District 5,U.S. Representative,1142,< 25%,15185,Cathy McMorris Rodgers,"60,184",Joe Pakootas,"44,999"
Primary_2016,Congressional,Congressional District 7,U.S. Representative,6145,< 25%,40980,Pramila Jayapal,"82,753",Brady Pinero Walkinshaw,"41,773"
Primary_2016,Congressional,Congressional District 6,U.S. Representative,948,< 25%,50652,Derek Kilmer,"87,311",Todd A. Bloom,"36,659"
Primary_2016,Congressional,Congressional District 3,U.S. Representative,1421,< 25%,39294,Jaime Herrera Beutler,"70,142",Jim Moeller,"30,848"
Primary_2014,Congressional,Congressional District 1,U.S. Representative,7493,< 25%,40391,Suzan DelBene,"59,798",Pedro Celis,"19,407"
Primary_2014,Congressional,Congressional District 9,U.S. Representative,12212,25-50%,34199,Adam Smith,"59,489",Doug Basler,"25,290"
Primary_2014,Congressional,Congressional District 5,U.S. Representative,1142,< 25%,33213,Cathy McMorris Rodgers,"74,416",Joseph Joe Pakootas,"41,203"
Primary_2014,Congressional,Congressional District 8,U.S. Representative,4126,< 25%,35956,Dave Reichert,"66,715",Jason Ritchie,"30,759"
Primary_2014,Congressional,Congressional District 6,U.S. Representative,948,< 25%,34284,Derek Kilmer,"82,552",Marty McClendon,"48,268"
Primary_2014,Congressional,Congressional District 3,U.S. Representative,1421,< 25%,13125,Jaime Herrera Beutler,"58,913",Bob Dingethal,"45,788"
Primary_2014,Congressional,Congressional District 4,U.S. Representative,930,< 25%,6639,Clint Didier,"33,965",Dan Newhouse,"27,326"
Primary_2014,Congressional,Congressional District 7,U.S. Representative,6145,< 25%,100453,Jim McDermott,"114,039",Craig Keller,"13,586"
Primary_2014,Congressional,Congressional District 2,U.S. Representative,3123,< 25%,25148,Rick Larsen,"61,150",B.J. Guillot,"36,002"
Primary_2014,Congressional,Congressional District 10,U.S. Representative,1774,< 25%,10322,Denny Heck,"51,738",Joyce McDonald,"41,416"
Primary_2012,Congressional,Congressional District 8,U.S. Representative,4126,< 25%,29137,Dave Reichert,"66,220",Karen Porterfield,"37,083"
Primary_2012,Congressional,Congressional District 1,U.S. Representative,7493,< 25%,33515,John Koster,"67,185",Suzan DelBene,"33,670"
Primary_2012,Congressional,Congressional District 10,U.S. Representative,1774,< 25%,14874,Denny Heck,"51,047",Richard Dick Muri,"36,173"
Primary_2012,Congressional,Congressional District 7,U.S. Representative,6145,< 25%,97901,Jim McDermott,"124,692",Ron Bemis,"26,791"
Primary_2012,Congressional,Congressional District 2,U.S. Representative,3123,< 25%,39676,Rick Larsen,"79,632",Dan Matthews,"39,956"
Primary_2012,Congressional,Congressional District 3,U.S. Representative,1421,< 25%,22910,Jaime Herrera Beutler,"68,603",Jon T. Haugen,"45,693"
Primary_2012,Congressional,Congressional District 4,U.S. Representative,930,< 25%,33644,Doc Hastings,"60,774",Mary Baechler,"27,130"
Primary_2012,Congressional,Congressional District 6,U.S. Representative,948,< 25%,56834,Derek Kilmer,"86,436",Bill Driscoll,"29,602"
Primary_2012,Congressional,Congressional District 5,U.S. Representative,1142,< 25%,33780,Cathy McMorris Rodgers,"83,186",Rich Cowan,"49,406"
Primary_2012,Congressional,Congressional District 9,U.S. Representative,12212,25-50%,45252,Adam Smith,"72,868",Jim Postma,"27,616"
General_2024,Congressional,Congressional District 1,U.S. Representative,7493,< 25%,93201,Suzan DelBene,"223,935",Jeb Brewer,"130,734"
General_2024,Congressional,Congressional District 10,U.S. Representative,1774,< 25%,56362,Marilyn Strickland,"191,767",Don Hewett,"135,405"
General_2024,Congressional,Congressional District 2,U.S. Representative,3123,< 25%,113768,Rick Larsen,"259,180",Cody Hart,"145,412"
General_2024,Congressional,Congressional District 3,U.S. Representative,1421,< 25%,16292,Marie Gluesenkamp Perez,"212,321",Joe Kent,"196,029"
General_2024,Congressional,Congressional District 4,U.S. Representative,930,< 25%,16064,Dan Newhouse,"142,662",Jerrod Sessler,"126,598"
General_2024,Congressional,Congressional District 5,U.S. Representative,1142,< 25%,78922,Michael Baumgartner,"226,901",Carmela Conroy,"147,979"
General_2024,Congressional,Congressional District 6,U.S. Representative,948,< 25%,53690,Emily Randall,"223,499",Drew C MacEwen,"169,809"
General_2024,Congressional,Congressional District 7,U.S. Representative,6145,< 25%,279755,Pramila Jayapal,"344,210",Dan Alexander,"64,455"
General_2024,Congressional,Congressional District 8,U.S. Representative,4126,< 25%,32922,Kim Schrier,"220,657",Carmen Goers,"187,735"
General_2024,Congressional,Congressional District 9,U.S. Representative,12212,< 25%,92088,Adam Smith,"179,276",Melissa Chaudhry,"87,188"
General_2020,Congressional,Congressional District 9,U.S. Representative,12212,< 25%,169074,Adam Smith,"258,771",Doug Basler,"89,697"
General_2020,Congressional,Congressional District 5,U.S. Representative,1142,< 25%,92078,Cathy McMorris Rodgers,"247,815",Dave Wilson,"155,737"
General_2020,Congressional,Congressional District 4,U.S. Representative,930,< 25%,99441,Dan Newhouse,"202,108",Douglas E. McKinley,"102,667"
General_2020,Congressional,Congressional District 6,U.S. Representative,948,< 25%,78646,Derek Kilmer,"247,429",Elizabeth Kreiselmaier,"168,783"
General_2020,Congressional,Congressional District 3,U.S. Representative,1421,< 25%,54232,Jaime Herrera Beutler,"235,579",Carolyn Long,"181,347"
General_2020,Congressional,Congressional District 8,U.S. Representative,4126,25-50%,14700,Kim Schrier,"213,123",Jesse Jensen,"198,423"
General_2020,Congressional,Congressional District 10,U.S. Representative,1774,< 25%,46897,Marilyn Strickland,"167,937",Beth Doglio,"121,040"
General_2020,Congressional,Congressional District 7,U.S. Representative,6145,< 25%,308869,Pramila Jayapal,"387,109",Craig Keller,"78,240"
General_2020,Congressional,Congressional District 2,U.S. Representative,3123,< 25%,106868,Rick Larsen,"255,252",Timothy S. Hazelo,"148,384"
General_2020,Congressional,Congressional District 1,U.S. Representative,7493,< 25%,73537,Suzan DelBene,"249,944","Jeffrey Beeler, Sr.","176,407"
General_2018,Congressional,Congressional District 1,U.S. Representative,7493,< 25%,61675,Suzan DelBene,"197,209",Jeffrey Beeler,"135,534"
General_2018,Congressional,Congressional District 10,U.S. Representative,1774,< 25%,62355,Denny Heck,"166,215",Joseph Brumbles,"103,860"
General_2018,Congressional,Congressional District 2,U.S. Representative,3123,< 25%,125541,Rick Larsen,"210,187",Brian Luke,"84,646"
General_2018,Congressional,Congressional District 3,U.S. Representative,1421,< 25%,16412,Jaime Herrera Beutler,"161,819",Carolyn Long,"145,407"
General_2018,Congressional,Congressional District 4,U.S. Representative,930,< 25%,57766,Dan Newhouse,"141,551",Christine Brown,"83,785"
General_2018,Congressional,Congressional District 5,U.S. Representative,1142,< 25%,30497,Cathy McMorris Rodgers,"175,422",Lisa Brown,"144,925"
General_2018,Congressional,Congressional District 6,U.S. Representative,948,< 25%,89732,Derek Kilmer,"206,409",Douglas Dightman,"116,677"
General_2018,Congressional,Congressional District 7,U.S. Representative,6145,< 25%,264919,Pramila Jayapal,"329,800",Craig Keller,"64,881"
General_2018,Congressional,Congressional District 8,U.S. Representative,4126,25-50%,15121,Kim Schrier,"164,089",Dino Rossi,"148,968"
General_2018,Congressional,Congressional District 9,U.S. Representative,12212,< 25%,86123,Adam Smith,"163,345",Sarah Smith,"77,222"
General_2016,Congressional,Congressional District 1,U.S. Representative,7493,< 25%,37840,Suzan DelBene,"193,619",Robert J. Sutherland,"155,779"
General_2016,Congressional,Congressional District 10,U.S. Representative,1774,< 25%,50356,Denny Heck,"170,460",Jim Postma,"120,104"
General_2016,Congressional,Congressional District 2,U.S. Representative,3123,< 25%,91220,Rick Larsen,"208,314",Marc Hennemann,"117,094"
General_2016,Congressional,Congressional District 3,U.S. Representative,1421,< 25%,73637,Jaime Herrera Beutler,"193,457",Jim Moeller,"119,820"
General_2016,Congressional,Congressional District 4,U.S. Representative,930,< 25%,35115,Dan Newhouse,"132,517",Clint Didier,"97,402"
General_2016,Congressional,Congressional District 5,U.S. Representative,1142,< 25%,62384,Cathy McMorris Rodgers,"192,959",Joe Pakootas,"130,575"
General_2016,Congressional,Congressional District 6,U.S. Representative,948,< 25%,75602,Derek Kilmer,"201,718",Todd A. Bloom,"126,116"
General_2016,Congressional,Congressional District 7,U.S. Representative,6145,< 25%,45266,Pramila Jayapal,"212,010",Brady Pinero Walkinshaw,"166,744"
General_2016,Congressional,Congressional District 8,U.S. Representative,4126,< 25%,65425,Dave Reichert,"193,145",Tony Ventrella,"127,720"
General_2016,Congressional,Congressional District 9,U.S. Representative,12212,< 25%,128848,Adam Smith,"205,165",Doug Basler,"76,317"
General_2014,Congressional,Congressional District 1,U.S. Representative,7493,25-50%,22723,Suzan DelBene,"124,151",Pedro Celis,"101,428"
General_2014,Congressional,Congressional District 10,U.S. Representative,1774,< 25%,17066,Denny Heck,"99,279",Joyce McDonald,"82,213"
General_2014,Congressional,Congressional District 2,U.S. Representative,3123,< 25%,42655,Rick Larsen,"122,173",B.J. Guillot,"79,518"
General_2014,Congressional,Congressional District 3,U.S. Representative,1421,< 25%,46778,Jaime Herrera Beutler,"124,796",Bob Dingethal,"78,018"
General_2014,Congressional,Congressional District 4,U.S. Representative,930,25-50%,2465,Dan Newhouse,"77,772",Clint Didier,"75,307"
General_2014,Congressional,Congressional District 5,U.S. Representative,1142,< 25%,47698,Cathy McMorris Rodgers,"135,470",Joseph (Joe) Pakootas,"87,772"
General_2014,Congressional,Congressional District 6,U.S. Representative,948,< 25%,58240,Derek Kilmer,"141,265",Marty McClendon,"83,025"
General_2014,Congressional,Congressional District 7,U.S. Representative,6145,< 25%,156033,Jim McDermott,"203,954",Craig Keller,"47,921"
General_2014,Congressional,Congressional District 8,U.S. Representative,4126,< 25%,52738,Dave Reichert,"125,741",Jason Ritchie,"73,003"
General_2014,Congressional,Congressional District 9,U.S. Representative,12212,< 25%,69470,Adam Smith,"118,132",Doug Basler,"48,662"
General_2012,Congressional,Congressional District 1,U.S. Representative,7493,25-50%,25838,Suzan DelBene,"177,025",John Koster,"151,187"
General_2012,Congressional,Congressional District 10,U.S. Representative,1774,< 25%,47655,Denny Heck,"163,036",Richard (Dick) Muri,"115,381"
General_2012,Congressional,Congressional District 2,U.S. Representative,3123,< 25%,67361,Rick Larsen,"184,826",Dan Matthews,"117,465"
General_2012,Congressional,Congressional District 3,U.S. Representative,1421,< 25%,61008,Jaime Herrera Beutler,"177,446",Jon T. Haugen,"116,438"
General_2012,Congressional,Congressional District 4,U.S. Representative,930,< 25%,75809,Doc Hastings,"154,749",Mary Baechler,"78,940"
General_2012,Congressional,Congressional District 5,U.S. Representative,1142,< 25%,73554,Cathy McMorris Rodgers,"191,066",Rich Cowan,"117,512"
General_2012,Congressional,Congressional District 6,U.S. Representative,948,< 25%,56936,Derek Kilmer,"186,661",Bill Driscoll,"129,725"
General_2012,Congressional,Congressional District 7,U.S. Representative,6145,< 25%,222156,Jim McDermott,"298,368",Ron Bemis,"76,212"
General_2012,Congressional,Congressional District 8,U.S. Representative,4126,< 25%,58318,Dave Reichert,"180,204",Karen Porterfield,"121,886"
General_2012,Congressional,Congressional District 9,U.S. Representative,12212,< 25%,115929,Adam Smith,"192,034",Jim Postma,"76,105"
General_2022,Congressional,Congressional District 1,U.S. Representative,7493,< 25%,77663,Suzan DelBene,"181,992",Vincent J Cavaleri,"104,329"
General_2022,Congressional,Congressional District 10,U.S. Representative,1774,< 25%,37767,Marilyn Strickland,"152,544",Keith R Swank,"114,777"
General_2022,Congressional,Congressional District 2,U.S. Representative,3123,< 25%,68645,Rick Larsen,"202,980",Dan Matthews,"134,335"
General_2022,Congressional,Congressional District 3,U.S. Representative,1421,> 50%,2629,Marie Gluesenkamp Perez,"160,314",Joe Kent,"157,685"
General_2022,Congressional,Congressional District 4,U.S. Representative,930,< 25%,79909,Dan Newhouse,"150,619",Doug White,"70,710"
General_2022,Congressional,Congressional District 5,U.S. Representative,1142,< 25%,61063,Cathy McMorris Rodgers,"188,648",Natasha Hill,"127,585"
General_2022,Congressional,Congressional District 6,U.S. Representative,948,< 25%,69956,Derek Kilmer,"208,710",Elizabeth Kreiselmaier,"138,754"
General_2022,Congressional,Congressional District 7,U.S. Representative,6145,< 25%,246791,Pramila Jayapal,"295,998",Cliff Moon,"49,207"
General_2022,Congressional,Congressional District 8,U.S. Representative,4126,< 25%,23027,Kim Schrier,"179,003",Matt Larkin,"155,976"
General_2022,Congressional,Congressional District 9,U.S. Representative,12212,< 25%,104115,Adam Smith,"171,746",Doug Basler,"67,631"
General_2024,Legislative,District 1,Pos. 1,1518,< 25%,30264,Davina Duerr,54177,Mark Davies,23913
General_2024,Legislative,District 1,Pos. 2,1518,< 25%,56070,Shelley Kloba,58477,Write-In,2407
General_2024,Legislative,District 1,State Senator,1518,< 25%,56985,Derek Stanford,59458,Write-In,2473
General_2024,Legislative,District 2,Pos. 1,229,< 25%,53347,Andrew Barkis,56143,Write-In,2796
General_2024,Legislative,District 2,Pos. 2,229,< 25%,8993,Matt Marshall,35359,John Snaza,26366
General_2024,Legislative,District 2,State Senator,229,< 25%,19372,Jim McCune,45689,Erasmo Ruiz Gonzalez,26317
General_2024,Legislative,District 3,Pos. 1,336,< 25%,12937,Natasha Hill,43382,Tony Kiepe,30445
General_2024,Legislative,District 3,Pos. 2,336,< 25%,49097,Timm Ormsby,53258,Write-In,4161
General_2024,Legislative,District 3,State Senator,336,< 25%,15795,Marcus Riccelli,45137,Jim Wilson,29342
General_2024,Legislative,District 4,Pos. 1,214,< 25%,29843,Suzanne Schmidt,54474,Kristopher Pockell,24631
General_2024,Legislative,District 4,Pos. 2,214,< 25%,22625,Rob Chase,52603,Ted Cummings,29978
General_2024,Legislative,District 4,State Senator,214,< 25%,23897,Leonard Christian,53340,Miguel Valencia,29443
General_2024,Legislative,District 5,Pos. 1,781,< 25%,6802,Victoria Hunt,45242,Mark Hargrove,38440
General_2024,Legislative,District 5,Pos. 2,781,< 25%,9720,Lisa Callan,46617,Patrick Peacock,36897
General_2024,Legislative,District 5,State Senator,781,< 25%,3333,Bill Ramos,43649,Chad Magendanz,40316
General_2024,Legislative,District 6,Pos. 1,358,< 25%,18774,Mike Volz,47169,Steven McCray II,28395
General_2024,Legislative,District 6,Pos. 2,358,< 25%,15822,Jenny Graham,45644,Michaela Kelso,29822
General_2024,Legislative,District 7,Pos. 1,51,< 25%,18148,Andrew Engell,42933,Soo Ing-Moody,24785
General_2024,Legislative,District 7,Pos. 2,51,< 25%,29615,Hunter Abell,51265,"Paul ""Rocky"" Dean",21650
General_2024,Legislative,District 8,Pos. 1,476,< 25%,55694,Stephanie Barnard,57173,Write-In,1479
General_2024,Legislative,District 8,Pos. 2,476,< 25%,29482,April Connors,50275,John Christenson,20793
General_2024,Legislative,District 9,Pos. 1,173,< 25%,23766,Mary Dye,48893,Patrick Miller,25127
General_2024,Legislative,District 9,Pos. 2,173,< 25%,22326,Joe Schmick,48592,Pam Kohlmeier,26266
General_2024,Legislative,District 9,State Senator,173,< 25%,52770,Mark G. Schoesler,55530,Write-In,2760
General_2024,Legislative,District 10,Pos. 1,135,< 25%,5663,Clyde Shavers,46499,Carrie R. Kennedy,40836
General_2024,Legislative,District 10,Pos. 2,135,< 25%,6416,Dave Paul,46827,Gary Wray,40411
General_2024,Legislative,District 10,State Senator,135,< 25%,1889,Ron Muzzall,45073,Janet St Clair,43184
General_2024,Legislative,District 11,Pos. 1,2408,< 25%,43450,David Hackney,45552,Write-In,2102
General_2024,Legislative,District 11,Pos. 2,2408,< 25%,30374,Steve Bergquist,42611,Justin Greywolf,12237
General_2024,Legislative,District 11,State Senator,2408,< 25%,44282,Bob Hasegawa,46435,Write-In,2153
General_2024,Legislative,District 12,Pos. 1,394,< 25%,5663,Brian Burnett,43851,Heather Koellen,38188
General_2024,Legislative,District 12,Pos. 2,394,< 25%,18437,Mike Steele,43809,Daniel Scott,25372
General_2024,Legislative,District 12,State Senator,394,< 25%,9821,Keith W. Goehner,46050,Jim Mayhew,36229
General_2024,Legislative,District 13,Pos. 1,88,< 25%,39327,Tom Dent,40522,Write-In,1195
General_2024,Legislative,District 13,Pos. 2,88,< 25%,39024,Alex Ybarra,40048,Write-In,1024
General_2024,Legislative,District 14,Pos. 1,59,< 25%,2861,Gloria Mendoza,17524,Chelsea Dimas,14663
General_2024,Legislative,District 14,Pos. 2,59,< 25%,723,Deb Manjarrez,16516,Ana Ruiz Kennedy,15793
General_2024,Legislative,District 14,State Senator,59,< 25%,1370,Curtis King,17032,Maria Beltran,15662
General_2024,Legislative,District 15,Pos. 1,176,< 25%,26684,Chris Corry,44641,Chase Foster,17957
General_2024,Legislative,District 15,Pos. 2,176,< 25%,26644,Jeremie Dufault,43049,Rich Bright,16405
General_2024,Legislative,District 16,Pos. 1,175,< 25%,18649,Mark Klicker,40406,Linda Gunshefski,21757
General_2024,Legislative,District 16,Pos. 2,175,< 25%,20247,Skyler Rude,41058,Craig R Woodard,20811
General_2024,Legislative,District 16,State Senator,175,< 25%,17401,Perry Dozier,39754,Kari Isaacson,22353
General_2024,Legislative,District 17,Pos. 1,506,< 25%,51354,Kevin Waters,55328,Write-In,3974
General_2024,Legislative,District 17,State Senator,506,< 25%,2096,Paul Harris,43594,Marla Keethler,41498
General_2024,Legislative,District 17,Pos. 2,506,> 50%,919,David Stuebe,42592,Terri Niles,41673
General_2024,Legislative,District 18,Pos. 1,325,< 25%,9342,Stephanie McClintock,46088,Deken Letinich,36746
General_2024,Legislative,District 18,Pos. 2,325,< 25%,1429,John Ley,42092,John Zingale,40663
General_2024,Legislative,District 18,State Senator,325,> 50%,340,Adrian Cortes,41712,Brad Benton,41372
General_2024,Legislative,District 19,Pos. 1,77,< 25%,16047,Jim Walsh,46745,Mike Coverdale,30698
General_2024,Legislative,District 19,Pos. 2,77,< 25%,18958,Joel McEntire,47818,Terry Carlson,28860
General_2024,Legislative,District 19,State Senator,77,< 25%,17620,Jeff Wilson,47148,Andi Day,29528
General_2024,Legislative,District 20,Pos. 1,104,< 25%,58722,Peter Abbarno,66823,Melvin Kaleolani Apana,8101
General_2024,Legislative,District 20,Pos. 2,104,< 25%,62682,Ed Orcutt,65335,Write-In,2653
General_2024,Legislative,District 20,State Senator,104,< 25%,65480,John Braun,68269,Write-In,2789
General_2024,Legislative,District 21,Pos. 1,1733,< 25%,23388,Strom Peterson,46359,Riaz Khan,22971
General_2024,Legislative,District 21,Pos. 2,1733,< 25%,23680,Lillian Ortiz-Self,46091,Kristina Mitchell,22411
General_2024,Legislative,District 22,Pos. 1,427,< 25%,29344,Beth Doglio,50691,Steve Owens,21347
General_2024,Legislative,District 22,Pos. 2,427,< 25%,18849,Lisa Parshley,42001,Syd Locke,23152
General_2024,Legislative,District 22,State Senator,427,< 25%,30137,Jessica Bateman,49029,Bob Iyall,18892
General_2024,Legislative,District 23,Pos. 1,134,< 25%,19675,Tarra Simmons,47563,Kurt Robertson,27888
General_2024,Legislative,District 23,Pos. 2,134,< 25%,24274,Greg Nance,50199,Jamie Miles,25925
General_2024,Legislative,District 23,State Senator,134,< 25%,21746,Drew Hansen,48852,Lance Byrd,27106
General_2024,Legislative,District 24,Pos. 1,68,< 25%,9100,Adam Bernbaum,48516,Matthew Matt Roberson,39416
General_2024,Legislative,District 24,Pos. 2,68,< 25%,9848,Steve Tharinger,48977,Terry Roberts,39129
General_2024,Legislative,District 24,State Senator,68,< 25%,8907,Mike Chapman,48627,Marcia Kelbon,39720
General_2024,Legislative,District 25,Pos. 1,360,< 25%,8622,Michael Keaton,39811,Cameron Severns,31189
General_2024,Legislative,District 25,Pos. 2,360,< 25%,8342,Cyndy Jacobsen,39586,Shellie Willis,31244
General_2024,Legislative,District 25,State Senator,360,< 25%,11285,Chris Gildon,41186,Kenneth King,29901
General_2024,Legislative,District 26,Pos. 1,181,< 25%,2834,Adison Richards,44009,Jesse L. Young,41175
General_2024,Legislative,District 26,Pos. 2,181,< 25%,8462,Michelle Caldier,46503,Tiffiny Mitchell,38041
General_2024,Legislative,District 27,Pos. 1,464,< 25%,30793,Laurie Jinkins,50706,Ken Paulson,19913
General_2024,Legislative,District 27,Pos. 2,464,< 25%,34301,Jake Fey,48405,Devin Rydel Kelly,14104
General_2024,Legislative,District 27,State Senator,464,< 25%,31041,Yasmin Trudeau,50984,Carole Sue Braaten,19943
General_2024,Legislative,District 28,Pos. 1,444,< 25%,9904,Mari Leavitt,33775,Gabe Sachwitz,23871
General_2024,Legislative,District 28,Pos. 2,444,< 25%,9230,Dan Bronoske,33314,Mark Herr,24084
General_2024,Legislative,District 28,State Senator,444,< 25%,4508,T'wina Nobles,31360,Maia Espinoza,26852
General_2024,Legislative,District 29,Pos. 1,282,< 25%,18459,Melanie Morgan,31342,Richard Miller,12883
General_2024,Legislative,District 29,Pos. 2,282,< 25%,36058,Sharlett Mena,38609,Write-In,2551
General_2024,Legislative,District 30,Pos. 1,1337,< 25%,6648,Jamila E. Taylor,30141,Melissa Hamilton,23493
General_2024,Legislative,District 30,Pos. 2,1337,< 25%,9375,Kristine M. Reeves,31455,Quentin Morris,22080
General_2024,Legislative,District 31,Pos. 1,330,< 25%,21957,Drew Stokesbary,50842,Sara Sutterfield,28885
General_2024,Legislative,District 31,Pos. 2,330,< 25%,17791,Joshua Penner,48582,Brian L. Gunn,30791
General_2024,Legislative,District 32,Pos. 1,1798,< 25%,37312,Cindy Ryu,57039,Lisa Rezac,19727
General_2024,Legislative,District 32,Pos. 2,1798,< 25%,37835,Lauren Davis,57167,Lori Theis,19332
General_2024,Legislative,District 33,Pos. 1,2955,< 25%,21168,Tina L. Orwall,38236,George Richter,17068
General_2024,Legislative,District 33,Pos. 2,2955,< 25%,22368,Mia Su-Ling Gregerson,37519,Casey Esmond,15151
General_2024,Legislative,District 34,Pos. 1,1786,< 25%,56800,Emily Alvarado,68926,Kimberly M. Cloud,12126
General_2024,Legislative,District 34,Pos. 2,1786,< 25%,54877,Joe Fitzgibbon,68079,Jolie Lansdowne,13202
General_2024,Legislative,District 35,Pos. 1,118,< 25%,57400,Dan Griffey,60618,Write-In,3218
General_2024,Legislative,District 35,Pos. 2,118,< 25%,14331,Travis Couture,48463,James DeHart,34132
General_2024,Legislative,District 36,Pos. 1,782,< 25%,74858,Julia Grant Reed,76000,Write-In,1142
General_2024,Legislative,District 36,Pos. 2,782,< 25%,70561,Liz Berry,80583,Victoria Palmer,10022
General_2024,Legislative,District 37,Pos. 1,3304,< 25%,60561,Sharon Tomiko Santos,61718,Write-In,1157
General_2024,Legislative,District 37,Pos. 2,3304,< 25%,58090,Chipalo Street,64006,Matt McCally,5916
General_2024,Legislative,District 38,Pos. 1,824,< 25%,26299,Julio Cortes,40972,Annie Fitzgerald,14673
General_2024,Legislative,District 38,Pos. 2,824,< 25%,12408,Mary Fosse,38872,Marnie Claywell,26464
General_2024,Legislative,District 39,Pos. 1,366,< 25%,14474,Sam Low,43873,Robert J. Sutherland,29399
General_2024,Legislative,District 39,Pos. 2,366,< 25%,19597,Carolyn Eslick,45011,Jackie Huey,25414
General_2024,Legislative,District 39,State Senator,366,< 25%,17153,Keith L. Wagoner,49123,John Snow,31970
General_2024,Legislative,District 40,Pos. 1,207,< 25%,59840,Debra Lekanoff,62297,Write-In,2457
General_2024,Legislative,District 40,Pos. 2,207,< 25%,58878,Alex Ramel,61567,Write-In,2689
General_2024,Legislative,District 40,State Senator,207,< 25%,34346,Liz Lovelett,60504,Charles Carrell,26158
General_2024,Legislative,District 41,Pos. 1,1742,< 25%,25940,Tana Senn,49779,Emily Tadlock,23839
General_2024,Legislative,District 41,Pos. 2,1742,< 25%,23207,My-Linh Thai,48544,Al Rosenthal,25337
General_2024,Legislative,District 41,State Senator,1742,< 25%,28233,Lisa Wellman,50839,Jaskaran Singh Sarao,22606
General_2024,Legislative,District 42,Pos. 1,293,< 25%,9631,Alicia Rule,49261,Raymond Pelletti,39630
General_2024,Legislative,District 42,Pos. 2,293,< 25%,6019,Joe Timmons,47426,Kamal Bhachu,41407
General_2024,Legislative,District 43,Pos. 1,999,< 25%,62841,Nicole Macri,63845,Write-In,1004
General_2024,Legislative,District 43,Pos. 2,999,< 25%,26855,Shaun Scott,48578,Andrea Suarez,21723
General_2024,Legislative,District 44,Pos. 1,1381,< 25%,47725,Brandy Donaghy,51212,Write-In,3487
General_2024,Legislative,District 44,Pos. 2,1381,< 25%,11383,April Berg,42867,Sam Sim,31484
General_2024,Legislative,District 45,Pos. 1,2337,< 25%,54890,Roger Goodman,57307,Write-In,2417
General_2024,Legislative,District 45,Pos. 2,2337,25-50%,9329,Larry Springer,37644,Melissa Demyan,28315
General_2024,Legislative,District 46,Pos. 1,1272,< 25%,61115,Gerry Pollet,71140,Beth Daranciang,10025
General_2024,Legislative,District 46,Pos. 2,1272,< 25%,58893,Darya Farivar,69393,Simone Barron,10500
General_2024,Legislative,District 47,Pos. 1,2333,25-50%,7850,Debra Jean Entenman,34892,Kyle Lyebyedyev,27042
General_2024,Legislative,District 47,Pos. 2,2333,25-50%,7078,Chris Stearns,34467,Ted Cooke,27389
General_2024,Legislative,District 48,Pos. 1,2066,< 25%,20858,Vandana Slatter,38734,Lynn Trinh,17876
General_2024,Legislative,District 48,Pos. 2,2066,< 25%,40695,Amy Walen,42648,Write-In,1953
General_2024,Legislative,District 49,Pos. 1,404,< 25%,18368,Sharon Wylie,42937,Brett Graham,24569
General_2024,Legislative,District 49,Pos. 2,404,< 25%,17826,Monica Jurado Stonier,42654,Russell Barber,24828
General_2024,Legislative,District 49,State Senator,404,< 25%,16118,Annette Cleveland,41871,Lucia Worthington,25753
Primary_2022,Legislative,District 47,State Senator,2333,25-50%,5512,Bill Boyce,13734,Claudia Kauffman,8222
Primary_2022,Legislative,District 30,State Senator,1337,25-50%,4367,Claire Wilson,13596,Linda Kochmar,9229
Primary_2022,Legislative,District 35,State Senator,118,< 25%,4963,Drew C MacEwen,27174,Julianne Gale,22211
Primary_2022,Legislative,District 26,State Senator,181,< 25%,3593,Emily Randall,25850,Jesse L. Young,22257
Primary_2022,Legislative,District 43,State Senator,999,< 25%,29659,Jamie Pedersen,30299,Write-In,640
Primary_2022,Legislative,District 46,State Senator,1272,< 25%,29834,Javier Valdez,34984,Matthew Gross,5150
Primary_2022,Legislative,District 6,State Senator,358,< 25%,25057,Jeff Holy,26707,Write-In,1650
Primary_2022,Legislative,District 32,State Senator,1798,< 25%,17098,Jesse Salomon,24232,Patricia Weber,7134
Primary_2022,Legislative,District 34,State Senator,1786,< 25%,31622,Joe Nguyen,35911,John Potter,4289
Primary_2022,Legislative,District 44,State Senator,1381,< 25%,6231,John Lovick,21773,Jeb Brewer,15542
Primary_2022,Legislative,District 13,State Senator,88,< 25%,25425,Judy Warnick,26084,Write-In,659
Primary_2022,Legislative,District 38,State Senator,824,< 25%,8534,June Robinson,17733,Bernard Moody,9199
Primary_2022,Legislative,District 33,State Senator,2955,< 25%,17346,Karen Keiser,18985,Write-In,1639
Primary_2022,Legislative,District 45,State Senator,2337,< 25%,12203,Manka Dhingra,25773,Ryika Hooshangi,13570
Primary_2022,Legislative,District 21,State Senator,1733,< 25%,8824,Marko Liias,21645,Janelle Cass,12821
Primary_2022,Legislative,District 8,State Senator,476,< 25%,15312,Matt Boehnke,23939,Ronni Batchelor,8627
Primary_2022,Legislative,District 15,State Senator,176,< 25%,9704,Nikki Torres,10334,Write-In,630
Primary_2022,Legislative,District 36,State Senator,782,< 25%,27829,Noel Frame,35090,Kate Martin,7261
Primary_2022,Legislative,District 48,State Senator,2066,< 25%,11672,Patty Kuderer,19389,Michelle Darnell,7717
Primary_2022,Legislative,District 31,State Senator,330,< 25%,6022,Phil Fortunato,20491,Chris Vance,14469
Primary_2022,Legislative,District 37,State Senator,3304,< 25%,28771,Rebecca Salda��a,29413,Write-In,642
Primary_2022,Legislative,District 42,State Senator,293,< 25%,7249,Sharon Shewmake,24497,Simon Sefzik,17248
Primary_2022,Legislative,District 7,State Senator,51,< 25%,32000,Shelly Short,33274,Write-In,1274
Primary_2022,Legislative,District 29,State Senator,282,< 25%,3708,Steve Conway,12516,Terry Harder,8808
Primary_2022,Legislative,District 27,State Senator,464,< 25%,18172,Yasmin Trudeau,24633,Ashley M. Ray,6461
Primary_2020,Legislative,District 3,State Senator,336,< 25%,6470,Andy Billig,21528,Dave Lucas,15058
Primary_2020,Legislative,District 49,State Senator,404,< 25%,6462,Annette Cleveland,23540,Rey Reynolds,17078
Primary_2020,Legislative,District 11,State Senator,2408,< 25%,28086,Bob Hasegawa,29869,Write-In,1783
Primary_2020,Legislative,District 12,State Senator,394,< 25%,35260,Brad Hawkins,37449,Write-In,2189
Primary_2020,Legislative,District 23,State Senator,134,< 25%,17035,Christine Rolfes,35727,Pam Madden-Boyer,18692
Primary_2020,Legislative,District 14,State Senator,59,< 25%,27486,Curtis P. King,29157,Write-In,1671
Primary_2020,Legislative,District 19,State Senator,77,< 25%,3494,Dean Takko,20948,Jeff Wilson,17454
Primary_2020,Legislative,District 1,State Senator,1518,< 25%,14667,Derek Stanford,34445,Art Coday,19778
Primary_2020,Legislative,District 40,State Senator,207,< 25%,22679,Elizabeth (Liz) Lovelett,40569,Charles Carrell,17890
Primary_2020,Legislative,District 27,State Senator,464,< 25%,19124,Jeannie Darneille,32360,Kyle Paskewitz,13236
Primary_2020,Legislative,District 20,State Senator,104,< 25%,40636,John Braun,42604,Write-In,1968
Primary_2020,Legislative,District 39,State Senator,366,< 25%,16637,Keith L. Wagoner,32702,Kathryn A. Lewandowsky,16065
Primary_2020,Legislative,District 24,State Senator,68,< 25%,6472,Kevin Van De Wege,34751,Connie Beauvais,28279
Primary_2020,Legislative,District 41,State Senator,1742,< 25%,22040,Lisa Wellman,36727,Mike Nykreim,14687
Primary_2020,Legislative,District 17,State Senator,506,< 25%,5062,Lynda Wilson,25423,Daniel Smith,20361
Primary_2020,Legislative,District 9,State Senator,173,< 25%,13946,Mark G. Schoesler,26729,Jenn Goulet,12783
Primary_2020,Legislative,District 4,State Senator,214,< 25%,14468,Mike Padden,31700,John Roskelley,17232
Primary_2020,Legislative,District 18,State Senator,325,< 25%,3397,Rick Bell,21798,Ann Rivers,18401
Primary_2020,Legislative,District 2,State Senator,229,< 25%,3978,Rick Payne,14136,Jim McCune,10158
Primary_2020,Legislative,District 10,State Senator,135,< 25%,1079,Ron Muzzall,32022,Helen Price Johnson,30943
Primary_2020,Legislative,District 22,State Senator,427,< 25%,15886,Sam Hunt,33933,Garry Holland,18047
Primary_2020,Legislative,District 25,State Senator,360,> 50%,648,Chris Gildon,20299,Julie Door,19651
Primary_2020,Legislative,District 16,State Senator,175,> 50%,48,Danielle Garbe Reser,13366,Perry Dozier,13318
Primary_2020,Legislative,District 5,State Senator,781,> 50%,491,Ingrid Anderson,24144,Mark Mullet,23653
Primary_2020,Legislative,District 28,State Senator,444,> 50%,235,Twina Nobles,22083,Steve O'Ban,21848
Primary_2020,Legislative,District 38,State Senator,824,25-50%,1814,June Robinson,17822,Bernard Moody,16008
Primary_2018,Legislative,District 21,State Senator,1733,25-50%,5539,Marko Liias,15176,Mario Lionel Lotmore,9637
Primary_2018,Legislative,District 39,State Senator,366,< 25%,2335,Claus Joens,11521,Keith L. Wagoner,9186
Primary_2018,Legislative,District 43,State Senator,999,< 25%,38025,Jamie Pedersen,42426,Dan Harder,4401
Primary_2018,Legislative,District 15,State Senator,176,< 25%,6026,Jim Honeyford,12013,Bengie Aguilar,5987
Primary_2018,Legislative,District 42,State Senator,293,< 25%,7110,Doug Ericksen,19177,Pinky Vargas,12067
Primary_2018,Legislative,District 38,State Senator,824,25-50%,2392,John McCoy,10235,Savio Pham,7843
Primary_2018,Legislative,District 30,State Senator,1337,> 50%,2499,Mark Miloscia,12332,Claire Wilson,9833
Primary_2018,Legislative,District 34,State Senator,1786,> 50%,2905,Joe Nguyen,14019,Shannon Braddock,11114
Primary_2018,Legislative,District 33,State Senator,2955,25-50%,10547,Karen Keiser,16564,Kun Wang,6017
Primary_2018,Legislative,District 31,State Senator,330,< 25%,5857,Phil Fortunato,18056,Immaculate Ferreria,12199
Primary_2018,Legislative,District 29,State Senator,282,< 25%,5831,Steve Conway,11155,Pierre Malebranche,5324
Primary_2018,Legislative,District 35,State Senator,118,< 25%,1139,Irene Bowling,14171,Tim Sheldon,13032
Primary_2018,Legislative,District 37,State Senator,3304,< 25%,28924,Rebecca Salda��a,32657,Beth Broadway,3733
Primary_2018,Legislative,District 26,State Senator,181,< 25%,1280,Emily Randall,19913,Marty McClendon,18633
Primary_2018,Legislative,District 36,State Senator,782,< 25%,39895,Reuven M. Carlyle,45284,Bryan Simonson,5389
Primary_2018,Legislative,District 32,State Senator,1798,> 50%,168,Jesse Salomon,14477,Maralyn Chase,14309
Primary_2018,Legislative,District 46,State Senator,1272,< 25%,30848,David Frockt,39219,Beth Daranciang,8371
Primary_2018,Legislative,District 47,State Senator,2333,> 50%,2217,Joe Fain,16040,Mona Das,13823
Primary_2018,Legislative,District 7,State Senator,51,< 25%,15749,Shelly Short,30850,Karen Hardy,15101
Primary_2018,Legislative,District 48,State Senator,2066,< 25%,9523,Patty Kuderer,18698,Rodney Tom,9175
Primary_2018,Legislative,District 8,State Senator,476,< 25%,8401,Sharon Raye Brown,19100,Leo Perales,10699
Primary_2018,Legislative,District 6,State Senator,358,< 25%,1977,Jeff Holy,23258,Jessa Lewis,21281
Primary_2018,Legislative,District 44,State Senator,1381,25-50%,4987,Steve Hobbs,19509,Doug Roulstone,14522
Primary_2018,Legislative,District 13,State Senator,88,< 25%,21245,Judy Warnick,21245,,0
Primary_2018,Legislative,District 45,State Senator,2337,< 25%,11230,Manka Dhingra,26052,Dale Fonk,14822
Primary_2017,Legislative,District 31,State Senator,330,< 25%,3771,Phil Fortunato,13056,Michelle Rylands,9285
Primary_2017,Legislative,District 37,State Senator,3304,< 25%,25002,Rebecca Salda��a,25002,,0
Primary_2017,Legislative,District 45,State Senator,2337,> 50%,3851,Manka Dhingra,19707,Jinyoung Lee Englund,15856
Primary_2017,Legislative,District 7,State Senator,51,< 25%,10268,Shelly Short,20023,Karen Hardy,9755
Primary_2017,Legislative,District 48,State Senator,2066,< 25%,9195,Patty Kuderer,14664,Michelle Darnell,5469
Primary_2016,Legislative,District 24,State Senator,68,< 25%,7684,Kevin Van De Wege,21700,Danille Turissini,14016
Primary_2016,Legislative,District 25,State Senator,360,< 25%,4580,Hans Zeiger,14492,Karl Mecklenburg,9912
Primary_2016,Legislative,District 27,State Senator,464,< 25%,8785,Jeannie Darneille,15141,Greg Taylor,6356
Primary_2016,Legislative,District 23,State Senator,134,< 25%,22794,Christine Rolfes,22794,,0
Primary_2016,Legislative,District 28,State Senator,444,< 25%,1920,Steve O'Ban,14229,Marisa Peloquin,12309
Primary_2016,Legislative,District 3,State Senator,336,< 25%,9323,Andy Billig,14751,James R. Apker,5428
Primary_2016,Legislative,District 22,State Senator,427,< 25%,11058,Sam Hunt,17992,Steve Owens,6934
Primary_2016,Legislative,District 14,State Senator,59,< 25%,8021,Curtis King,14153,Amanda Richards,6132
Primary_2016,Legislative,District 16,State Senator,175,< 25%,16044,Maureen Walsh,16044,,0
Primary_2016,Legislative,District 17,State Senator,506,> 50%,50,Lynda Wilson,11603,Tim Probst,11553
Primary_2016,Legislative,District 18,State Senator,325,< 25%,5688,Ann Rivers,16717,Eric K. Holt,11029
Primary_2016,Legislative,District 19,State Senator,77,< 25%,3939,Dean Takko,14848,Sue Kuehl Pederson,10909
Primary_2016,Legislative,District 2,State Senator,229,< 25%,7586,Randi Becker,14103,Marilyn Rasmussen,6517
Primary_2016,Legislative,District 20,State Senator,104,< 25%,20063,John Braun,20063,,0
Primary_2016,Legislative,District 49,State Senator,404,< 25%,5601,Annette Cleveland,12581,Lewis Gerhardt,6980
Primary_2016,Legislative,District 5,State Senator,781,> 50%,412,Mark Mullet,15199,Chad Magendanz,14787
Primary_2016,Legislative,District 9,State Senator,173,< 25%,16271,Mark G. Schoesler,16271,,0
Primary_2016,Legislative,District 36,State Senator,782,< 25%,34600,Reuven Carlyle,34600,,0
Primary_2016,Legislative,District 39,State Senator,366,< 25%,19810,Kirk Pearson,19810,,0
Primary_2016,Legislative,District 4,State Senator,214,< 25%,21255,Mike Padden,21255,,0
Primary_2016,Legislative,District 40,State Senator,207,< 25%,11027,Kevin Ranker,21404,Daniel R. Miller,10377
Primary_2016,Legislative,District 41,State Senator,1742,> 50%,456,Lisa Wellman,14800,Steve Litzow,14344
Primary_2016,Legislative,District 11,State Senator,2408,< 25%,11225,Bob Hasegawa,15283,Dennis Price,4058
Primary_2016,Legislative,District 10,State Senator,135,< 25%,4932,Barbara Bailey,18860,Angie Homola,13928
Primary_2016,Legislative,District 12,State Senator,394,< 25%,8185,Brad Hawkins,16723,Jon Wyss,8538
Primary_2016,Legislative,District 1,State Senator,1518,> 50%,2590,Mindie Wirth,11959,Guy Palumbo,9369
Primary_2014,Legislative,District 30,State Senator,1337,> 50%,2560,Mark Miloscia,10553,Shari Song,7993
Primary_2014,Legislative,District 31,State Senator,330,> 50%,284,Pam Roach,9120,Cathy Dahlquist,8836
Primary_2014,Legislative,District 32,State Senator,1798,25-50%,6027,Maralyn Chase,11734,Robert Reedy,5707
Primary_2014,Legislative,District 33,State Senator,2955,> 50%,2489,Karen Keiser,8364,Martin Metz,5875
Primary_2014,Legislative,District 34,State Senator,1786,< 25%,20497,Sharon K. Nelson,20497,,0
Primary_2014,Legislative,District 35,State Senator,118,< 25%,553,Irene Bowling,10524,Tim Sheldon,9971
Primary_2014,Legislative,District 29,State Senator,282,< 25%,2838,Steve Conway,7078,Terry Harder,4240
Primary_2014,Legislative,District 21,State Senator,1733,> 50%,2760,Marko Liias,11741,Dan Matthews,8981
Primary_2014,Legislative,District 26,State Senator,181,< 25%,4739,Jan Angel,19491,Judy Arbogast,14752
Primary_2014,Legislative,District 28,State Senator,444,< 25%,2950,Steve O'Ban,13306,Tami Green,10356
Primary_2014,Legislative,District 36,State Senator,782,< 25%,22145,Jeanne Kohl-Welles,27913,Sarina Forbes,5768
Primary_2014,Legislative,District 46,State Senator,1272,< 25%,18187,David Frockt,24511,Van Sperry,6324
Primary_2014,Legislative,District 47,State Senator,2333,25-50%,6363,Joe Fain,12922,Carol Barber,6559
Primary_2014,Legislative,District 48,State Senator,2066,25-50%,5755,Cyrus Habib,13452,Michelle Darnell,7697
Primary_2014,Legislative,District 6,State Senator,358,< 25%,4667,Michael Baumgartner,18471,Rich Cowan,13804
Primary_2014,Legislative,District 7,State Senator,51,< 25%,10592,Brian Dansel,19147,Tony Booth,8555
Primary_2014,Legislative,District 8,State Senator,476,< 25%,13609,Sharon Brown,20955,Doug McKinley,7346
Primary_2014,Legislative,District 45,State Senator,2337,> 50%,1919,Andy Hill,13625,Matt Isenhower,11706
Primary_2014,Legislative,District 37,State Senator,3304,25-50%,8596,Pramila Jayapal,12235,Louis Watanabe,3639
Primary_2014,Legislative,District 38,State Senator,824,< 25%,4780,John McCoy,10694,Craig French,5914
Primary_2014,Legislative,District 42,State Senator,293,< 25%,4199,Doug Ericksen,17233,Seth Fleetwood,13034
Primary_2014,Legislative,District 43,State Senator,999,< 25%,24496,Jamie Pedersen,24496,,0
Primary_2014,Legislative,District 44,State Senator,1381,> 50%,1025,Steve Hobbs,11705,Jim Kellett,10680
Primary_2014,Legislative,District 13,State Senator,88,< 25%,17383,Judith Judy Warnick,20504,Mohammad Said,3121
Primary_2014,Legislative,District 15,State Senator,176,< 25%,7745,Jim Honeyford,11464,Gabriel Munoz,3719
Primary_2013,Legislative,District 26,State Senator,181,< 25%,2653,Jan Angel,15627,Nathan Schlicher,12974
Primary_2013,Legislative,District 7,State Senator,51,< 25%,4168,John Smith,9804,Brian Dansel,5636
Primary_2013,Legislative,District 8,State Senator,476,< 25%,8425,Sharon R. Brown,13222,Phillip R. Lemley,4797
Primary_2012,Legislative,District 28,State Senator,444,< 25%,5721,Mike Carrell,16559,Yoshie Wong,10838
Primary_2012,Legislative,District 27,State Senator,464,< 25%,3953,Jeannie Darneille,13738,John R. Jack Connelly,9785
Primary_2012,Legislative,District 25,State Senator,360,< 25%,6613,Bruce Dammeier,15806,Eric Herde,9193
Primary_2012,Legislative,District 24,State Senator,68,< 25%,11593,Jim Hargrove,24649,Larry Carter,13056
Primary_2012,Legislative,District 23,State Senator,134,< 25%,10020,Christine Rolfes,21678,Bret A. Treadwell,11658
Primary_2012,Legislative,District 3,State Senator,336,< 25%,3496,Andy Billig,13190,Nancy McLaughlin,9694
Primary_2012,Legislative,District 22,State Senator,427,< 25%,24154,Karen Fraser,24154,,0
Primary_2012,Legislative,District 16,State Senator,175,< 25%,9516,Mike Hewitt,16386,Scott Nettles,6870
Primary_2012,Legislative,District 14,State Senator,59,< 25%,17241,Curtis King,17241,,0
Primary_2012,Legislative,District 12,State Senator,394,< 25%,24683,Linda Evans Parlette,24683,,0
Primary_2012,Legislative,District 11,State Senator,2408,25-50%,7594,Bob Hasegawa,14720,Kristin Thompson,7126
Primary_2012,Legislative,District 17,State Senator,506,> 50%,890,Don Benton,10902,Tim Probst,10012
Primary_2012,Legislative,District 20,State Senator,104,< 25%,1534,Dan Swecker,10861,John E. Braun,9327
Primary_2012,Legislative,District 2,State Senator,229,> 50%,5,Randi Becker,9517,Bruce L. Lachney,9512
Primary_2012,Legislative,District 19,State Senator,77,< 25%,5356,Brian Hatfield,16898,Rick Winsman,11542
Primary_2012,Legislative,District 18,State Senator,325,< 25%,6816,Ann Rivers,15697,Ralph Schmidt,8881
Primary_2012,Legislative,District 9,State Senator,173,< 25%,18749,Mark G. Schoesler,18749,,0
Primary_2012,Legislative,District 5,State Senator,781,> 50%,1352,Mark Mullet,14662,Brad Toft,13310
Primary_2012,Legislative,District 41,State Senator,1742,25-50%,3966,Steve Litzow,17840,Maureen Judge,13874
Primary_2012,Legislative,District 40,State Senator,207,< 25%,7893,Kevin Ranker,18684,John Swapp,10791
Primary_2012,Legislative,District 39,State Senator,366,< 25%,3905,Kirk Pearson,15494,Scott Olson,11589
Primary_2012,Legislative,District 4,State Senator,214,< 25%,22626,Mike Padden,22626,,0
Primary_2012,Legislative,District 49,State Senator,404,< 25%,2653,Annette Cleveland,11595,Eileen Qutub,8942
Primary_2012,Legislative,District 46,State Senator,1272,< 25%,28144,David Frockt,28144,,0
Primary_2012,Legislative,District 1,State Senator,1518,> 50%,619,Rosemary McAuliffe,13238,Dawn McCravey,12619
Primary_2012,Legislative,District 10,State Senator,135,< 25%,2584,Barbara Bailey,21301,Mary Margaret Haugen,18717
General_2022,Legislative,District 30,State Senator,1337,25-50%,4449,Claire Wilson,23282,Linda Kochmar,18833
General_2022,Legislative,District 47,State Senator,2333,> 50%,2749,Claudia Kauffman,26251,Bill Boyce,23502
General_2022,Legislative,District 35,State Senator,118,< 25%,9123,Drew C MacEwen,41828,Julianne Gale,32705
General_2022,Legislative,District 26,State Senator,181,< 25%,1276,Emily Randall,38222,Jesse L. Young,36946
General_2022,Legislative,District 43,State Senator,999,< 25%,50206,Jamie Pedersen,50957,Write-In,751
General_2022,Legislative,District 46,State Senator,1272,< 25%,46384,Javier Valdez,55915,Matthew Gross,9531
General_2022,Legislative,District 6,State Senator,358,< 25%,39821,Jeff Holy,42277,Write-In,2456
General_2022,Legislative,District 32,State Senator,1798,< 25%,30081,Jesse Salomon,43240,Patricia Weber,13159
General_2022,Legislative,District 34,State Senator,1786,< 25%,50143,Joe Nguyen,59713,John Potter,9570
General_2022,Legislative,District 44,State Senator,1381,< 25%,11164,John Lovick,37226,Jeb Brewer,26062
General_2022,Legislative,District 13,State Senator,88,< 25%,40543,Judy Warnick,41785,Write-In,1242
General_2022,Legislative,District 38,State Senator,824,< 25%,8466,June Robinson,30093,Bernard Moody,21627
General_2022,Legislative,District 33,State Senator,2955,< 25%,16846,Karen Keiser,30332,Marliza Melzer,13486
General_2022,Legislative,District 45,State Senator,2337,< 25%,17037,Manka Dhingra,41391,Ryika Hooshangi,24354
General_2022,Legislative,District 21,State Senator,1733,< 25%,15294,Marko Liias,36363,Janelle Cass,21069
General_2022,Legislative,District 8,State Senator,476,< 25%,24848,Matt Boehnke,40808,Ronni Batchelor,15960
General_2022,Legislative,District 15,State Senator,176,< 25%,8249,Nikki Torres,15686,Lindsey Keesling,7437
General_2022,Legislative,District 36,State Senator,782,< 25%,50083,Noel Frame,61783,Kate Martin,11700
General_2022,Legislative,District 48,State Senator,2066,< 25%,19413,Patty Kuderer,33208,Michelle Darnell,13795
General_2022,Legislative,District 31,State Senator,330,< 25%,7711,Phil Fortunato,35764,Chris Vance,28053
General_2022,Legislative,District 37,State Senator,3304,< 25%,48495,Rebecca Salda��a,49271,Write-In,776
General_2022,Legislative,District 42,State Senator,293,25-50%,905,Sharon Shewmake,38098,Simon Sefzik,37193
General_2022,Legislative,District 7,State Senator,51,< 25%,50023,Shelly Short,51661,Write-In,1638
General_2022,Legislative,District 29,State Senator,282,< 25%,6991,Steve Conway,22622,Terry Harder,15631
General_2022,Legislative,District 27,State Senator,464,< 25%,23961,Yasmin Trudeau,41035,Ashley M. Ray,17074
General_2020,Legislative,District 3,State Senator,336,< 25%,11010,Andy Billig,38858,Dave Lucas,27848
General_2020,Legislative,District 18,State Senator,325,< 25%,14964,Ann Rivers,53269,Rick Bell,38305
General_2020,Legislative,District 49,State Senator,404,< 25%,9621,Annette Cleveland,41424,Rey Reynolds,31803
General_2020,Legislative,District 11,State Senator,2408,< 25%,52605,Bob Hasegawa,54606,Write-In,2001
General_2020,Legislative,District 12,State Senator,394,< 25%,55476,Brad Hawkins,58051,Write-In,2575
General_2020,Legislative,District 25,State Senator,360,< 25%,5964,Chris Gildon,41440,Julie Door,35476
General_2020,Legislative,District 23,State Senator,134,< 25%,24063,Christine Rolfes,55170,Pam Madden-Boyer,31107
General_2020,Legislative,District 14,State Senator,59,< 25%,49128,Curtis P. King,51384,Write-In,2256
General_2020,Legislative,District 1,State Senator,1518,< 25%,23328,Derek Stanford,55496,Art Coday,32168
General_2020,Legislative,District 40,State Senator,207,< 25%,34233,Elizabeth (Liz) Lovelett,60871,Charles Carrell,26638
General_2020,Legislative,District 27,State Senator,464,< 25%,29636,Jeannie Darneille,52421,Kyle Paskewitz,22785
General_2020,Legislative,District 19,State Senator,77,< 25%,7787,Jeff Wilson,40560,Dean Takko,32773
General_2020,Legislative,District 2,State Senator,229,< 25%,22464,Jim McCune,51941,Rick Payne,29477
General_2020,Legislative,District 20,State Senator,104,< 25%,65005,John Braun,67304,Write-In,2299
General_2020,Legislative,District 38,State Senator,824,< 25%,11981,June Robinson,39799,Bernard Moody,27818
General_2020,Legislative,District 39,State Senator,366,< 25%,24808,Keith L. Wagoner,52386,Kathryn A. Lewandowsky,27578
General_2020,Legislative,District 24,State Senator,68,< 25%,7594,Kevin Van De Wege,49883,Connie Beauvais,42289
General_2020,Legislative,District 41,State Senator,1742,< 25%,33269,Lisa Wellman,58241,Mike Nykreim,24972
General_2020,Legislative,District 17,State Senator,506,< 25%,7475,Lynda Wilson,44671,Daniel Smith,37196
General_2020,Legislative,District 9,State Senator,173,< 25%,20849,Mark G. Schoesler,43651,Jenn Goulet,22802
General_2020,Legislative,District 5,State Senator,781,> 50%,57,Mark Mullet,41949,Ingrid Anderson,41892
General_2020,Legislative,District 4,State Senator,214,< 25%,22655,Mike Padden,56161,John Roskelley,33506
General_2020,Legislative,District 16,State Senator,175,< 25%,10970,Perry Dozier,35859,Danielle Garbe Reser,24889
General_2020,Legislative,District 10,State Senator,135,< 25%,1774,Ron Muzzall,47189,Helen Price Johnson,45415
General_2020,Legislative,District 22,State Senator,427,< 25%,31206,Sam Hunt,60806,Garry Holland,29600
General_2020,Legislative,District 28,State Senator,444,25-50%,1009,Twina Nobles,35802,Steve O'Ban,34793
General_2019,Legislative,District 40,State Senator,207,< 25%,20153,Elizabeth (Liz) Lovelett,35061,Daniel Miller,14908
General_2018,Legislative,District 13,State Senator,88,< 25%,38038,Judy Warnick,38038,,0
General_2018,Legislative,District 15,State Senator,176,< 25%,7090,Jim Honeyford,20285,Bengie Aguilar,13195
General_2018,Legislative,District 21,State Senator,1733,< 25%,15653,Marko Liias,37567,Mario Lionel Lotmore,21914
General_2018,Legislative,District 26,State Senator,181,> 50%,104,Emily Randall,35087,Marty McClendon,34983
General_2018,Legislative,District 29,State Senator,282,< 25%,9582,Steve Conway,23120,Pierre Malebranche,13538
General_2018,Legislative,District 30,State Senator,1337,25-50%,3988,Claire Wilson,25505,Mark Miloscia,21517
General_2018,Legislative,District 31,State Senator,330,< 25%,12514,Phil Fortunato,37834,Immaculate Ferreria,25320
General_2018,Legislative,District 32,State Senator,1798,< 25%,22640,Jesse Salomon,40920,Maralyn Chase,18280
General_2018,Legislative,District 33,State Senator,2955,< 25%,19783,Karen Keiser,32552,Kun Wang,12769
General_2018,Legislative,District 34,State Senator,1786,< 25%,11520,Joe Nguyen,40516,Shannon Braddock,28996
General_2018,Legislative,District 35,State Senator,118,< 25%,2404,Tim Sheldon,30874,Irene Bowling,28470
General_2018,Legislative,District 36,State Senator,782,< 25%,69046,Reuven M. Carlyle,78753,Bryan Simonson,9707
General_2018,Legislative,District 37,State Senator,3304,< 25%,50405,Rebecca Salda��a,57501,Beth Broadway,7096
General_2018,Legislative,District 38,State Senator,824,< 25%,9713,John McCoy,29618,Savio Pham,19905
General_2018,Legislative,District 39,State Senator,366,< 25%,10597,Keith L. Wagoner,34971,Claus Joens,24374
General_2018,Legislative,District 42,State Senator,293,> 50%,46,Doug Ericksen,36341,Pinky Vargas,36295
General_2018,Legislative,District 43,State Senator,999,< 25%,67695,Jamie Pedersen,75660,Dan Harder,7965
General_2018,Legislative,District 44,State Senator,1381,< 25%,8211,Steve Hobbs,37656,Doug Roulstone,29445
General_2018,Legislative,District 45,State Senator,2337,< 25%,19164,Manka Dhingra,45264,Dale Fonk,26100
General_2018,Legislative,District 46,State Senator,1272,< 25%,51320,David Frockt,65162,Beth Daranciang,13842
General_2018,Legislative,District 47,State Senator,2333,> 50%,981,Mona Das,28394,Joe Fain,27413
General_2018,Legislative,District 48,State Senator,2066,< 25%,15506,Patty Kuderer,33533,Rodney Tom,18027
General_2018,Legislative,District 6,State Senator,358,< 25%,6740,Jeff Holy,38056,Jessa Lewis,31316
General_2018,Legislative,District 7,State Senator,51,< 25%,26450,Shelly Short,48042,Karen Hardy,21592
General_2018,Legislative,District 8,State Senator,476,< 25%,20766,Sharon Raye Brown,39960,Leo Perales,19194
General_2017,Legislative,District 31,State Senator,330,< 25%,4319,Phil Fortunato,16893,Michelle Rylands,12574
General_2017,Legislative,District 37,State Senator,3304,< 25%,29811,Rebecca Salda��a,29811,,0
General_2017,Legislative,District 45,State Senator,2337,25-50%,5394,Manka Dhingra,27755,Jinyoung Lee Englund,22361
General_2017,Legislative,District 48,State Senator,2066,< 25%,11659,Patty Kuderer,21212,Michelle Darnell,9553
General_2017,Legislative,District 7,State Senator,51,< 25%,13630,Shelly Short,25444,Karen Hardy,11814
General_2016,Legislative,District 1,State Senator,1518,< 25%,9908,Guy Palumbo,40758,Mindie Wirth,30850
General_2016,Legislative,District 10,State Senator,135,< 25%,10000,Barbara Bailey,42309,Angie Homola,32309
General_2016,Legislative,District 11,State Senator,2408,< 25%,26775,Bob Hasegawa,38785,Dennis Price,12010
General_2016,Legislative,District 12,State Senator,394,< 25%,6624,Brad Hawkins,30882,Jon Wyss,24258
General_2016,Legislative,District 14,State Senator,59,< 25%,11256,Curtis King,31156,Amanda Richards,19900
General_2016,Legislative,District 16,State Senator,175,< 25%,40354,Maureen Walsh,40354,,0
General_2016,Legislative,District 17,State Senator,506,< 25%,6080,Lynda Wilson,32766,Tim Probst,26686
General_2016,Legislative,District 18,State Senator,325,< 25%,19617,Ann Rivers,45316,Eric K. Holt,25699
General_2016,Legislative,District 19,State Senator,77,< 25%,5786,Dean Takko,30850,Sue Kuehl Pederson,25064
General_2016,Legislative,District 2,State Senator,229,< 25%,13590,Randi Becker,36739,Marilyn Rasmussen,23149
General_2016,Legislative,District 20,State Senator,104,< 25%,49936,John Braun,49936,,0
General_2016,Legislative,District 22,State Senator,427,< 25%,22896,Sam Hunt,45882,Steve Owens,22986
General_2016,Legislative,District 23,State Senator,134,< 25%,51541,Christine Rolfes,51541,,0
General_2016,Legislative,District 24,State Senator,68,< 25%,9466,Kevin Van De Wege,40808,Danille Turissini,31342
General_2016,Legislative,District 25,State Senator,360,< 25%,11050,Hans Zeiger,35138,Karl Mecklenburg,24088
General_2016,Legislative,District 27,State Senator,464,< 25%,22382,Jeannie Darneille,40241,Greg Taylor,17859
General_2016,Legislative,District 28,State Senator,444,< 25%,3304,Steve O'Ban,30139,Marisa Peloquin,26835
General_2016,Legislative,District 3,State Senator,336,< 25%,17382,Andy Billig,33777,James R. Apker,16395
General_2016,Legislative,District 36,State Senator,782,< 25%,72385,Reuven Carlyle,72385,,0
General_2016,Legislative,District 39,State Senator,366,< 25%,50942,Kirk Pearson,50942,,0
General_2016,Legislative,District 4,State Senator,214,< 25%,55715,Mike Padden,55715,,0
General_2016,Legislative,District 40,State Senator,207,< 25%,24027,Kevin Ranker,47108,Daniel R. Miller,23081
General_2016,Legislative,District 41,State Senator,1742,> 50%,2661,Lisa Wellman,37107,Steve Litzow,34446
General_2016,Legislative,District 49,State Senator,404,< 25%,13605,Annette Cleveland,34548,Lewis Gerhardt,20943
General_2016,Legislative,District 5,State Senator,781,> 50%,516,Mark Mullet,37342,Chad Magendanz,36826
General_2016,Legislative,District 9,State Senator,173,< 25%,41951,Mark G. Schoesler,41951,,0
General_2014,Legislative,District 13,State Senator,88,< 25%,25883,Judith (Judy) Warnick,30751,Mohammad Said,4868
General_2014,Legislative,District 15,State Senator,176,< 25%,10506,Jim Honeyford,16794,Gabriel Munoz,6288
General_2014,Legislative,District 21,State Senator,1733,> 50%,3356,Marko Liias,20227,Dan Matthews,16871
General_2014,Legislative,District 26,State Senator,181,< 25%,8663,Jan Angel,29077,Judy Arbogast,20414
General_2014,Legislative,District 28,State Senator,444,< 25%,3442,Steve O'Ban,20945,Tami Green,17503
General_2014,Legislative,District 29,State Senator,282,< 25%,3794,Steve Conway,13071,Terry Harder,9277
General_2014,Legislative,District 30,State Senator,1337,25-50%,3476,Mark Miloscia,17266,Shari Song,13790
General_2014,Legislative,District 31,State Senator,330,< 25%,2902,Pam Roach,21226,Cathy Dahlquist,18324
General_2014,Legislative,District 32,State Senator,1798,< 25%,17697,Maralyn Chase,29560,Robert Reedy,11863
General_2014,Legislative,District 33,State Senator,2955,25-50%,7482,Karen Keiser,18476,Martin Metz,10994
General_2014,Legislative,District 34,State Senator,1786,< 25%,34436,Sharon K. Nelson,34436,,0
General_2014,Legislative,District 35,State Senator,118,< 25%,3942,Tim Sheldon,24317,Irene Bowling,20375
General_2014,Legislative,District 36,State Senator,782,< 25%,38195,Jeanne Kohl-Welles,47025,Sarina Forbes,8830
General_2014,Legislative,District 37,State Senator,3304,< 25%,15284,Pramila Jayapal,26091,Louis Watanabe,10807
General_2014,Legislative,District 38,State Senator,824,< 25%,7454,John McCoy,19414,Craig French,11960
General_2014,Legislative,District 42,State Senator,293,< 25%,8965,Doug Ericksen,30209,Seth Fleetwood,21244
General_2014,Legislative,District 43,State Senator,999,< 25%,39507,Jamie Pedersen,39507,,0
General_2014,Legislative,District 44,State Senator,1381,25-50%,3483,Steve Hobbs,23560,Jim Kellett,20077
General_2014,Legislative,District 45,State Senator,2337,> 50%,2660,Andy Hill,25816,Matt Isenhower,23156
General_2014,Legislative,District 46,State Senator,1272,< 25%,30885,David Frockt,41318,Van Sperry,10433
General_2014,Legislative,District 47,State Senator,2333,25-50%,9302,Joe Fain,21730,Carol Barber,12428
General_2014,Legislative,District 48,State Senator,2066,< 25%,11387,Cyrus Habib,24833,Michelle Darnell,13446
General_2014,Legislative,District 6,State Senator,358,< 25%,7360,Michael Baumgartner,28309,Rich Cowan,20949
General_2014,Legislative,District 7,State Senator,51,< 25%,20090,Brian Dansel,32702,Tony Booth,12612
General_2014,Legislative,District 8,State Senator,476,< 25%,19903,Sharon Brown,30552,Doug McKinley,10649
General_2013,Legislative,District 26,State Senator,181,< 25%,1920,Jan Angel,24112,Nathan Schlicher,22192
General_2013,Legislative,District 7,State Senator,51,< 25%,2549,Brian Dansel,18873,John Smith,16324
General_2013,Legislative,District 8,State Senator,476,< 25%,15184,Sharon R. Brown,22672,Phillip R. Lemley,7488
General_2012,Legislative,District 1,State Senator,1518,< 25%,7384,Rosemary McAuliffe,37316,Dawn McCravey,29932
General_2012,Legislative,District 10,State Senator,135,< 25%,4032,Barbara Bailey,37810,Mary Margaret Haugen,33778
General_2012,Legislative,District 11,State Senator,2408,< 25%,19131,Bob Hasegawa,34301,Kristin Thompson,15170
General_2012,Legislative,District 12,State Senator,394,< 25%,44318,Linda Evans Parlette,44318,,0
General_2012,Legislative,District 14,State Senator,59,< 25%,40394,Curtis King,40394,,0
General_2012,Legislative,District 16,State Senator,175,< 25%,18520,Mike Hewitt,32717,Scott Nettles,14197
General_2012,Legislative,District 17,State Senator,506,> 50%,78,Don Benton,27538,Tim Probst,27460
General_2012,Legislative,District 18,State Senator,325,< 25%,22594,Ann Rivers,42924,Ralph Schmidt,20330
General_2012,Legislative,District 19,State Senator,77,< 25%,13534,Brian Hatfield,34590,Rick Winsman,21056
General_2012,Legislative,District 2,State Senator,229,< 25%,7660,Randi Becker,31946,Bruce L. Lachney,24286
General_2012,Legislative,District 20,State Senator,104,< 25%,5868,John E. Braun,29943,Dan Swecker,24075
General_2012,Legislative,District 22,State Senator,427,< 25%,50389,Karen Fraser,50389,,0
General_2012,Legislative,District 23,State Senator,134,< 25%,20070,Christine Rolfes,43305,Bret A. Treadwell,23235
General_2012,Legislative,District 24,State Senator,68,< 25%,20962,Jim Hargrove,44417,Larry Carter,23455
General_2012,Legislative,District 25,State Senator,360,< 25%,13198,Bruce Dammeier,34715,Eric Herde,21517
General_2012,Legislative,District 27,State Senator,464,< 25%,7871,Jeannie Darneille,30939,John R. (Jack) Connelly,23068
General_2012,Legislative,District 28,State Senator,444,< 25%,9250,Mike Carrell,32146,Yoshie Wong,22896
General_2012,Legislative,District 3,State Senator,336,< 25%,8033,Andy Billig,29609,Nancy McLaughlin,21576
General_2012,Legislative,District 39,State Senator,366,< 25%,8846,Kirk Pearson,33449,Scott Olson,24603
General_2012,Legislative,District 4,State Senator,214,< 25%,49593,Mike Padden,49593,,0
General_2012,Legislative,District 40,State Senator,207,< 25%,16718,Kevin Ranker,40677,John Swapp,23959
General_2012,Legislative,District 41,State Senator,1742,25-50%,5580,Steve Litzow,37314,Maureen Judge,31734
General_2012,Legislative,District 46,State Senator,1272,< 25%,56124,David Frockt,56124,,0
General_2012,Legislative,District 49,State Senator,404,< 25%,8756,Annette Cleveland,30390,Eileen Qutub,21634
General_2012,Legislative,District 5,State Senator,781,< 25%,5982,Mark Mullet,36765,Brad Toft,30783
General_2012,Legislative,District 9,State Senator,173,< 25%,39390,Mark G. Schoesler,39390,,0